date,transaction_type,investor_type,value
1992-01-01,net,Foreign Companies,7127694.0
1992-02-01,net,Foreign Companies,121775311.0
1992-03-01,net,Foreign Companies,92504173.0
1992-04-01,net,Foreign Companies,19265202.0
1992-05-01,net,Foreign Companies,-108487964.0
1992-06-01,net,Foreign Companies,-10478799.0
1992-07-01,net,Foreign Companies,120084538.0
1992-08-01,net,Foreign Companies,73109681.0
1992-09-01,net,Foreign Companies,34312414.0
1992-10-01,net,Foreign Companies,118330616.0
1992-11-01,net,Foreign Companies,60150565.0
1992-12-01,net,Foreign Companies,52934906.0
1993-01-01,net,Foreign Companies,88243280.0
1993-02-01,net,Foreign Companies,68436470.0
1993-03-01,net,Foreign Companies,167003899.0
1993-04-01,net,Foreign Companies,159548279.0
1993-05-01,net,Foreign Companies,755936357.0
1993-06-01,net,Foreign Companies,274627640.0
1993-07-01,net,Foreign Companies,406403149.0
1993-08-01,net,Foreign Companies,-174308542.0
1993-09-01,net,Foreign Companies,575093020.0
1993-10-01,net,Foreign Companies,441001207.0
1993-11-01,net,Foreign Companies,808712253.0
1993-12-01,net,Foreign Companies,397516531.0
1994-01-01,net,Foreign Companies,1372226151.0
1994-02-01,net,Foreign Companies,430002380.0
1994-03-01,net,Foreign Companies,-546604797.0
1994-04-01,net,Foreign Companies,-96753783.0
1994-05-01,net,Foreign Companies,107799550.0
1994-06-01,net,Foreign Companies,392757915.0
1994-07-01,net,Foreign Companies,145893883.0
1994-08-01,net,Foreign Companies,204315768.0
1994-09-01,net,Foreign Companies,163199737.0
1994-10-01,net,Foreign Companies,-106985288.0
1994-11-01,net,Foreign Companies,-310013526.0
1994-12-01,net,Foreign Companies,-336898820.0
1995-01-01,net,Foreign Companies,-239995285.0
1995-02-01,net,Foreign Companies,-152018008.0
1995-03-01,net,Foreign Companies,-207146529.0
1995-04-01,net,Foreign Companies,-34811388.0
1995-05-01,net,Foreign Companies,-79765230.0
1995-06-01,net,Foreign Companies,186438367.0
1995-07-01,net,Foreign Companies,238569650.0
1995-08-01,net,Foreign Companies,11960615.0
1995-09-01,net,Foreign Companies,168622715.0
1995-10-01,net,Foreign Companies,72870425.0
1995-11-01,net,Foreign Companies,60758808.0
1995-12-01,net,Foreign Companies,-137753488.0
1996-01-01,net,Foreign Companies,62426324.0
1996-02-01,net,Foreign Companies,433792270.0
1996-03-01,net,Foreign Companies,74585673.0
1996-04-01,net,Foreign Companies,-84414685.0
1996-05-01,net,Foreign Companies,-12023251.0
1996-06-01,net,Foreign Companies,12859475.0
1996-07-01,net,Foreign Companies,25554972.0
1996-08-01,net,Foreign Companies,-27121422.0
1996-09-01,net,Foreign Companies,14664400.0
1996-10-01,net,Foreign Companies,-150005463.0
1996-11-01,net,Foreign Companies,40795034.0
1996-12-01,net,Foreign Companies,-38599614.0
1997-01-01,net,Foreign Companies,-18762974.0
1997-02-01,net,Foreign Companies,74283792.0
1997-03-01,net,Foreign Companies,20932521.0
1997-04-01,net,Foreign Companies,124225450.0
1997-05-01,net,Foreign Companies,451478546.0
1997-06-01,net,Foreign Companies,754539919.0
1997-07-01,net,Foreign Companies,77272383.0
1997-08-01,net,Foreign Companies,-111557508.0
1997-09-01,net,Foreign Companies,-136882415.0
1997-10-01,net,Foreign Companies,-149067499.0
1997-11-01,net,Foreign Companies,-240132310.0
1997-12-01,net,Foreign Companies,-247405972.0
1998-01-01,net,Foreign Companies,-91624601.0
1998-02-01,net,Foreign Companies,-112981805.0
1998-03-01,net,Foreign Companies,63878480.0
1998-04-01,net,Foreign Companies,-37764746.0
1998-05-01,net,Foreign Companies,-423885235.0
1998-06-01,net,Foreign Companies,-577681519.0
1998-07-01,net,Foreign Companies,22229190.0
1998-08-01,net,Foreign Companies,-163473712.0
1998-09-01,net,Foreign Companies,-197347228.0
1998-10-01,net,Foreign Companies,-65542602.0
1998-11-01,net,Foreign Companies,158094066.0
1998-12-01,net,Foreign Companies,-82404647.0
1999-01-01,net,Foreign Companies,-307401938.0
1999-02-01,net,Foreign Companies,-126090745.0
1999-03-01,net,Foreign Companies,-231350595.0
1999-04-01,net,Foreign Companies,-126594004.0
1999-05-01,net,Foreign Companies,-51355263.0
1999-06-01,net,Foreign Companies,-186665660.0
1999-07-01,net,Foreign Companies,161516349.0
1999-08-01,net,Foreign Companies,282762961.0
1999-09-01,net,Foreign Companies,-315001054.0
1999-10-01,net,Foreign Companies,-261258544.0
1999-11-01,net,Foreign Companies,57406080.0
1999-12-01,net,Foreign Companies,-272341460.0
2000-01-01,net,Foreign Companies,-180652148.0
2000-02-01,net,Foreign Companies,-494105161.0
2000-03-01,net,Foreign Companies,-618545114.0
2000-04-01,net,Foreign Companies,-156768175.0
2000-05-01,net,Foreign Companies,-240053935.0
2000-06-01,net,Foreign Companies,-608262127.0
2000-07-01,net,Foreign Companies,-698923138.0
2000-08-01,net,Foreign Companies,14591416.0
2000-09-01,net,Foreign Companies,-29074360.0
2000-10-01,net,Foreign Companies,-134073786.0
2000-11-01,net,Foreign Companies,-118125312.0
2000-12-01,net,Foreign Companies,-122802369.0
2001-01-01,net,Foreign Companies,263961804.0
2001-02-01,net,Foreign Companies,59122269.0
2001-03-01,net,Foreign Companies,-67682441.0
2001-04-01,net,Foreign Companies,-186465334.0
2001-05-01,net,Foreign Companies,-276994450.0
2001-06-01,net,Foreign Companies,-129954350.0
2001-07-01,net,Foreign Companies,84873291.0
2001-08-01,net,Foreign Companies,-199683887.0
2001-09-01,net,Foreign Companies,-69379249.0
2001-10-01,net,Foreign Companies,124044331.0
2001-11-01,net,Foreign Companies,-176556738.0
2001-12-01,net,Foreign Companies,-413437572.0
2002-01-01,net,Foreign Companies,-450338126.25
2002-02-01,net,Foreign Companies,-279180805.0
2002-03-01,net,Foreign Companies,-207270018.0
2002-04-01,net,Foreign Companies,252376544.0
2002-05-01,net,Foreign Companies,720565110.0
2002-06-01,net,Foreign Companies,691778155.0
2002-07-01,net,Foreign Companies,-86542398.0
2002-08-01,net,Foreign Companies,-473895253.0
2002-09-01,net,Foreign Companies,304423611.0
2002-10-01,net,Foreign Companies,36976805.0
2002-11-01,net,Foreign Companies,-315019605.0
2002-12-01,net,Foreign Companies,-53763171.0
2003-01-03,net,Foreign Companies,-36398890.0
2003-02-03,net,Foreign Companies,148097559.0
2003-03-03,net,Foreign Companies,57127588.0
2003-04-03,net,Foreign Companies,58242682.0
2003-05-03,net,Foreign Companies,656025451.0
2003-06-03,net,Foreign Companies,70726879.0
2003-07-03,net,Foreign Companies,347384862.0
2003-08-03,net,Foreign Companies,469999121.0
2003-09-03,net,Foreign Companies,-2938858761.0
2003-10-03,net,Foreign Companies,411469810.0
2003-11-03,net,Foreign Companies,459772435.0
2003-12-03,net,Foreign Companies,714142235.0
2004-01-03,net,Foreign Companies,286402734.0
2004-02-03,net,Foreign Companies,473482254.0
2004-03-03,net,Foreign Companies,-29351952.0
2004-04-03,net,Foreign Companies,-325140978.0
2004-05-03,net,Foreign Companies,-144441595.0
2004-06-03,net,Foreign Companies,440022879.0
2004-07-03,net,Foreign Companies,-374497944.0
2004-08-03,net,Foreign Companies,105187184.0
2004-09-03,net,Foreign Companies,71299038.0
2004-10-03,net,Foreign Companies,9865682.0
2004-11-03,net,Foreign Companies,384365127.0
2004-12-03,net,Foreign Companies,-180012524.0
2005-01-03,net,Foreign Companies,-378921389.0
2005-02-03,net,Foreign Companies,222222957.0
2005-03-03,net,Foreign Companies,598517213.0
2005-04-03,net,Foreign Companies,-694221894.0
2005-05-03,net,Foreign Companies,269999509.0
2005-06-03,net,Foreign Companies,545476759.0
2005-07-03,net,Foreign Companies,1422918763.0
2005-08-03,net,Foreign Companies,1352687232.25
2005-09-03,net,Foreign Companies,1411294171.0
2005-10-03,net,Foreign Companies,862766384.0
2005-11-03,net,Foreign Companies,-933985875.0
2005-12-03,net,Foreign Companies,-26213278.0
2006-01-03,net,Foreign Companies,-767619215.0
2006-02-03,net,Foreign Companies,-637246999.0
2006-03-03,net,Foreign Companies,990529562.0
2006-04-03,net,Foreign Companies,646250868.0
2006-05-03,net,Foreign Companies,431069373.0
2006-06-03,net,Foreign Companies,-453089275.0
2006-07-03,net,Foreign Companies,308584938.25
2006-08-03,net,Foreign Companies,-290710194.5
2006-09-03,net,Foreign Companies,-975615369.0
2006-10-03,net,Foreign Companies,652874450.0
2006-11-03,net,Foreign Companies,4598987601.5
2006-12-03,net,Foreign Companies,-1016464392.0
2007-01-03,net,Foreign Companies,-690149784.0
2007-02-03,net,Foreign Companies,658068574.0
2007-03-03,net,Foreign Companies,-244866177.0
2007-04-03,net,Foreign Companies,91925755.0
2007-05-03,net,Foreign Companies,1773771518.5
2007-06-03,net,Foreign Companies,1847978915.0
2007-07-03,net,Foreign Companies,551218492.25
2007-08-03,net,Foreign Companies,2579460997.0
2007-09-03,net,Foreign Companies,516519523.0
2007-10-03,net,Foreign Companies,2150965225.0
2007-11-03,net,Foreign Companies,1709509125.0
2007-12-03,net,Foreign Companies,2758384489.0
2008-01-03,net,Foreign Companies,708760675.0
2008-02-03,net,Foreign Companies,1248605285.0
2008-03-03,net,Foreign Companies,-934093473.0
2008-04-03,net,Foreign Companies,6006159377.0
2008-05-03,net,Foreign Companies,388838399.0
2008-06-03,net,Foreign Companies,-18827764.0
2008-07-03,net,Foreign Companies,7751075890.0
2008-08-03,net,Foreign Companies,864330661.0
2008-09-03,net,Foreign Companies,1148553640.0
2008-10-03,net,Foreign Companies,-305032412.0
2008-11-03,net,Foreign Companies,-884649070.0
2008-12-03,net,Foreign Companies,270618922.0
2009-01-03,net,Foreign Companies,-83222798.75
2009-02-03,net,Foreign Companies,64105497.5
2009-03-03,net,Foreign Companies,2021005415.25
2009-04-03,net,Foreign Companies,-443113536.0
2009-05-03,net,Foreign Companies,-1605551419.0
2009-06-03,net,Foreign Companies,78265297.0
2009-07-03,net,Foreign Companies,441012951.0
2009-08-03,net,Foreign Companies,-70852458.0
2009-09-03,net,Foreign Companies,1436228595.0
2009-10-03,net,Foreign Companies,1718436734.0
2009-11-03,net,Foreign Companies,-2233932956.0
2009-12-03,net,Foreign Companies,927224215.0
2010-01-03,net,Foreign Companies,1248153179.25
2010-02-03,net,Foreign Companies,-1167148234.5
2010-03-03,net,Foreign Companies,-5611921778.15
2010-04-03,net,Foreign Companies,-3387939270.0
2010-05-03,net,Foreign Companies,-712654152.0
2010-06-03,net,Foreign Companies,-4866852453.0
2010-07-03,net,Foreign Companies,4186499204.0
2010-08-03,net,Foreign Companies,2084504873.0
2010-09-03,net,Foreign Companies,-2890843996.0
2010-10-03,net,Foreign Companies,-10809715787.0
2010-11-03,net,Foreign Companies,-347428390.0
2010-12-03,net,Foreign Companies,-231466734.5
2011-01-03,net,Foreign Companies,-2816419194.0
2011-02-03,net,Foreign Companies,-3456882510.0
2011-03-03,net,Foreign Companies,207049526.0
2011-04-03,net,Foreign Companies,-1322365202.0
2011-05-03,net,Foreign Companies,2448739445.0
2011-06-03,net,Foreign Companies,-903421602.0
2011-07-03,net,Foreign Companies,-719033241.0
2011-08-03,net,Foreign Companies,-1954027129.0
2011-09-03,net,Foreign Companies,-6044195296.0
2011-10-03,net,Foreign Companies,1227543313.0
2011-11-03,net,Foreign Companies,-394678276.0
2011-12-03,net,Foreign Companies,-1499501001.0
2012-01-03,net,Foreign Companies,322283642.0
2012-02-03,net,Foreign Companies,1885992127.0
2012-03-03,net,Foreign Companies,18045465268.0
2012-04-03,net,Foreign Companies,853524837.0
2012-05-03,net,Foreign Companies,1117720939.0
2012-06-03,net,Foreign Companies,635211457.0
2012-07-03,net,Foreign Companies,2456531441.0
2012-08-03,net,Foreign Companies,2801181709.0
2012-09-03,net,Foreign Companies,3330063745.0
2012-10-03,net,Foreign Companies,2405597773.0
2012-11-03,net,Foreign Companies,1378803885.0
2012-12-03,net,Foreign Companies,3203971477.0
2013-01-03,net,Foreign Companies,-1215724839.0
2013-02-03,net,Foreign Companies,1224053136.0
2013-03-03,net,Foreign Companies,5143092935.0
2013-04-03,net,Foreign Companies,3861514063.0
2013-05-03,net,Foreign Companies,4680282576.0
2013-06-03,net,Foreign Companies,1035730615.0
2013-07-03,net,Foreign Companies,815145927.0
2013-08-03,net,Foreign Companies,1962556396.0
2013-09-03,net,Foreign Companies,1339406978.0
2013-10-03,net,Foreign Companies,2985628756.0
2013-11-03,net,Foreign Companies,-676379488.0
2013-12-03,net,Foreign Companies,161396281.0
2014-01-03,net,Foreign Companies,975986528.0
2014-02-03,net,Foreign Companies,-4801953043.0
2014-03-03,net,Foreign Companies,-2648767650.0
2014-04-03,net,Foreign Companies,-346093251.0
2014-05-03,net,Foreign Companies,9555209997.0
2014-06-03,net,Foreign Companies,3948204988.0
2014-07-03,net,Foreign Companies,6521043414.0
2014-08-03,net,Foreign Companies,-2851253483.0
2014-09-03,net,Foreign Companies,-678338978.0
2014-10-03,net,Foreign Companies,7986923806.0
2014-11-03,net,Foreign Companies,5681574647.0
2014-12-03,net,Foreign Companies,1693885317.0
2015-01-03,net,Foreign Companies,188781387.0
2015-02-03,net,Foreign Companies,1474677028.0
2015-03-03,net,Foreign Companies,1308862464.0
2015-04-03,net,Foreign Companies,1459670743.0
2015-05-03,net,Foreign Companies,360334354.0
2015-06-03,net,Foreign Companies,-2877911332.0
2015-07-03,net,Foreign Companies,-840546004.0
2015-08-03,net,Foreign Companies,-4287606035.0
2015-09-03,net,Foreign Companies,-76645606.0
2015-10-03,net,Foreign Companies,-604819422.0
2015-11-03,net,Foreign Companies,-72468475.0
2015-12-03,net,Foreign Companies,-839719028.0
2016-01-03,net,Foreign Companies,-2879544694.0
2016-02-03,net,Foreign Companies,1255287063.0
2016-03-03,net,Foreign Companies,-486153635.0
2016-04-03,net,Foreign Companies,-948674779.0
2016-05-03,net,Foreign Companies,-2640446895.0
2016-06-03,net,Foreign Companies,-559981681.0
2016-07-03,net,Foreign Companies,1478524719.0
2016-08-03,net,Foreign Companies,731220232.0
2016-09-03,net,Foreign Companies,797916492.0
2016-10-03,net,Foreign Companies,1211416140.0
2016-11-03,net,Foreign Companies,96420550.0
2016-12-03,net,Foreign Companies,2549259550.0
2017-01-03,net,Foreign Companies,-1915142338.0
2017-02-03,net,Foreign Companies,1681272898.0
2017-03-03,net,Foreign Companies,5118876945.0
2017-04-03,net,Foreign Companies,11513300903.0
2017-05-03,net,Foreign Companies,2903666872.0
2017-06-03,net,Foreign Companies,2724562324.0
2017-07-03,net,Foreign Companies,4133052509.0
2017-08-03,net,Foreign Companies,1666816018.0
2017-09-03,net,Foreign Companies,-9568622519.0
2017-10-03,net,Foreign Companies,1967494495.0
2017-11-03,net,Foreign Companies,569186644.0
2017-12-03,net,Foreign Companies,-179967266.0
2018-01-03,net,Foreign Companies,4015406203.0
2018-02-03,net,Foreign Companies,1901579377.0
2018-03-03,net,Foreign Companies,-11505149026.0
2018-04-03,net,Foreign Companies,1278187649.0
2018-05-03,net,Foreign Companies,-1685621750.0
2018-06-03,net,Foreign Companies,-97090601.0
2018-07-03,net,Foreign Companies,-1540802487.0
2018-08-03,net,Foreign Companies,-1760193451.0
2018-09-03,net,Foreign Companies,-1896947300.0
2018-10-03,net,Foreign Companies,-7167687459.0
2018-11-03,net,Foreign Companies,-5448238683.0
2018-12-03,net,Foreign Companies,-5205807316.0
2019-01-03,net,Foreign Companies,-2321186990.0
2019-02-03,net,Foreign Companies,-2776892675.0
2019-03-03,net,Foreign Companies,-2015265704.0
2019-04-03,net,Foreign Companies,1701196396.0
2019-05-03,net,Foreign Companies,-1212909489.0
2019-06-03,net,Foreign Companies,-666721997.0
2019-07-03,net,Foreign Companies,7011279978.0
2019-08-03,net,Foreign Companies,-2182636963.0
2019-09-03,net,Foreign Companies,-1238090666.0
2019-10-03,net,Foreign Companies,-1697502324.0
2019-11-03,net,Foreign Companies,-6490818554.0
2019-12-03,net,Foreign Companies,-958655647.0
2020-01-03,net,Foreign Companies,-3012707183.0
2020-02-03,net,Foreign Companies,-1131313612.0
2020-03-03,net,Foreign Companies,-1392760760.0
2020-05-03,net,Foreign Companies,-6963686725.0
2020-06-03,net,Foreign Companies,-8505880811.0
2020-07-03,net,Foreign Companies,-3602611810.0
2020-08-03,net,Foreign Companies,-7981194493.0
2020-09-03,net,Foreign Companies,-7702394941.0
2020-10-03,net,Foreign Companies,-5310552094.0
2020-11-03,net,Foreign Companies,-2563312486.0
2020-12-03,net,Foreign Companies,-2985275875.0
2021-01-03,net,Foreign Companies,-7914675341.0
2021-02-03,net,Foreign Companies,-4893352183.0
2021-03-03,net,Foreign Companies,-4045680249.0
2021-04-03,net,Foreign Companies,-3712073105.0
2021-05-03,net,Foreign Companies,-3790402154.0
2021-06-03,net,Foreign Companies,-1103784949.0
2021-07-03,net,Foreign Companies,-8086237786.0
2021-08-03,net,Foreign Companies,-3612704546.0
2021-09-03,net,Foreign Companies,-6624365558.0
2021-10-03,net,Foreign Companies,-1144366934.0
2021-11-03,net,Foreign Companies,-3295330169.0
2021-12-03,net,Foreign Companies,-913029253.0
2022-01-03,net,Foreign Companies,-1849742623.0
2022-02-03,net,Foreign Companies,-428279813.0
2022-03-03,net,Foreign Companies,1143387750.0
2022-04-03,net,Foreign Companies,147652378.0
2022-05-03,net,Foreign Companies,-465555163.0
2022-06-03,net,Foreign Companies,-516014237.0
2022-07-03,net,Foreign Companies,263164891.0
2022-08-03,net,Foreign Companies,57277997.0
2022-09-03,net,Foreign Companies,15019093477.0
2022-10-03,net,Foreign Companies,2210325255.0
2022-11-03,net,Foreign Companies,-270700398.0
2022-12-03,net,Foreign Companies,12843646674.0
2023-01-03,net,Foreign Companies,449441350.0
2023-02-03,net,Foreign Companies,3137849115.0
2023-03-03,net,Foreign Companies,-3521035823.0
2023-04-03,net,Foreign Companies,793893215.0
2023-05-03,net,Foreign Companies,-353977724.0
2023-06-03,net,Foreign Companies,-559031083.0
2023-07-03,net,Foreign Companies,2234065475.0
2023-08-03,net,Foreign Companies,529108555.0
2023-09-03,net,Foreign Companies,-1323061730.0
2023-10-03,net,Foreign Companies,610564853.0
2023-11-03,net,Foreign Companies,630567586.0
2023-12-03,net,Foreign Companies,-626920133.0
2024-01-03,net,Foreign Companies,-2238220267.0
2024-02-03,net,Foreign Companies,-1622971341.0
2024-03-03,net,Foreign Companies,-4310252284.0
2024-04-03,net,Foreign Companies,1232614490.0
2024-05-03,net,Foreign Companies,-326116816.0
2024-06-03,net,Foreign Companies,-1085276582.0
2024-07-03,net,Foreign Companies,3111413716.0
2024-08-03,net,Foreign Companies,91361595.0
2024-09-03,net,Foreign Companies,-418239001.0
2024-10-03,net,Foreign Companies,-284285375.0
2024-11-03,net,Foreign Companies,-2670127415.0
2024-12-03,net,Foreign Companies,-308609529.0
2025-01-03,net,Foreign Companies,-7089026978.0
2025-02-03,net,Foreign Companies,-2162192493.0
2025-03-03,net,Foreign Companies,-988000317.0
2025-04-03,net,Foreign Companies,899794432.0
2025-05-03,net,Foreign Companies,589054632.0
2025-06-03,net,Foreign Companies,-1666097685.0
2025-07-03,net,Foreign Companies,-5647192130.0
2025-08-03,net,Foreign Companies,-4720608338.0
2025-09-03,net,Foreign Companies,-2238861998.0
2025-10-03,net,Foreign Companies,-5923804923.0
2025-11-03,net,Foreign Companies,-3503113924.0
2025-12-03,net,Foreign Companies,-1994823492.0
1992-01-01,net,Foreign Individuals,-1444638.0
1992-02-01,net,Foreign Individuals,-190340.0
1992-03-01,net,Foreign Individuals,3899706.0
1992-04-01,net,Foreign Individuals,-7846642.0
1992-05-01,net,Foreign Individuals,7710865.0
1992-06-01,net,Foreign Individuals,3218733.0
1992-07-01,net,Foreign Individuals,708335.0
1992-08-01,net,Foreign Individuals,-52716143.0
1992-09-01,net,Foreign Individuals,-12355590.0
1992-10-01,net,Foreign Individuals,-26794059.0
1992-11-01,net,Foreign Individuals,2458360.0
1992-12-01,net,Foreign Individuals,-7360881.0
1993-01-01,net,Foreign Individuals,12964865.0
1993-02-01,net,Foreign Individuals,7158617.0
1993-03-01,net,Foreign Individuals,-17267482.0
1993-04-01,net,Foreign Individuals,-7910968.0
1993-05-01,net,Foreign Individuals,1380522.0
1993-06-01,net,Foreign Individuals,3532781.0
1993-07-01,net,Foreign Individuals,-12035550.0
1993-08-01,net,Foreign Individuals,-19278254.0
1993-09-01,net,Foreign Individuals,10798424.0
1993-10-01,net,Foreign Individuals,4014724.0
1993-11-01,net,Foreign Individuals,-23073689.0
1993-12-01,net,Foreign Individuals,-21425953.0
1994-01-01,net,Foreign Individuals,-84679228.0
1994-02-01,net,Foreign Individuals,-56022610.0
1994-03-01,net,Foreign Individuals,39917363.0
1994-04-01,net,Foreign Individuals,-28703345.0
1994-05-01,net,Foreign Individuals,-11178939.0
1994-06-01,net,Foreign Individuals,1508988.0
1994-07-01,net,Foreign Individuals,4189643.0
1994-08-01,net,Foreign Individuals,100283.0
1994-09-01,net,Foreign Individuals,16541436.0
1994-10-01,net,Foreign Individuals,16851655.0
1994-11-01,net,Foreign Individuals,11107386.0
1994-12-01,net,Foreign Individuals,5749326.0
1995-01-01,net,Foreign Individuals,11941340.0
1995-02-01,net,Foreign Individuals,6670165.0
1995-03-01,net,Foreign Individuals,5512900.0
1995-04-01,net,Foreign Individuals,-5502770.0
1995-05-01,net,Foreign Individuals,177579.0
1995-06-01,net,Foreign Individuals,-3049849.0
1995-07-01,net,Foreign Individuals,-10619957.0
1995-08-01,net,Foreign Individuals,8671680.0
1995-09-01,net,Foreign Individuals,-10097096.0
1995-10-01,net,Foreign Individuals,1525810.0
1995-11-01,net,Foreign Individuals,-1269288.0
1995-12-01,net,Foreign Individuals,18538037.0
1996-01-01,net,Foreign Individuals,2719903.0
1996-02-01,net,Foreign Individuals,5422205.0
1996-03-01,net,Foreign Individuals,-1306847.0
1996-04-01,net,Foreign Individuals,3401548.0
1996-05-01,net,Foreign Individuals,3348198.0
1996-06-01,net,Foreign Individuals,2194920.0
1996-07-01,net,Foreign Individuals,2322149.0
1996-08-01,net,Foreign Individuals,2046897.0
1996-09-01,net,Foreign Individuals,-12575280.0
1996-10-01,net,Foreign Individuals,1513921.0
1996-11-01,net,Foreign Individuals,-25561007.0
1996-12-01,net,Foreign Individuals,15540808.0
1997-01-01,net,Foreign Individuals,4353295.0
1997-02-01,net,Foreign Individuals,-22583800.0
1997-03-01,net,Foreign Individuals,4671151.0
1997-04-01,net,Foreign Individuals,142123076.0
1997-05-01,net,Foreign Individuals,-277131.0
1997-06-01,net,Foreign Individuals,-9143767.0
1997-07-01,net,Foreign Individuals,8840715.0
1997-08-01,net,Foreign Individuals,-25804586.0
1997-09-01,net,Foreign Individuals,-26201445.0
1997-10-01,net,Foreign Individuals,42327888.0
1997-11-01,net,Foreign Individuals,-358001.0
1997-12-01,net,Foreign Individuals,-1168444.0
1998-01-01,net,Foreign Individuals,-55429956.0
1998-02-01,net,Foreign Individuals,15275183.0
1998-03-01,net,Foreign Individuals,-166622.0
1998-04-01,net,Foreign Individuals,-14608291.0
1998-05-01,net,Foreign Individuals,147027.0
1998-06-01,net,Foreign Individuals,10143953.0
1998-07-01,net,Foreign Individuals,2431147.0
1998-08-01,net,Foreign Individuals,-848518.0
1998-09-01,net,Foreign Individuals,-2588678.0
1998-10-01,net,Foreign Individuals,705134.0
1998-11-01,net,Foreign Individuals,-5885347.0
1998-12-01,net,Foreign Individuals,-708135.0
1999-01-01,net,Foreign Individuals,-19743.0
1999-02-01,net,Foreign Individuals,5028432.0
1999-03-01,net,Foreign Individuals,167230.0
1999-04-01,net,Foreign Individuals,1357533.0
1999-05-01,net,Foreign Individuals,23092297.0
1999-06-01,net,Foreign Individuals,18204859.0
1999-07-01,net,Foreign Individuals,387273224.0
1999-08-01,net,Foreign Individuals,-5025709.0
1999-09-01,net,Foreign Individuals,-7699763.0
1999-10-01,net,Foreign Individuals,2654873.0
1999-11-01,net,Foreign Individuals,-1321774.0
1999-12-01,net,Foreign Individuals,3588893.0
2000-01-01,net,Foreign Individuals,-10708587.0
2000-02-01,net,Foreign Individuals,2906558.0
2000-03-01,net,Foreign Individuals,7067570.0
2000-04-01,net,Foreign Individuals,5449014.0
2000-05-01,net,Foreign Individuals,-5085428.0
2000-06-01,net,Foreign Individuals,-3562710.0
2000-07-01,net,Foreign Individuals,16958074.0
2000-08-01,net,Foreign Individuals,1594746.0
2000-09-01,net,Foreign Individuals,-5817507.0
2000-10-01,net,Foreign Individuals,823684.0
2000-11-01,net,Foreign Individuals,14052387.0
2000-12-01,net,Foreign Individuals,1449087.0
2001-01-01,net,Foreign Individuals,-40788135.0
2001-02-01,net,Foreign Individuals,-1025100.0
2001-03-01,net,Foreign Individuals,4539020.0
2001-04-01,net,Foreign Individuals,-39203.0
2001-05-01,net,Foreign Individuals,2833710.0
2001-06-01,net,Foreign Individuals,3495841.0
2001-07-01,net,Foreign Individuals,11925488.0
2001-08-01,net,Foreign Individuals,1963678.0
2001-09-01,net,Foreign Individuals,935405.0
2001-10-01,net,Foreign Individuals,-46641688.0
2001-11-01,net,Foreign Individuals,34304569.0
2001-12-01,net,Foreign Individuals,-8182783.0
2002-01-01,net,Foreign Individuals,126120446.5
2002-02-01,net,Foreign Individuals,86693705.0
2002-03-01,net,Foreign Individuals,785103886.0
2002-04-01,net,Foreign Individuals,51566493.0
2002-05-01,net,Foreign Individuals,44593327.0
2002-06-01,net,Foreign Individuals,-17614336.0
2002-07-01,net,Foreign Individuals,88788508.0
2002-08-01,net,Foreign Individuals,1100813256.0
2002-09-01,net,Foreign Individuals,-28180493.0
2002-10-01,net,Foreign Individuals,35596647.0
2002-11-01,net,Foreign Individuals,28132187.0
2002-12-01,net,Foreign Individuals,676252.0
2003-01-03,net,Foreign Individuals,276630333.0
2003-02-03,net,Foreign Individuals,2404264.0
2003-03-03,net,Foreign Individuals,3548712.0
2003-04-03,net,Foreign Individuals,-14073174.0
2003-05-03,net,Foreign Individuals,797158230.0
2003-06-03,net,Foreign Individuals,11023171.0
2003-07-03,net,Foreign Individuals,61066264.0
2003-08-03,net,Foreign Individuals,44964081.0
2003-09-03,net,Foreign Individuals,-1635130314.0
2003-10-03,net,Foreign Individuals,-50293022.0
2003-11-03,net,Foreign Individuals,216359786.0
2003-12-03,net,Foreign Individuals,78033731.0
2004-01-03,net,Foreign Individuals,-49688019.0
2004-02-03,net,Foreign Individuals,73488446.0
2004-03-03,net,Foreign Individuals,58991125.0
2004-04-03,net,Foreign Individuals,-22362957.0
2004-05-03,net,Foreign Individuals,21064578.0
2004-06-03,net,Foreign Individuals,-235656824.0
2004-07-03,net,Foreign Individuals,194713322.0
2004-08-03,net,Foreign Individuals,10096830.0
2004-09-03,net,Foreign Individuals,186628202.0
2004-10-03,net,Foreign Individuals,-74536079.0
2004-11-03,net,Foreign Individuals,-105290930.0
2004-12-03,net,Foreign Individuals,335662149.0
2005-01-03,net,Foreign Individuals,733702.0
2005-02-03,net,Foreign Individuals,-251636651.0
2005-03-03,net,Foreign Individuals,-157713558.0
2005-04-03,net,Foreign Individuals,20890005.0
2005-05-03,net,Foreign Individuals,-65553278.0
2005-06-03,net,Foreign Individuals,-70365947.0
2005-07-03,net,Foreign Individuals,122309862.0
2005-08-03,net,Foreign Individuals,-94060066.0
2005-09-03,net,Foreign Individuals,583092147.0
2005-10-03,net,Foreign Individuals,-504989207.0
2005-11-03,net,Foreign Individuals,1363490096.0
2005-12-03,net,Foreign Individuals,344365232.0
2006-01-03,net,Foreign Individuals,698004000.0
2006-02-03,net,Foreign Individuals,70132645.0
2006-03-03,net,Foreign Individuals,402350982.0
2006-04-03,net,Foreign Individuals,273877935.0
2006-05-03,net,Foreign Individuals,550464935.0
2006-06-03,net,Foreign Individuals,179442015.0
2006-07-03,net,Foreign Individuals,112761208.0
2006-08-03,net,Foreign Individuals,96760418.5
2006-09-03,net,Foreign Individuals,-93919516.5
2006-10-03,net,Foreign Individuals,23547796.75
2006-11-03,net,Foreign Individuals,-1022001835.8499999
2006-12-03,net,Foreign Individuals,598355029.5
2007-01-03,net,Foreign Individuals,-160033801.0
2007-02-03,net,Foreign Individuals,-1643381953.0
2007-03-03,net,Foreign Individuals,419459576.5
2007-04-03,net,Foreign Individuals,-11867152.050000012
2007-05-03,net,Foreign Individuals,109036316.0
2007-06-03,net,Foreign Individuals,-628871082.25
2007-07-03,net,Foreign Individuals,193542338.5
2007-08-03,net,Foreign Individuals,138990564.0
2007-09-03,net,Foreign Individuals,-627587295.0
2007-10-03,net,Foreign Individuals,-99910238.0
2007-11-03,net,Foreign Individuals,19650829.0
2007-12-03,net,Foreign Individuals,-157522846.0
2008-01-03,net,Foreign Individuals,11254877.0
2008-02-03,net,Foreign Individuals,-209425861.0
2008-03-03,net,Foreign Individuals,1555638600.0
2008-04-03,net,Foreign Individuals,-3859306687.0
2008-05-03,net,Foreign Individuals,-125822451.0
2008-06-03,net,Foreign Individuals,-41558799.0
2008-07-03,net,Foreign Individuals,-56942339.0
2008-08-03,net,Foreign Individuals,87915115.0
2008-09-03,net,Foreign Individuals,-4934307.0
2008-10-03,net,Foreign Individuals,-98664441.0
2008-11-03,net,Foreign Individuals,452700045.0
2008-12-03,net,Foreign Individuals,-4690082.0
2009-01-03,net,Foreign Individuals,-11607137.75
2009-02-03,net,Foreign Individuals,25140871.0
2009-03-03,net,Foreign Individuals,5561830.25
2009-04-03,net,Foreign Individuals,-40441918.0
2009-05-03,net,Foreign Individuals,-311307861.0
2009-06-03,net,Foreign Individuals,-175821678.0
2009-07-03,net,Foreign Individuals,92586635.0
2009-08-03,net,Foreign Individuals,-105179325.0
2009-09-03,net,Foreign Individuals,-564970632.0
2009-10-03,net,Foreign Individuals,-379746179.0
2009-11-03,net,Foreign Individuals,-121648990.0
2009-12-03,net,Foreign Individuals,-1447461778.0
2010-01-03,net,Foreign Individuals,-4183175629.75
2010-02-03,net,Foreign Individuals,-939260189.5
2010-03-03,net,Foreign Individuals,-2422202391.4
2010-04-03,net,Foreign Individuals,19895672.0
2010-05-03,net,Foreign Individuals,-424507720.0
2010-06-03,net,Foreign Individuals,-359605529.0
2010-07-03,net,Foreign Individuals,-684976456.0
2010-08-03,net,Foreign Individuals,-32877809.0
2010-09-03,net,Foreign Individuals,-717962097.0
2010-10-03,net,Foreign Individuals,-285984074.79999995
2010-11-03,net,Foreign Individuals,230240623.0
2010-12-03,net,Foreign Individuals,114013452.20000005
2011-01-03,net,Foreign Individuals,-71508162.0
2011-02-03,net,Foreign Individuals,-742800563.0
2011-03-03,net,Foreign Individuals,-241345408.0
2011-04-03,net,Foreign Individuals,88091770.0
2011-05-03,net,Foreign Individuals,-728723609.0
2011-06-03,net,Foreign Individuals,127501719.0
2011-07-03,net,Foreign Individuals,-122517185.0
2011-08-03,net,Foreign Individuals,-280591136.0
2011-09-03,net,Foreign Individuals,-442167323.0
2011-10-03,net,Foreign Individuals,-1269872995.0
2011-11-03,net,Foreign Individuals,18072754.0
2011-12-03,net,Foreign Individuals,-146170037.0
2012-01-03,net,Foreign Individuals,149238130.0
2012-02-03,net,Foreign Individuals,21157735.0
2012-03-03,net,Foreign Individuals,-102066565.0
2012-04-03,net,Foreign Individuals,75465705.0
2012-05-03,net,Foreign Individuals,220829886.0
2012-06-03,net,Foreign Individuals,-16370570.0
2012-07-03,net,Foreign Individuals,-6965256.0
2012-08-03,net,Foreign Individuals,29726223.0
2012-09-03,net,Foreign Individuals,-267052869.0
2012-10-03,net,Foreign Individuals,-4581884.0
2012-11-03,net,Foreign Individuals,165304582.0
2012-12-03,net,Foreign Individuals,-28603009.0
2013-01-03,net,Foreign Individuals,-137314225.0
2013-02-03,net,Foreign Individuals,-122483886.0
2013-03-03,net,Foreign Individuals,-11211644.0
2013-04-03,net,Foreign Individuals,7278441.0
2013-05-03,net,Foreign Individuals,196871205.0
2013-06-03,net,Foreign Individuals,477927407.0
2013-07-03,net,Foreign Individuals,245881426.0
2013-08-03,net,Foreign Individuals,275714617.0
2013-09-03,net,Foreign Individuals,63895792.0
2013-10-03,net,Foreign Individuals,173687260.0
2013-11-03,net,Foreign Individuals,160495140.0
2013-12-03,net,Foreign Individuals,135789795.0
2014-01-03,net,Foreign Individuals,4168743.0
2014-02-03,net,Foreign Individuals,-302305805.0
2014-03-03,net,Foreign Individuals,-153755315.0
2014-04-03,net,Foreign Individuals,-296914827.0
2014-05-03,net,Foreign Individuals,51924282.0
2014-06-03,net,Foreign Individuals,-94334004.0
2014-07-03,net,Foreign Individuals,-1816105318.0
2014-08-03,net,Foreign Individuals,-131535868.0
2014-09-03,net,Foreign Individuals,-584340790.0
2014-10-03,net,Foreign Individuals,-203298042.0
2014-11-03,net,Foreign Individuals,-69614550.0
2014-12-03,net,Foreign Individuals,-75828427.0
2015-01-03,net,Foreign Individuals,-77342973.0
2015-02-03,net,Foreign Individuals,-83908315.0
2015-03-03,net,Foreign Individuals,5789798.0
2015-04-03,net,Foreign Individuals,-774387983.0
2015-05-03,net,Foreign Individuals,341782291.0
2015-06-03,net,Foreign Individuals,182649055.0
2015-07-03,net,Foreign Individuals,4268783.0
2015-08-03,net,Foreign Individuals,-165740479.0
2015-09-03,net,Foreign Individuals,-57658832.0
2015-10-03,net,Foreign Individuals,-20075603.0
2015-11-03,net,Foreign Individuals,-47291315.0
2015-12-03,net,Foreign Individuals,127211881.0
2016-01-03,net,Foreign Individuals,23879068.0
2016-02-03,net,Foreign Individuals,697146.0
2016-03-03,net,Foreign Individuals,-65423386.0
2016-04-03,net,Foreign Individuals,-94938383.0
2016-05-03,net,Foreign Individuals,4473700.0
2016-06-03,net,Foreign Individuals,27817572.0
2016-07-03,net,Foreign Individuals,-49958003.0
2016-08-03,net,Foreign Individuals,242812192.0
2016-09-03,net,Foreign Individuals,-73482737.0
2016-10-03,net,Foreign Individuals,4422270.0
2016-11-03,net,Foreign Individuals,2996330.0
2016-12-03,net,Foreign Individuals,-279089369.0
2017-01-03,net,Foreign Individuals,258303218.0
2017-02-03,net,Foreign Individuals,-94628975.0
2017-03-03,net,Foreign Individuals,11445638.0
2017-04-03,net,Foreign Individuals,-745922533.0
2017-05-03,net,Foreign Individuals,70844849.0
2017-06-03,net,Foreign Individuals,-60604043.0
2017-07-03,net,Foreign Individuals,-537114797.0
2017-08-03,net,Foreign Individuals,84731071.0
2017-09-03,net,Foreign Individuals,14011725.0
2017-10-03,net,Foreign Individuals,-2933839.0
2017-11-03,net,Foreign Individuals,-2327017101.0
2017-12-03,net,Foreign Individuals,443090946.0
2018-01-03,net,Foreign Individuals,25416372.0
2018-02-03,net,Foreign Individuals,120565562.0
2018-03-03,net,Foreign Individuals,2812223788.0
2018-04-03,net,Foreign Individuals,403280736.0
2018-05-03,net,Foreign Individuals,1054358904.0
2018-06-03,net,Foreign Individuals,106650402.0
2018-07-03,net,Foreign Individuals,336492255.0
2018-08-03,net,Foreign Individuals,102302996.0
2018-09-03,net,Foreign Individuals,235674507.0
2018-10-03,net,Foreign Individuals,190933033.0
2018-11-03,net,Foreign Individuals,55854905.0
2018-12-03,net,Foreign Individuals,481680074.0
2019-01-03,net,Foreign Individuals,58118887.0
2019-02-03,net,Foreign Individuals,130948337.0
2019-03-03,net,Foreign Individuals,827817744.0
2019-04-03,net,Foreign Individuals,2083770.0
2019-05-03,net,Foreign Individuals,21222055.0
2019-06-03,net,Foreign Individuals,-119147723.0
2019-07-03,net,Foreign Individuals,127722808.0
2019-08-03,net,Foreign Individuals,62034076.0
2019-09-03,net,Foreign Individuals,-6159825.0
2019-10-03,net,Foreign Individuals,-45006909.0
2019-11-03,net,Foreign Individuals,69480916.0
2019-12-03,net,Foreign Individuals,-19169765.0
2020-01-03,net,Foreign Individuals,34898046.0
2020-02-03,net,Foreign Individuals,46567740.0
2020-03-03,net,Foreign Individuals,155756623.0
2020-05-03,net,Foreign Individuals,46168960.0
2020-06-03,net,Foreign Individuals,-96908379.0
2020-07-03,net,Foreign Individuals,246941922.0
2020-08-03,net,Foreign Individuals,-88103881.0
2020-09-03,net,Foreign Individuals,-41525426.0
2020-10-03,net,Foreign Individuals,3504438731.0
2020-11-03,net,Foreign Individuals,-225611136.0
2020-12-03,net,Foreign Individuals,-101754244.0
2021-01-03,net,Foreign Individuals,-595805893.0
2021-02-03,net,Foreign Individuals,-66945516.0
2021-03-03,net,Foreign Individuals,-185715963.0
2021-04-03,net,Foreign Individuals,-60671087.0
2021-05-03,net,Foreign Individuals,-57856995.0
2021-06-03,net,Foreign Individuals,-55296881.0
2021-07-03,net,Foreign Individuals,-80012900.0
2021-08-03,net,Foreign Individuals,261471803.0
2021-09-03,net,Foreign Individuals,-279724842.0
2021-10-03,net,Foreign Individuals,-279700828.0
2021-11-03,net,Foreign Individuals,-703833911.0
2021-12-03,net,Foreign Individuals,-1407110837.0
2022-01-03,net,Foreign Individuals,-879957011.0
2022-02-03,net,Foreign Individuals,36870441.0
2022-03-03,net,Foreign Individuals,276917158.0
2022-04-03,net,Foreign Individuals,218972322.0
2022-05-03,net,Foreign Individuals,615053800.0
2022-06-03,net,Foreign Individuals,511775090.0
2022-07-03,net,Foreign Individuals,520753565.0
2022-08-03,net,Foreign Individuals,876629630.0
2022-09-03,net,Foreign Individuals,-294522339.0
2022-10-03,net,Foreign Individuals,273466587.0
2022-11-03,net,Foreign Individuals,103243746.0
2022-12-03,net,Foreign Individuals,193363046.0
2023-01-03,net,Foreign Individuals,-36071640.0
2023-02-03,net,Foreign Individuals,-302064005.0
2023-03-03,net,Foreign Individuals,915823833.0
2023-04-03,net,Foreign Individuals,93192938.0
2023-05-03,net,Foreign Individuals,169588332.0
2023-06-03,net,Foreign Individuals,272243531.0
2023-07-03,net,Foreign Individuals,-7405403.0
2023-08-03,net,Foreign Individuals,1276074932.0
2023-09-03,net,Foreign Individuals,-127141865.0
2023-10-03,net,Foreign Individuals,-109635638.0
2023-11-03,net,Foreign Individuals,231379653.0
2023-12-03,net,Foreign Individuals,-26490419.0
2024-01-03,net,Foreign Individuals,111645265.0
2024-02-03,net,Foreign Individuals,93259502.0
2024-03-03,net,Foreign Individuals,48326422.0
2024-04-03,net,Foreign Individuals,-1255660344.0
2024-05-03,net,Foreign Individuals,150453625.0
2024-06-03,net,Foreign Individuals,177498819.0
2024-07-03,net,Foreign Individuals,21049665.0
2024-08-03,net,Foreign Individuals,-8504927.0
2024-09-03,net,Foreign Individuals,-219857909.0
2024-10-03,net,Foreign Individuals,-84394569.0
2024-11-03,net,Foreign Individuals,-431194096.0
2024-12-03,net,Foreign Individuals,-252941620.0
2025-01-03,net,Foreign Individuals,628258527.0
2025-02-03,net,Foreign Individuals,-430849294.0
2025-03-03,net,Foreign Individuals,-678632038.0
2025-04-03,net,Foreign Individuals,-100449120.0
2025-05-03,net,Foreign Individuals,-455968161.0
2025-06-03,net,Foreign Individuals,-328778256.0
2025-07-03,net,Foreign Individuals,-269501747.0
2025-08-03,net,Foreign Individuals,133292120.0
2025-09-03,net,Foreign Individuals,-2564636719.0
2025-10-03,net,Foreign Individuals,234888089.0
2025-11-03,net,Foreign Individuals,-163954946.0
2025-12-03,net,Foreign Individuals,-184817730.0
1992-01-01,net,Local Companies,23809561.0
1992-02-01,net,Local Companies,-76002819.0
1992-03-01,net,Local Companies,-59190152.0
1992-04-01,net,Local Companies,55534282.0
1992-05-01,net,Local Companies,172202447.0
1992-06-01,net,Local Companies,79771769.0
1992-07-01,net,Local Companies,-14627412.0
1992-08-01,net,Local Companies,200665.0
1992-09-01,net,Local Companies,47685920.0
1992-10-01,net,Local Companies,15537609.0
1992-11-01,net,Local Companies,36330885.0
1992-12-01,net,Local Companies,22963325.0
1993-01-01,net,Local Companies,-42968898.0
1993-02-01,net,Local Companies,-3174395.0
1993-03-01,net,Local Companies,-39988321.0
1993-04-01,net,Local Companies,-958199.0
1993-05-01,net,Local Companies,-614519571.0
1993-06-01,net,Local Companies,-67732059.0
1993-07-01,net,Local Companies,-72383498.0
1993-08-01,net,Local Companies,99182101.0
1993-09-01,net,Local Companies,-342310836.0
1993-10-01,net,Local Companies,-222796087.0
1993-11-01,net,Local Companies,-384542711.0
1993-12-01,net,Local Companies,-20236302.0
1994-01-01,net,Local Companies,-615468288.0
1994-02-01,net,Local Companies,400173155.0
1994-03-01,net,Local Companies,448856099.0
1994-04-01,net,Local Companies,308782704.0
1994-05-01,net,Local Companies,144139388.0
1994-06-01,net,Local Companies,12613648.0
1994-07-01,net,Local Companies,94596316.0
1994-08-01,net,Local Companies,-148594898.0
1994-09-01,net,Local Companies,-55002571.0
1994-10-01,net,Local Companies,162946003.0
1994-11-01,net,Local Companies,241065630.0
1994-12-01,net,Local Companies,319582896.0
1995-01-01,net,Local Companies,215541419.0
1995-02-01,net,Local Companies,265209727.0
1995-03-01,net,Local Companies,254279559.0
1995-04-01,net,Local Companies,110718039.0
1995-05-01,net,Local Companies,100154638.0
1995-06-01,net,Local Companies,-115031447.0
1995-07-01,net,Local Companies,-103851795.0
1995-08-01,net,Local Companies,51969136.0
1995-09-01,net,Local Companies,-134974190.0
1995-10-01,net,Local Companies,-43069756.0
1995-11-01,net,Local Companies,-79038693.0
1995-12-01,net,Local Companies,146844769.0
1996-01-01,net,Local Companies,25455732.0
1996-02-01,net,Local Companies,-349638825.0
1996-03-01,net,Local Companies,-9250578.0
1996-04-01,net,Local Companies,101741990.0
1996-05-01,net,Local Companies,53273593.0
1996-06-01,net,Local Companies,27974076.0
1996-07-01,net,Local Companies,5542134.0
1996-08-01,net,Local Companies,84661208.0
1996-09-01,net,Local Companies,6993828.0
1996-10-01,net,Local Companies,164960113.0
1996-11-01,net,Local Companies,-7408213.0
1996-12-01,net,Local Companies,22622665.0
1997-01-01,net,Local Companies,121959440.0
1997-02-01,net,Local Companies,23071329.0
1997-03-01,net,Local Companies,50828181.0
1997-04-01,net,Local Companies,-209685181.0
1997-05-01,net,Local Companies,-416975870.0
1997-06-01,net,Local Companies,-697258590.0
1997-07-01,net,Local Companies,-33319448.0
1997-08-01,net,Local Companies,156318259.0
1997-09-01,net,Local Companies,91163783.0
1997-10-01,net,Local Companies,115978545.0
1997-11-01,net,Local Companies,256948354.0
1997-12-01,net,Local Companies,295399286.0
1998-01-01,net,Local Companies,169849882.0
1998-02-01,net,Local Companies,167645262.0
1998-03-01,net,Local Companies,45288300.0
1998-04-01,net,Local Companies,170712724.0
1998-05-01,net,Local Companies,233535818.0
1998-06-01,net,Local Companies,504402820.0
1998-07-01,net,Local Companies,178859682.0
1998-08-01,net,Local Companies,162816231.0
1998-09-01,net,Local Companies,129387632.0
1998-10-01,net,Local Companies,55134225.0
1998-11-01,net,Local Companies,-112817403.0
1998-12-01,net,Local Companies,129409693.0
1999-01-01,net,Local Companies,286554632.0
1999-02-01,net,Local Companies,159917955.0
1999-03-01,net,Local Companies,210588030.0
1999-04-01,net,Local Companies,135956032.0
1999-05-01,net,Local Companies,24164608.0
1999-06-01,net,Local Companies,135921061.0
1999-07-01,net,Local Companies,-324724541.0
1999-08-01,net,Local Companies,-170266633.0
1999-09-01,net,Local Companies,272873863.0
1999-10-01,net,Local Companies,263129164.0
1999-11-01,net,Local Companies,-38353262.0
1999-12-01,net,Local Companies,271180234.0
2000-01-01,net,Local Companies,204307681.0
2000-02-01,net,Local Companies,497976500.0
2000-03-01,net,Local Companies,498795251.0
2000-04-01,net,Local Companies,120109569.0
2000-05-01,net,Local Companies,244222055.0
2000-06-01,net,Local Companies,372444937.0
2000-07-01,net,Local Companies,308091038.0
2000-08-01,net,Local Companies,3730652.0
2000-09-01,net,Local Companies,75602616.0
2000-10-01,net,Local Companies,124848095.0
2000-11-01,net,Local Companies,50070066.0
2000-12-01,net,Local Companies,113889428.0
2001-01-01,net,Local Companies,-180147586.0
2001-02-01,net,Local Companies,-7124889.0
2001-03-01,net,Local Companies,80311407.0
2001-04-01,net,Local Companies,186674737.0
2001-05-01,net,Local Companies,257357488.0
2001-06-01,net,Local Companies,114050177.0
2001-07-01,net,Local Companies,-78427430.0
2001-08-01,net,Local Companies,131688242.0
2001-09-01,net,Local Companies,-51952211.0
2001-10-01,net,Local Companies,-300941098.0
2001-11-01,net,Local Companies,-154694410.0
2001-12-01,net,Local Companies,-8943237.0
2002-01-01,net,Local Companies,352846795.5
2002-02-01,net,Local Companies,134060582.0
2002-03-01,net,Local Companies,-575674735.0
2002-04-01,net,Local Companies,-124700233.0
2002-05-01,net,Local Companies,-576238893.0
2002-06-01,net,Local Companies,-581758317.0
2002-07-01,net,Local Companies,122644188.0
2002-08-01,net,Local Companies,-463067923.0
2002-09-01,net,Local Companies,-452366261.0
2002-10-01,net,Local Companies,26320496.0
2002-11-01,net,Local Companies,17742427.0
2002-12-01,net,Local Companies,126795438.0
2003-01-03,net,Local Companies,-79578038.0
2003-02-03,net,Local Companies,-151488317.0
2003-03-03,net,Local Companies,20520945.0
2003-04-03,net,Local Companies,211086498.0
2003-05-03,net,Local Companies,-1577393507.0
2003-06-03,net,Local Companies,-569724794.0
2003-07-03,net,Local Companies,51151840.0
2003-08-03,net,Local Companies,-541041413.0
2003-09-03,net,Local Companies,4660949789.0
2003-10-03,net,Local Companies,-817747005.0
2003-11-03,net,Local Companies,-33762831.0
2003-12-03,net,Local Companies,-1884534881.0
2004-01-03,net,Local Companies,-2246030.0
2004-02-03,net,Local Companies,-696988115.0
2004-03-03,net,Local Companies,-121255453.0
2004-04-03,net,Local Companies,381014204.0
2004-05-03,net,Local Companies,146151972.0
2004-06-03,net,Local Companies,-126640429.0
2004-07-03,net,Local Companies,286155250.0
2004-08-03,net,Local Companies,-216814341.0
2004-09-03,net,Local Companies,-185968123.0
2004-10-03,net,Local Companies,261289130.0
2004-11-03,net,Local Companies,-91545442.0
2004-12-03,net,Local Companies,233530513.0
2005-01-03,net,Local Companies,612115443.0
2005-02-03,net,Local Companies,-95959257.0
2005-03-03,net,Local Companies,-912402031.0
2005-04-03,net,Local Companies,662411992.0
2005-05-03,net,Local Companies,-190544453.0
2005-06-03,net,Local Companies,-191612505.0
2005-07-03,net,Local Companies,-967733726.0
2005-08-03,net,Local Companies,-540232718.0
2005-09-03,net,Local Companies,-991414961.0
2005-10-03,net,Local Companies,417170425.0
2005-11-03,net,Local Companies,-635699315.0
2005-12-03,net,Local Companies,79381252.0
2006-01-03,net,Local Companies,-387178997.0
2006-02-03,net,Local Companies,982939119.0
2006-03-03,net,Local Companies,-896707313.0
2006-04-03,net,Local Companies,-284233891.0
2006-05-03,net,Local Companies,-865658025.0
2006-06-03,net,Local Companies,561498431.0
2006-07-03,net,Local Companies,422950864.75
2006-08-03,net,Local Companies,125582097.45000005
2006-09-03,net,Local Companies,1431958911.0
2006-10-03,net,Local Companies,-320263335.0
2006-11-03,net,Local Companies,-1166618256.0
2006-12-03,net,Local Companies,516625641.75
2007-01-03,net,Local Companies,2527045613.0
2007-02-03,net,Local Companies,665687499.0
2007-03-03,net,Local Companies,-934558984.5500002
2007-04-03,net,Local Companies,208707249.70000005
2007-05-03,net,Local Companies,-518529763.0
2007-06-03,net,Local Companies,-144675786.85000002
2007-07-03,net,Local Companies,-299203922.0
2007-08-03,net,Local Companies,-1924793665.0
2007-09-03,net,Local Companies,469579264.0
2007-10-03,net,Local Companies,-1227521012.0
2007-11-03,net,Local Companies,-1358693001.0
2007-12-03,net,Local Companies,-2283948835.0
2008-01-03,net,Local Companies,-245419911.0
2008-02-03,net,Local Companies,-797807093.0
2008-03-03,net,Local Companies,-51930770.0
2008-04-03,net,Local Companies,-1059896127.0
2008-05-03,net,Local Companies,-217429171.0
2008-06-03,net,Local Companies,-941858718.0
2008-07-03,net,Local Companies,-7711806775.0
2008-08-03,net,Local Companies,-631781825.0
2008-09-03,net,Local Companies,-423381936.0
2008-10-03,net,Local Companies,695224984.0
2008-11-03,net,Local Companies,573903404.0
2008-12-03,net,Local Companies,-181590587.0
2009-01-03,net,Local Companies,-42544372.29999995
2009-02-03,net,Local Companies,-213298414.1999998
2009-03-03,net,Local Companies,-2576598478.3999996
2009-04-03,net,Local Companies,246105528.0
2009-05-03,net,Local Companies,839327461.0
2009-06-03,net,Local Companies,185120790.0
2009-07-03,net,Local Companies,-576178888.0
2009-08-03,net,Local Companies,80706129.0
2009-09-03,net,Local Companies,-345430397.0
2009-10-03,net,Local Companies,-1523920984.0
2009-11-03,net,Local Companies,2665362639.0
2009-12-03,net,Local Companies,-101224473.0
2010-01-03,net,Local Companies,2779905676.0
2010-02-03,net,Local Companies,1395171700.5499992
2010-03-03,net,Local Companies,8272189379.200001
2010-04-03,net,Local Companies,1742236874.0
2010-05-03,net,Local Companies,1477412685.0
2010-06-03,net,Local Companies,3557502856.0
2010-07-03,net,Local Companies,-3227505416.0
2010-08-03,net,Local Companies,-2786907818.0
2010-09-03,net,Local Companies,1440496773.0
2010-10-03,net,Local Companies,17915162315.5
2010-11-03,net,Local Companies,2802572703.0
2010-12-03,net,Local Companies,391709104.5999985
2011-01-03,net,Local Companies,1640990895.0
2011-02-03,net,Local Companies,4042987284.0
2011-03-03,net,Local Companies,3641806087.0
2011-04-03,net,Local Companies,1302056549.0
2011-05-03,net,Local Companies,-1462468012.0
2011-06-03,net,Local Companies,2789006267.0
2011-07-03,net,Local Companies,2146190298.0
2011-08-03,net,Local Companies,3700061763.0
2011-09-03,net,Local Companies,7149049072.0
2011-10-03,net,Local Companies,1103470074.0
2011-11-03,net,Local Companies,3955026645.0
2011-12-03,net,Local Companies,2429890797.0
2012-01-03,net,Local Companies,-127664894.0
2012-02-03,net,Local Companies,625652036.0
2012-03-03,net,Local Companies,-14714702456.0
2012-04-03,net,Local Companies,936203763.0
2012-05-03,net,Local Companies,146081942.0
2012-06-03,net,Local Companies,129644835.0
2012-07-03,net,Local Companies,-596453125.0
2012-08-03,net,Local Companies,-1567323236.0
2012-09-03,net,Local Companies,-1704251483.0
2012-10-03,net,Local Companies,-1662855888.0
2012-11-03,net,Local Companies,165336436.0
2012-12-03,net,Local Companies,-2014196989.0
2013-01-03,net,Local Companies,1156241617.0
2013-02-03,net,Local Companies,171599087.0
2013-03-03,net,Local Companies,-3879201475.0
2013-04-03,net,Local Companies,-1860130415.0
2013-05-03,net,Local Companies,-1844601415.0
2013-06-03,net,Local Companies,270755108.0
2013-07-03,net,Local Companies,-841337117.0
2013-08-03,net,Local Companies,-1323796725.0
2013-09-03,net,Local Companies,1264366266.0
2013-10-03,net,Local Companies,-766689974.0
2013-11-03,net,Local Companies,1900630284.0
2013-12-03,net,Local Companies,1219883740.0
2014-01-03,net,Local Companies,-440069995.0
2014-02-03,net,Local Companies,2339167865.0
2014-03-03,net,Local Companies,449768792.0
2014-04-03,net,Local Companies,-1545964366.0
2014-05-03,net,Local Companies,-462589006.0
2014-06-03,net,Local Companies,1218998003.0
2014-07-03,net,Local Companies,-863836425.0
2014-08-03,net,Local Companies,3672576766.0
2014-09-03,net,Local Companies,1013318614.0
2014-10-03,net,Local Companies,-2840940165.0
2014-11-03,net,Local Companies,-2576165659.0
2014-12-03,net,Local Companies,-135249080.0
2015-01-03,net,Local Companies,-340744406.0
2015-02-03,net,Local Companies,779700784.0
2015-03-03,net,Local Companies,379376286.0
2015-04-03,net,Local Companies,-345036826.0
2015-05-03,net,Local Companies,-3663243211.0
2015-06-03,net,Local Companies,3118740929.0
2015-07-03,net,Local Companies,-253441253.0
2015-08-03,net,Local Companies,3378523799.0
2015-09-03,net,Local Companies,-76500295.0
2015-10-03,net,Local Companies,196983855.0
2015-11-03,net,Local Companies,166380041.0
2015-12-03,net,Local Companies,732170993.0
2016-01-03,net,Local Companies,3384637169.0
2016-02-03,net,Local Companies,1518869342.0
2016-03-03,net,Local Companies,-508730554.0
2016-04-03,net,Local Companies,1103192952.0
2016-05-03,net,Local Companies,2110333711.0
2016-06-03,net,Local Companies,258771024.0
2016-07-03,net,Local Companies,-367668745.0
2016-08-03,net,Local Companies,77736820.0
2016-09-03,net,Local Companies,3017799.0
2016-10-03,net,Local Companies,-518674593.0
2016-11-03,net,Local Companies,319806749.0
2016-12-03,net,Local Companies,-1590965592.0
2017-01-03,net,Local Companies,-137732711.0
2017-02-03,net,Local Companies,-235355849.0
2017-03-03,net,Local Companies,-4442745020.0
2017-04-03,net,Local Companies,-4662594648.0
2017-05-03,net,Local Companies,-2920780535.0
2017-06-03,net,Local Companies,-981885582.0
2017-07-03,net,Local Companies,-1682354153.0
2017-08-03,net,Local Companies,-605781526.0
2017-09-03,net,Local Companies,10581153387.0
2017-10-03,net,Local Companies,-2033966142.0
2017-11-03,net,Local Companies,-305653663.0
2017-12-03,net,Local Companies,-56263016.0
2018-01-03,net,Local Companies,-4130583588.0
2018-02-03,net,Local Companies,-1516941499.0
2018-03-03,net,Local Companies,8047585868.0
2018-04-03,net,Local Companies,-446597839.0
2018-05-03,net,Local Companies,1052691048.0
2018-06-03,net,Local Companies,350062188.0
2018-07-03,net,Local Companies,655623303.0
2018-08-03,net,Local Companies,1877402215.0
2018-09-03,net,Local Companies,1336176031.0
2018-10-03,net,Local Companies,4968458042.0
2018-11-03,net,Local Companies,5008977227.0
2018-12-03,net,Local Companies,3035410899.0
2019-01-03,net,Local Companies,1594364936.0
2019-02-03,net,Local Companies,2807017388.0
2019-03-03,net,Local Companies,158320293.0
2019-04-03,net,Local Companies,124431050.0
2019-05-03,net,Local Companies,660826717.0
2019-06-03,net,Local Companies,919858272.0
2019-07-03,net,Local Companies,-7946897649.0
2019-08-03,net,Local Companies,2242694167.0
2019-09-03,net,Local Companies,1150650993.0
2019-10-03,net,Local Companies,358440509.0
2019-11-03,net,Local Companies,1432056822.0
2019-12-03,net,Local Companies,509425186.0
2020-01-03,net,Local Companies,2176273016.0
2020-02-03,net,Local Companies,229761030.0
2020-03-03,net,Local Companies,329595943.0
2020-05-03,net,Local Companies,1458054210.0
2020-06-03,net,Local Companies,4851699392.0
2020-07-03,net,Local Companies,3558169597.0
2020-08-03,net,Local Companies,2205966571.0
2020-09-03,net,Local Companies,4358511116.0
2020-10-03,net,Local Companies,3504438731.0
2020-11-03,net,Local Companies,180910524.0
2020-12-03,net,Local Companies,-3819259004.0
2021-01-03,net,Local Companies,-3101846449.0
2021-02-03,net,Local Companies,3326952443.0
2021-03-03,net,Local Companies,2641859746.0
2021-04-03,net,Local Companies,4486216910.0
2021-05-03,net,Local Companies,3409771599.0
2021-06-03,net,Local Companies,160196644.0
2021-07-03,net,Local Companies,8682237153.0
2021-08-03,net,Local Companies,1516527668.0
2021-09-03,net,Local Companies,4764059329.0
2021-10-03,net,Local Companies,-961947935.0
2021-11-03,net,Local Companies,3329992116.0
2021-12-03,net,Local Companies,-2433914944.0
2022-01-03,net,Local Companies,-1204624512.0
2022-02-03,net,Local Companies,-2945387304.0
2022-03-03,net,Local Companies,-4251568463.0
2022-04-03,net,Local Companies,-2005531296.0
2022-05-03,net,Local Companies,-1780664213.0
2022-06-03,net,Local Companies,-1256020348.0
2022-07-03,net,Local Companies,-1921568459.0
2022-08-03,net,Local Companies,-2674734285.0
2022-09-03,net,Local Companies,-11315494761.0
2022-10-03,net,Local Companies,-1909418722.0
2022-11-03,net,Local Companies,158841220.0
2022-12-03,net,Local Companies,-9878196308.0
2023-01-03,net,Local Companies,-467792667.0
2023-02-03,net,Local Companies,-1423563159.0
2023-03-03,net,Local Companies,2408831739.0
2023-04-03,net,Local Companies,-203183832.0
2023-05-03,net,Local Companies,280748528.0
2023-06-03,net,Local Companies,1681968597.0
2023-07-03,net,Local Companies,-903170324.0
2023-08-03,net,Local Companies,593918570.0
2023-09-03,net,Local Companies,1313436836.0
2023-10-03,net,Local Companies,-415809975.0
2023-11-03,net,Local Companies,804559258.0
2023-12-03,net,Local Companies,186444765.0
2024-01-03,net,Local Companies,1719277214.0
2024-02-03,net,Local Companies,307052886.0
2024-03-03,net,Local Companies,4491238715.0
2024-04-03,net,Local Companies,-1059287853.0
2024-05-03,net,Local Companies,1217147244.0
2024-06-03,net,Local Companies,-969969543.0
2024-07-03,net,Local Companies,-1536609411.0
2024-08-03,net,Local Companies,-295362737.0
2024-09-03,net,Local Companies,5669966.0
2024-10-03,net,Local Companies,1025123259.0
2024-11-03,net,Local Companies,-14582926.0
2024-12-03,net,Local Companies,-3247790739.0
2025-01-03,net,Local Companies,3827274461.0
2025-02-03,net,Local Companies,2193229563.0
2025-03-03,net,Local Companies,315756503.0
2025-04-03,net,Local Companies,-1969866353.0
2025-05-03,net,Local Companies,-3479818669.0
2025-06-03,net,Local Companies,1056233230.0
2025-07-03,net,Local Companies,-4400000628.0
2025-08-03,net,Local Companies,-6849999412.0
2025-09-03,net,Local Companies,-3144358036.0
2025-10-03,net,Local Companies,5676549540.0
2025-11-03,net,Local Companies,458758259.0
2025-12-03,net,Local Companies,791000303.0
1992-01-01,net,Local Individuals,-29492617.0
1992-02-01,net,Local Individuals,-45582152.0
1992-03-01,net,Local Individuals,-37213727.0
1992-04-01,net,Local Individuals,-66952842.0
1992-05-01,net,Local Individuals,-71425348.0
1992-06-01,net,Local Individuals,-72511703.0
1992-07-01,net,Local Individuals,-106165463.0
1992-08-01,net,Local Individuals,-71483204.0
1992-09-01,net,Local Individuals,-69642744.0
1992-10-01,net,Local Individuals,-107074167.0
1992-11-01,net,Local Individuals,-98939808.0
1992-12-01,net,Local Individuals,-68537350.0
1993-01-01,net,Local Individuals,-58239248.0
1993-02-01,net,Local Individuals,-72420692.0
1993-03-01,net,Local Individuals,-109748094.0
1993-04-01,net,Local Individuals,-150679112.0
1993-05-01,net,Local Individuals,-142797309.0
1993-06-01,net,Local Individuals,-210428632.0
1993-07-01,net,Local Individuals,-321984100.0
1993-08-01,net,Local Individuals,94404697.0
1993-09-01,net,Local Individuals,-243580608.0
1993-10-01,net,Local Individuals,-222219845.0
1993-11-01,net,Local Individuals,-401095853.0
1993-12-01,net,Local Individuals,-355854277.0
1994-01-01,net,Local Individuals,-672078635.0
1994-02-01,net,Local Individuals,-774152925.0
1994-03-01,net,Local Individuals,57831333.0
1994-04-01,net,Local Individuals,-183325575.0
1994-05-01,net,Local Individuals,-240759999.0
1994-06-01,net,Local Individuals,-406880551.0
1994-07-01,net,Local Individuals,-244679842.0
1994-08-01,net,Local Individuals,-55821153.0
1994-09-01,net,Local Individuals,-124738603.0
1994-10-01,net,Local Individuals,-72812370.0
1994-11-01,net,Local Individuals,57840510.0
1994-12-01,net,Local Individuals,11566597.0
1995-01-01,net,Local Individuals,12512526.0
1995-02-01,net,Local Individuals,-119861885.0
1995-03-01,net,Local Individuals,-52645930.0
1995-04-01,net,Local Individuals,-70403880.0
1995-05-01,net,Local Individuals,-20566987.0
1995-06-01,net,Local Individuals,-68357072.0
1995-07-01,net,Local Individuals,-124097898.0
1995-08-01,net,Local Individuals,-72601430.0
1995-09-01,net,Local Individuals,-23551429.0
1995-10-01,net,Local Individuals,-31326479.0
1995-11-01,net,Local Individuals,19549173.0
1995-12-01,net,Local Individuals,-27629319.0
1996-01-01,net,Local Individuals,-90601959.0
1996-02-01,net,Local Individuals,-89575650.0
1996-03-01,net,Local Individuals,-64028248.0
1996-04-01,net,Local Individuals,-20728852.0
1996-05-01,net,Local Individuals,-44598540.0
1996-06-01,net,Local Individuals,-43028472.0
1996-07-01,net,Local Individuals,-33419253.0
1996-08-01,net,Local Individuals,-59586682.0
1996-09-01,net,Local Individuals,-9082947.0
1996-10-01,net,Local Individuals,-16468569.0
1996-11-01,net,Local Individuals,-7825814.0
1996-12-01,net,Local Individuals,436141.0
1997-01-01,net,Local Individuals,-107549760.0
1997-02-01,net,Local Individuals,-74771322.0
1997-03-01,net,Local Individuals,302283992.0
1997-04-01,net,Local Individuals,-56663346.0
1997-05-01,net,Local Individuals,-34225543.0
1997-06-01,net,Local Individuals,-48137561.0
1997-07-01,net,Local Individuals,-52793650.0
1997-08-01,net,Local Individuals,-18956164.0
1997-09-01,net,Local Individuals,71920077.0
1997-10-01,net,Local Individuals,-9238934.0
1997-11-01,net,Local Individuals,-16458044.0
1997-12-01,net,Local Individuals,-46824870.0
1998-01-01,net,Local Individuals,-22795324.0
1998-02-01,net,Local Individuals,-69938640.0
1998-03-01,net,Local Individuals,-109003158.0
1998-04-01,net,Local Individuals,-118339686.0
1998-05-01,net,Local Individuals,190202390.0
1998-06-01,net,Local Individuals,63134747.0
1998-07-01,net,Local Individuals,-203520019.0
1998-08-01,net,Local Individuals,1505999.0
1998-09-01,net,Local Individuals,70548273.0
1998-10-01,net,Local Individuals,9703247.0
1998-11-01,net,Local Individuals,-39391316.0
1998-12-01,net,Local Individuals,-46296910.0
1999-01-01,net,Local Individuals,20867048.0
1999-02-01,net,Local Individuals,-38855642.0
1999-03-01,net,Local Individuals,20595335.0
1999-04-01,net,Local Individuals,-10719561.0
1999-05-01,net,Local Individuals,4098358.0
1999-06-01,net,Local Individuals,32539741.0
1999-07-01,net,Local Individuals,-224065032.0
1999-08-01,net,Local Individuals,-107470619.0
1999-09-01,net,Local Individuals,49826955.0
1999-10-01,net,Local Individuals,-4525492.0
1999-11-01,net,Local Individuals,-17731043.0
1999-12-01,net,Local Individuals,-2427666.0
2000-01-01,net,Local Individuals,-12946945.0
2000-02-01,net,Local Individuals,-3777897.0
2000-03-01,net,Local Individuals,112682294.0
2000-04-01,net,Local Individuals,31209592.0
2000-05-01,net,Local Individuals,917309.0
2000-06-01,net,Local Individuals,239379900.0
2000-07-01,net,Local Individuals,373874026.0
2000-08-01,net,Local Individuals,-19916814.0
2000-09-01,net,Local Individuals,-40710749.0
2000-10-01,net,Local Individuals,8402007.0
2000-11-01,net,Local Individuals,54002860.0
2000-12-01,net,Local Individuals,43611066.0
2001-01-01,net,Local Individuals,-43026082.0
2001-02-01,net,Local Individuals,-50972280.0
2001-03-01,net,Local Individuals,-17167985.0
2001-04-01,net,Local Individuals,-170200.0
2001-05-01,net,Local Individuals,16803253.0
2001-06-01,net,Local Individuals,12408332.0
2001-07-01,net,Local Individuals,-18371350.0
2001-08-01,net,Local Individuals,66031968.0
2001-09-01,net,Local Individuals,120396057.0
2001-10-01,net,Local Individuals,223538455.0
2001-11-01,net,Local Individuals,296946578.0
2001-12-01,net,Local Individuals,430563592.0
2002-01-01,net,Local Individuals,-28629115.75
2002-02-01,net,Local Individuals,58426518.0
2002-03-01,net,Local Individuals,-2159134.0
2002-04-01,net,Local Individuals,-179242803.0
2002-05-01,net,Local Individuals,-188919543.0
2002-06-01,net,Local Individuals,-92405503.0
2002-07-01,net,Local Individuals,-124890298.0
2002-08-01,net,Local Individuals,-163850080.0
2002-09-01,net,Local Individuals,176123143.0
2002-10-01,net,Local Individuals,-98893948.0
2002-11-01,net,Local Individuals,269144991.0
2002-12-01,net,Local Individuals,-73708518.0
2003-01-03,net,Local Individuals,-160653405.0
2003-02-03,net,Local Individuals,986493.0
2003-03-03,net,Local Individuals,-81197245.0
2003-04-03,net,Local Individuals,-255256006.0
2003-05-03,net,Local Individuals,124209826.0
2003-06-03,net,Local Individuals,487974743.0
2003-07-03,net,Local Individuals,-459602965.0
2003-08-03,net,Local Individuals,26078212.0
2003-09-03,net,Local Individuals,-86960714.0
2003-10-03,net,Local Individuals,456570217.0
2003-11-03,net,Local Individuals,-642369390.0
2003-12-03,net,Local Individuals,1092358914.0
2004-01-03,net,Local Individuals,-234468685.0
2004-02-03,net,Local Individuals,150017414.0
2004-03-03,net,Local Individuals,91616280.0
2004-04-03,net,Local Individuals,-33510581.0
2004-05-03,net,Local Individuals,-22774954.0
2004-06-03,net,Local Individuals,-77725625.0
2004-07-03,net,Local Individuals,-106370628.0
2004-08-03,net,Local Individuals,101530327.0
2004-09-03,net,Local Individuals,-71959118.0
2004-10-03,net,Local Individuals,-196618732.0
2004-11-03,net,Local Individuals,-187528755.0
2004-12-03,net,Local Individuals,-389180138.0
2005-01-03,net,Local Individuals,-233927756.0
2005-02-03,net,Local Individuals,125372950.0
2005-03-03,net,Local Individuals,471598376.0
2005-04-03,net,Local Individuals,10919896.0
2005-05-03,net,Local Individuals,-13901778.0
2005-06-03,net,Local Individuals,-283498306.0
2005-07-03,net,Local Individuals,-577494898.0
2005-08-03,net,Local Individuals,-718394448.25
2005-09-03,net,Local Individuals,-1002971358.0
2005-10-03,net,Local Individuals,-774947602.0
2005-11-03,net,Local Individuals,206195094.0
2005-12-03,net,Local Individuals,-397533206.0
2006-01-03,net,Local Individuals,456794212.0
2006-02-03,net,Local Individuals,-415824764.0
2006-03-03,net,Local Individuals,-496173231.0
2006-04-03,net,Local Individuals,-635894912.0
2006-05-03,net,Local Individuals,-115876283.0
2006-06-03,net,Local Individuals,-287851170.0
2006-07-03,net,Local Individuals,-844297011.1500001
2006-08-03,net,Local Individuals,68367678.04999995
2006-09-03,net,Local Individuals,-362424025.5
2006-10-03,net,Local Individuals,-356158911.75
2006-11-03,net,Local Individuals,-2410367510.3999996
2006-12-03,net,Local Individuals,-98516279.25
2007-01-03,net,Local Individuals,-1676862027.0
2007-02-03,net,Local Individuals,319625881.0
2007-03-03,net,Local Individuals,759965585.0500002
2007-04-03,net,Local Individuals,-288765852.6500001
2007-05-03,net,Local Individuals,-1364278071.6
2007-06-03,net,Local Individuals,-1074432045.8999999
2007-07-03,net,Local Individuals,-445556908.8000001
2007-08-03,net,Local Individuals,-793657896.0
2007-09-03,net,Local Individuals,-358511493.0
2007-10-03,net,Local Individuals,-823533976.0
2007-11-03,net,Local Individuals,-370466952.0
2007-12-03,net,Local Individuals,-316912809.0
2008-01-03,net,Local Individuals,-474595640.0
2008-02-03,net,Local Individuals,-241372330.0
2008-03-03,net,Local Individuals,-569614358.0
2008-04-03,net,Local Individuals,-1086956563.0
2008-05-03,net,Local Individuals,-45586778.0
2008-06-03,net,Local Individuals,1002245281.0
2008-07-03,net,Local Individuals,17673225.0
2008-08-03,net,Local Individuals,-320463952.0
2008-09-03,net,Local Individuals,-720237397.0
2008-10-03,net,Local Individuals,-291528130.0
2008-11-03,net,Local Individuals,-141954379.0
2008-12-03,net,Local Individuals,-84338253.0
2009-01-03,net,Local Individuals,137374308.79999995
2009-02-03,net,Local Individuals,124052045.69999993
2009-03-03,net,Local Individuals,550031232.8999999
2009-04-03,net,Local Individuals,237449926.0
2009-05-03,net,Local Individuals,1077531818.0
2009-06-03,net,Local Individuals,-87564409.0
2009-07-03,net,Local Individuals,42579302.0
2009-08-03,net,Local Individuals,95325654.0
2009-09-03,net,Local Individuals,-525827566.0
2009-10-03,net,Local Individuals,185230428.0
2009-11-03,net,Local Individuals,-309780693.0
2009-12-03,net,Local Individuals,621462034.0
2010-01-03,net,Local Individuals,155116775.0
2010-02-03,net,Local Individuals,711236723.0
2010-03-03,net,Local Individuals,-238065210.0
2010-04-03,net,Local Individuals,1625806724.0
2010-05-03,net,Local Individuals,-340250813.0
2010-06-03,net,Local Individuals,1668955126.0
2010-07-03,net,Local Individuals,-274017332.0
2010-08-03,net,Local Individuals,735280753.0
2010-09-03,net,Local Individuals,2168309320.0
2010-10-03,net,Local Individuals,-6819462454.0
2010-11-03,net,Local Individuals,-2685384936.0
2010-12-03,net,Local Individuals,-274210822.0
2011-01-03,net,Local Individuals,1246936461.0
2011-02-03,net,Local Individuals,156695790.0
2011-03-03,net,Local Individuals,-3607510207.0
2011-04-03,net,Local Individuals,-67783117.0
2011-05-03,net,Local Individuals,-257547824.0
2011-06-03,net,Local Individuals,-2013086384.0
2011-07-03,net,Local Individuals,-1304639873.0
2011-08-03,net,Local Individuals,-1465443498.0
2011-09-03,net,Local Individuals,-662686454.0
2011-10-03,net,Local Individuals,-1061140392.0
2011-11-03,net,Local Individuals,-3578421121.0
2011-12-03,net,Local Individuals,-784219759.0
2012-01-03,net,Local Individuals,-343856876.0
2012-02-03,net,Local Individuals,-2532801898.0
2012-03-03,net,Local Individuals,-3228696249.0
2012-04-03,net,Local Individuals,-1865194306.0
2012-05-03,net,Local Individuals,-1484632767.0
2012-06-03,net,Local Individuals,-748485722.0
2012-07-03,net,Local Individuals,-1853113059.0
2012-08-03,net,Local Individuals,-1263584697.0
2012-09-03,net,Local Individuals,-1358759393.0
2012-10-03,net,Local Individuals,-738160000.0
2012-11-03,net,Local Individuals,-1709444902.0
2012-12-03,net,Local Individuals,-1161171479.0
2013-01-03,net,Local Individuals,196797447.0
2013-02-03,net,Local Individuals,-1273168338.0
2013-03-03,net,Local Individuals,-1252679816.0
2013-04-03,net,Local Individuals,-2008662089.0
2013-05-03,net,Local Individuals,-3032552366.0
2013-06-03,net,Local Individuals,-1784413129.0
2013-07-03,net,Local Individuals,-219690236.0
2013-08-03,net,Local Individuals,-914474288.0
2013-09-03,net,Local Individuals,-2667669036.0
2013-10-03,net,Local Individuals,-2392626043.0
2013-11-03,net,Local Individuals,-1384745936.0
2013-12-03,net,Local Individuals,-1517069816.0
2014-01-03,net,Local Individuals,-540085276.0
2014-02-03,net,Local Individuals,2765090982.0
2014-03-03,net,Local Individuals,2352754173.0
2014-04-03,net,Local Individuals,2188972443.0
2014-05-03,net,Local Individuals,-9144545273.0
2014-06-03,net,Local Individuals,-5072868987.0
2014-07-03,net,Local Individuals,-3841101671.0
2014-08-03,net,Local Individuals,-689787415.0
2014-09-03,net,Local Individuals,249361154.0
2014-10-03,net,Local Individuals,-4942685599.0
2014-11-03,net,Local Individuals,-3035794438.0
2014-12-03,net,Local Individuals,-1482807811.0
2015-01-03,net,Local Individuals,229305993.0
2015-02-03,net,Local Individuals,-2170469497.0
2015-03-03,net,Local Individuals,-1694028549.0
2015-04-03,net,Local Individuals,-340245934.0
2015-05-03,net,Local Individuals,2961126567.0
2015-06-03,net,Local Individuals,-423478651.0
2015-07-03,net,Local Individuals,1089718474.0
2015-08-03,net,Local Individuals,1074822715.0
2015-09-03,net,Local Individuals,210804733.0
2015-10-03,net,Local Individuals,427911171.0
2015-11-03,net,Local Individuals,-46620251.0
2015-12-03,net,Local Individuals,-19663846.0
2016-01-03,net,Local Individuals,-528971543.0
2016-02-03,net,Local Individuals,-2774853551.0
2016-03-03,net,Local Individuals,1060307575.0
2016-04-03,net,Local Individuals,-59579790.0
2016-05-03,net,Local Individuals,525639484.0
2016-06-03,net,Local Individuals,273393085.0
2016-07-03,net,Local Individuals,-1060897970.0
2016-08-03,net,Local Individuals,-1051769244.0
2016-09-03,net,Local Individuals,-727451554.0
2016-10-03,net,Local Individuals,-697163818.0
2016-11-03,net,Local Individuals,-419223628.0
2016-12-03,net,Local Individuals,-679204588.0
2017-01-03,net,Local Individuals,1794571832.0
2017-02-03,net,Local Individuals,-1351288074.0
2017-03-03,net,Local Individuals,-687577562.0
2017-04-03,net,Local Individuals,-6104783721.0
2017-05-03,net,Local Individuals,-53731186.0
2017-06-03,net,Local Individuals,-1682072700.0
2017-07-03,net,Local Individuals,-1913583559.0
2017-08-03,net,Local Individuals,-1145765563.0
2017-09-03,net,Local Individuals,-1026542593.0
2017-10-03,net,Local Individuals,69405485.0
2017-11-03,net,Local Individuals,2063484120.0
2017-12-03,net,Local Individuals,-206860664.0
2018-01-03,net,Local Individuals,89761013.0
2018-02-03,net,Local Individuals,-505203440.0
2018-03-03,net,Local Individuals,645339370.0
2018-04-03,net,Local Individuals,-1234870546.0
2018-05-03,net,Local Individuals,-421428203.0
2018-06-03,net,Local Individuals,-359621989.0
2018-07-03,net,Local Individuals,548686929.0
2018-08-03,net,Local Individuals,-219511761.0
2018-09-03,net,Local Individuals,325096763.0
2018-10-03,net,Local Individuals,2008296384.0
2018-11-03,net,Local Individuals,383406551.0
2018-12-03,net,Local Individuals,1688716343.0
2019-01-03,net,Local Individuals,668703167.0
2019-02-03,net,Local Individuals,-161073050.0
2019-03-03,net,Local Individuals,1029127667.0
2019-04-03,net,Local Individuals,-1827711216.0
2019-05-03,net,Local Individuals,530860717.0
2019-06-03,net,Local Individuals,-133988552.0
2019-07-03,net,Local Individuals,807894862.0
2019-08-03,net,Local Individuals,-122091280.0
2019-09-03,net,Local Individuals,93599497.0
2019-10-03,net,Local Individuals,1384068724.0
2019-11-03,net,Local Individuals,4989280816.0
2019-12-03,net,Local Individuals,468400226.0
2020-01-03,net,Local Individuals,801536121.0
2020-02-03,net,Local Individuals,854984842.0
2020-03-03,net,Local Individuals,907408193.0
2020-05-03,net,Local Individuals,5459463555.0
2020-06-03,net,Local Individuals,3751089799.0
2020-07-03,net,Local Individuals,-202499710.0
2020-08-03,net,Local Individuals,5863331803.0
2020-09-03,net,Local Individuals,3385409251.0
2020-10-03,net,Local Individuals,1854037480.0
2020-11-03,net,Local Individuals,2608013099.0
2020-12-03,net,Local Individuals,6906289123.0
2021-01-03,net,Local Individuals,11612327683.0
2021-02-03,net,Local Individuals,1633345256.0
2021-03-03,net,Local Individuals,1589536466.0
2021-04-03,net,Local Individuals,-713472718.0
2021-05-03,net,Local Individuals,438487550.0
2021-06-03,net,Local Individuals,998885186.0
2021-07-03,net,Local Individuals,-515986467.0
2021-08-03,net,Local Individuals,1834705075.0
2021-09-03,net,Local Individuals,2140031071.0
2021-10-03,net,Local Individuals,2386015698.0
2021-11-03,net,Local Individuals,669171963.0
2021-12-03,net,Local Individuals,4754055035.0
2022-01-03,net,Local Individuals,3934324146.0
2022-02-03,net,Local Individuals,3336796676.0
2022-03-03,net,Local Individuals,2831263555.0
2022-04-03,net,Local Individuals,1638906596.0
2022-05-03,net,Local Individuals,1631165577.0
2022-06-03,net,Local Individuals,1260259495.0
2022-07-03,net,Local Individuals,1137650003.0
2022-08-03,net,Local Individuals,1740826658.0
2022-09-03,net,Local Individuals,-3409076376.0
2022-10-03,net,Local Individuals,-574373119.0
2022-11-03,net,Local Individuals,8615432.0
2022-12-03,net,Local Individuals,-3158813413.0
2023-01-03,net,Local Individuals,54422956.0
2023-02-03,net,Local Individuals,-1412221952.0
2023-03-03,net,Local Individuals,196380251.0
2023-04-03,net,Local Individuals,-683902322.0
2023-05-03,net,Local Individuals,-96359136.0
2023-06-03,net,Local Individuals,-1395181044.0
2023-07-03,net,Local Individuals,-1323489748.0
2023-08-03,net,Local Individuals,-2399102057.0
2023-09-03,net,Local Individuals,136766759.0
2023-10-03,net,Local Individuals,-85119241.0
2023-11-03,net,Local Individuals,-1666506497.0
2023-12-03,net,Local Individuals,466965787.0
2024-01-03,net,Local Individuals,407297788.0
2024-02-03,net,Local Individuals,1222658953.0
2024-03-03,net,Local Individuals,-229312853.0
2024-04-03,net,Local Individuals,1082333707.0
2024-05-03,net,Local Individuals,-1041484054.0
2024-06-03,net,Local Individuals,1877747306.0
2024-07-03,net,Local Individuals,-1595853970.0
2024-08-03,net,Local Individuals,212506069.0
2024-09-03,net,Local Individuals,632426943.0
2024-10-03,net,Local Individuals,-656443315.0
2024-11-03,net,Local Individuals,3115904438.0
2024-12-03,net,Local Individuals,3809341888.0
2025-01-03,net,Local Individuals,2633493990.0
2025-02-03,net,Local Individuals,399812224.0
2025-03-03,net,Local Individuals,1350875853.0
2025-04-03,net,Local Individuals,1170521041.0
2025-05-03,net,Local Individuals,3346732199.0
2025-06-03,net,Local Individuals,938642711.0
2025-07-03,net,Local Individuals,10316694505.0
2025-08-03,net,Local Individuals,11437315630.0
2025-09-03,net,Local Individuals,7947856753.0
2025-10-03,net,Local Individuals,12367293.0
2025-11-03,net,Local Individuals,3208310611.0
2025-12-03,net,Local Individuals,1388640918.0
1992-01-01,net,Total Foreign,5683056.0
1992-02-01,net,Total Foreign,121584971.0
1992-03-01,net,Total Foreign,96403879.0
1992-04-01,net,Total Foreign,11418560.0
1992-05-01,net,Total Foreign,-100777099.0
1992-06-01,net,Total Foreign,-7260066.0
1992-07-01,net,Total Foreign,120792873.0
1992-08-01,net,Total Foreign,20393538.0
1992-09-01,net,Total Foreign,21956824.0
1992-10-01,net,Total Foreign,91536557.0
1992-11-01,net,Total Foreign,62608925.0
1992-12-01,net,Total Foreign,45574025.0
1993-01-01,net,Total Foreign,101208145.0
1993-02-01,net,Total Foreign,75595087.0
1993-03-01,net,Total Foreign,149736417.0
1993-04-01,net,Total Foreign,151637311.0
1993-05-01,net,Total Foreign,757316879.0
1993-06-01,net,Total Foreign,278160421.0
1993-07-01,net,Total Foreign,394367599.0
1993-08-01,net,Total Foreign,-193586796.0
1993-09-01,net,Total Foreign,585891444.0
1993-10-01,net,Total Foreign,445015931.0
1993-11-01,net,Total Foreign,785638564.0
1993-12-01,net,Total Foreign,376090578.0
1994-01-01,net,Total Foreign,1287546923.0
1994-02-01,net,Total Foreign,373979770.0
1994-03-01,net,Total Foreign,-506687434.0
1994-04-01,net,Total Foreign,-125457128.0
1994-05-01,net,Total Foreign,96620611.0
1994-06-01,net,Total Foreign,394266903.0
1994-07-01,net,Total Foreign,150083526.0
1994-08-01,net,Total Foreign,204416051.0
1994-09-01,net,Total Foreign,179741173.0
1994-10-01,net,Total Foreign,-90133633.0
1994-11-01,net,Total Foreign,-298906140.0
1994-12-01,net,Total Foreign,-331149494.0
1995-01-01,net,Total Foreign,-228053945.0
1995-02-01,net,Total Foreign,-145347843.0
1995-03-01,net,Total Foreign,-201633629.0
1995-04-01,net,Total Foreign,-40314158.0
1995-05-01,net,Total Foreign,-79587651.0
1995-06-01,net,Total Foreign,183388518.0
1995-07-01,net,Total Foreign,227949693.0
1995-08-01,net,Total Foreign,20632295.0
1995-09-01,net,Total Foreign,158525619.0
1995-10-01,net,Total Foreign,74396235.0
1995-11-01,net,Total Foreign,59489520.0
1995-12-01,net,Total Foreign,-119215451.0
1996-01-01,net,Total Foreign,65146227.0
1996-02-01,net,Total Foreign,439214475.0
1996-03-01,net,Total Foreign,73278826.0
1996-04-01,net,Total Foreign,-81013137.0
1996-05-01,net,Total Foreign,-8675053.0
1996-06-01,net,Total Foreign,15054395.0
1996-07-01,net,Total Foreign,27877121.0
1996-08-01,net,Total Foreign,-25074525.0
1996-09-01,net,Total Foreign,2089120.0
1996-10-01,net,Total Foreign,-148491542.0
1996-11-01,net,Total Foreign,15234027.0
1996-12-01,net,Total Foreign,-23058806.0
1997-01-01,net,Total Foreign,-14409679.0
1997-02-01,net,Total Foreign,51699992.0
1997-03-01,net,Total Foreign,25603672.0
1997-04-01,net,Total Foreign,266348526.0
1997-05-01,net,Total Foreign,451201415.0
1997-06-01,net,Total Foreign,745396152.0
1997-07-01,net,Total Foreign,86113098.0
1997-08-01,net,Total Foreign,-137362094.0
1997-09-01,net,Total Foreign,-163083860.0
1997-10-01,net,Total Foreign,-106739611.0
1997-11-01,net,Total Foreign,-240490311.0
1997-12-01,net,Total Foreign,-248574416.0
1998-01-01,net,Total Foreign,-147054557.0
1998-02-01,net,Total Foreign,-97706622.0
1998-03-01,net,Total Foreign,63711858.0
1998-04-01,net,Total Foreign,-52373037.0
1998-05-01,net,Total Foreign,-423738208.0
1998-06-01,net,Total Foreign,-567537566.0
1998-07-01,net,Total Foreign,24660337.0
1998-08-01,net,Total Foreign,-164322230.0
1998-09-01,net,Total Foreign,-199935906.0
1998-10-01,net,Total Foreign,-64837468.0
1998-11-01,net,Total Foreign,152208719.0
1998-12-01,net,Total Foreign,-83112782.0
1999-01-01,net,Total Foreign,-307421681.0
1999-02-01,net,Total Foreign,-121062313.0
1999-03-01,net,Total Foreign,-231183365.0
1999-04-01,net,Total Foreign,-125236471.0
1999-05-01,net,Total Foreign,-28262966.0
1999-06-01,net,Total Foreign,-168460801.0
1999-07-01,net,Total Foreign,548789573.0
1999-08-01,net,Total Foreign,277737252.0
1999-09-01,net,Total Foreign,-322700817.0
1999-10-01,net,Total Foreign,-258603671.0
1999-11-01,net,Total Foreign,56084306.0
1999-12-01,net,Total Foreign,-268752567.0
2000-01-01,net,Total Foreign,-191360735.0
2000-02-01,net,Total Foreign,-491198603.0
2000-03-01,net,Total Foreign,-611477544.0
2000-04-01,net,Total Foreign,-151319161.0
2000-05-01,net,Total Foreign,-245139363.0
2000-06-01,net,Total Foreign,-611824837.0
2000-07-01,net,Total Foreign,-681965064.0
2000-08-01,net,Total Foreign,16186162.0
2000-09-01,net,Total Foreign,-34891867.0
2000-10-01,net,Total Foreign,-133250102.0
2000-11-01,net,Total Foreign,-104072925.0
2000-12-01,net,Total Foreign,-121353282.0
2001-01-01,net,Total Foreign,223173669.0
2001-02-01,net,Total Foreign,58097169.0
2001-03-01,net,Total Foreign,-63143421.0
2001-04-01,net,Total Foreign,-186504537.0
2001-05-01,net,Total Foreign,-274160740.0
2001-06-01,net,Total Foreign,-126458509.0
2001-07-01,net,Total Foreign,96798779.0
2001-08-01,net,Total Foreign,-197720209.0
2001-09-01,net,Total Foreign,-68443844.0
2001-10-01,net,Total Foreign,77402643.0
2001-11-01,net,Total Foreign,-142252169.0
2001-12-01,net,Total Foreign,-421620355.0
2002-01-01,net,Total Foreign,-324217679.75
2002-02-01,net,Total Foreign,-192487100.0
2002-03-01,net,Total Foreign,577833868.0
2002-04-01,net,Total Foreign,303943037.0
2002-05-01,net,Total Foreign,765158437.0
2002-06-01,net,Total Foreign,674163819.0
2002-07-01,net,Total Foreign,2246110.0
2002-08-01,net,Total Foreign,626918003.0
2002-09-01,net,Total Foreign,276243118.0
2002-10-01,net,Total Foreign,72573452.0
2002-11-01,net,Total Foreign,-286887418.0
2002-12-01,net,Total Foreign,-53086919.0
2003-01-03,net,Total Foreign,240231443.0
2003-02-03,net,Total Foreign,150501823.0
2003-03-03,net,Total Foreign,60676300.0
2003-04-03,net,Total Foreign,44169508.0
2003-05-03,net,Total Foreign,1453183681.0
2003-06-03,net,Total Foreign,81750050.0
2003-07-03,net,Total Foreign,408451126.0
2003-08-03,net,Total Foreign,514963202.0
2003-09-03,net,Total Foreign,-4573989075.0
2003-10-03,net,Total Foreign,361176788.0
2003-11-03,net,Total Foreign,676132221.0
2003-12-03,net,Total Foreign,792175966.0
2004-01-03,net,Total Foreign,236714715.0
2004-02-03,net,Total Foreign,546970700.0
2004-03-03,net,Total Foreign,29639173.0
2004-04-03,net,Total Foreign,-347503935.0
2004-05-03,net,Total Foreign,-123377017.0
2004-06-03,net,Total Foreign,204366055.0
2004-07-03,net,Total Foreign,-179784622.0
2004-08-03,net,Total Foreign,115284014.0
2004-09-03,net,Total Foreign,257927240.0
2004-10-03,net,Total Foreign,-64670397.0
2004-11-03,net,Total Foreign,279074197.0
2004-12-03,net,Total Foreign,155649625.0
2005-01-03,net,Total Foreign,-378187687.0
2005-02-03,net,Total Foreign,-29413694.0
2005-03-03,net,Total Foreign,440803655.0
2005-04-03,net,Total Foreign,-673331889.0
2005-05-03,net,Total Foreign,204446231.0
2005-06-03,net,Total Foreign,475110812.0
2005-07-03,net,Total Foreign,1545228625.0
2005-08-03,net,Total Foreign,1258627166.25
2005-09-03,net,Total Foreign,1994386318.0
2005-10-03,net,Total Foreign,357777177.0
2005-11-03,net,Total Foreign,429504221.0
2005-12-03,net,Total Foreign,318151954.0
2006-01-03,net,Total Foreign,-69615215.0
2006-02-03,net,Total Foreign,-567114354.0
2006-03-03,net,Total Foreign,1392880544.0
2006-04-03,net,Total Foreign,920128803.0
2006-05-03,net,Total Foreign,981534308.0
2006-06-03,net,Total Foreign,-273647260.0
2006-07-03,net,Total Foreign,421346146.25
2006-08-03,net,Total Foreign,-193949776.0
2006-09-03,net,Total Foreign,-1069534885.5
2006-10-03,net,Total Foreign,676422246.75
2006-11-03,net,Total Foreign,3576985765.6499996
2006-12-03,net,Total Foreign,-418109362.5
2007-01-03,net,Total Foreign,-850183585.0
2007-02-03,net,Total Foreign,-985313379.0
2007-03-03,net,Total Foreign,174593399.5
2007-04-03,net,Total Foreign,80058602.94999981
2007-05-03,net,Total Foreign,1882807834.5
2007-06-03,net,Total Foreign,1219107832.75
2007-07-03,net,Total Foreign,744760830.75
2007-08-03,net,Total Foreign,2718451561.0
2007-09-03,net,Total Foreign,-111067772.0
2007-10-03,net,Total Foreign,2051054987.0
2007-11-03,net,Total Foreign,1729159954.0
2007-12-03,net,Total Foreign,2600861643.0
2008-01-03,net,Total Foreign,720015552.0
2008-02-03,net,Total Foreign,1039179424.0
2008-03-03,net,Total Foreign,621545127.0
2008-04-03,net,Total Foreign,2146852690.0
2008-05-03,net,Total Foreign,263015948.0
2008-06-03,net,Total Foreign,-60386563.0
2008-07-03,net,Total Foreign,7694133551.0
2008-08-03,net,Total Foreign,952245776.0
2008-09-03,net,Total Foreign,1143619333.0
2008-10-03,net,Total Foreign,-403696853.0
2008-11-03,net,Total Foreign,-431949025.0
2008-12-03,net,Total Foreign,265928840.0
2009-01-03,net,Total Foreign,-94829936.5
2009-02-03,net,Total Foreign,89246368.5
2009-03-03,net,Total Foreign,2026567245.5
2009-04-03,net,Total Foreign,-483555454.0
2009-05-03,net,Total Foreign,-1916859280.0
2009-06-03,net,Total Foreign,-97556381.0
2009-07-03,net,Total Foreign,533599586.0
2009-08-03,net,Total Foreign,-176031783.0
2009-09-03,net,Total Foreign,871257963.0
2009-10-03,net,Total Foreign,1338690555.0
2009-11-03,net,Total Foreign,-2355581946.0
2009-12-03,net,Total Foreign,-520237563.0
2010-01-03,net,Total Foreign,-2935022450.5
2010-02-03,net,Total Foreign,-2106408424.0
2010-03-03,net,Total Foreign,-8034124169.549999
2010-04-03,net,Total Foreign,-3368043598.0
2010-05-03,net,Total Foreign,-1137161872.0
2010-06-03,net,Total Foreign,-5226457982.0
2010-07-03,net,Total Foreign,3501522748.0
2010-08-03,net,Total Foreign,2051627064.0
2010-09-03,net,Total Foreign,-3608806093.0
2010-10-03,net,Total Foreign,-11095699861.8
2010-11-03,net,Total Foreign,-117187767.0
2010-12-03,net,Total Foreign,-117453282.30000019
2011-01-03,net,Total Foreign,-2887927356.0
2011-02-03,net,Total Foreign,-4199683073.0
2011-03-03,net,Total Foreign,-34295882.0
2011-04-03,net,Total Foreign,-1234273432.0
2011-05-03,net,Total Foreign,1720015836.0
2011-06-03,net,Total Foreign,-775919883.0
2011-07-03,net,Total Foreign,-841550426.0
2011-08-03,net,Total Foreign,-2234618265.0
2011-09-03,net,Total Foreign,-6486362619.0
2011-10-03,net,Total Foreign,-42329682.0
2011-11-03,net,Total Foreign,-376605522.0
2011-12-03,net,Total Foreign,-1645671038.0
2012-01-03,net,Total Foreign,471521772.0
2012-02-03,net,Total Foreign,1907149862.0
2012-03-03,net,Total Foreign,17943398703.0
2012-04-03,net,Total Foreign,928990542.0
2012-05-03,net,Total Foreign,1338550825.0
2012-06-03,net,Total Foreign,618840887.0
2012-07-03,net,Total Foreign,2449566185.0
2012-08-03,net,Total Foreign,2830907932.0
2012-09-03,net,Total Foreign,3063010876.0
2012-10-03,net,Total Foreign,2401015889.0
2012-11-03,net,Total Foreign,1544108467.0
2012-12-03,net,Total Foreign,3175368468.0
2013-01-03,net,Total Foreign,-1353039064.0
2013-02-03,net,Total Foreign,1101569250.0
2013-03-03,net,Total Foreign,5131881291.0
2013-04-03,net,Total Foreign,3868792504.0
2013-05-03,net,Total Foreign,4877153781.0
2013-06-03,net,Total Foreign,1513658021.0
2013-07-03,net,Total Foreign,1061027353.0
2013-08-03,net,Total Foreign,2238271013.0
2013-09-03,net,Total Foreign,1403302770.0
2013-10-03,net,Total Foreign,3159316016.0
2013-11-03,net,Total Foreign,-515884347.0
2013-12-03,net,Total Foreign,297186076.0
2014-01-03,net,Total Foreign,980155271.0
2014-02-03,net,Total Foreign,-5104258847.0
2014-03-03,net,Total Foreign,-2802522966.0
2014-04-03,net,Total Foreign,-643008077.0
2014-05-03,net,Total Foreign,9607134279.0
2014-06-03,net,Total Foreign,3853870984.0
2014-07-03,net,Total Foreign,4704938096.0
2014-08-03,net,Total Foreign,-2982789351.0
2014-09-03,net,Total Foreign,-1262679768.0
2014-10-03,net,Total Foreign,7783625764.0
2014-11-03,net,Total Foreign,5611960096.0
2014-12-03,net,Total Foreign,1618056890.0
2015-01-03,net,Total Foreign,111438413.0
2015-02-03,net,Total Foreign,1390768712.0
2015-03-03,net,Total Foreign,1314652263.0
2015-04-03,net,Total Foreign,685282760.0
2015-05-03,net,Total Foreign,702116644.0
2015-06-03,net,Total Foreign,-2695262277.0
2015-07-03,net,Total Foreign,-836277221.0
2015-08-03,net,Total Foreign,-4453346514.0
2015-09-03,net,Total Foreign,-134304438.0
2015-10-03,net,Total Foreign,-624895025.0
2015-11-03,net,Total Foreign,-119759790.0
2015-12-03,net,Total Foreign,-712507147.0
2016-01-03,net,Total Foreign,-2855665626.0
2016-02-03,net,Total Foreign,1255984209.0
2016-03-03,net,Total Foreign,-551577021.0
2016-04-03,net,Total Foreign,-1043613162.0
2016-05-03,net,Total Foreign,-2635973195.0
2016-06-03,net,Total Foreign,-532164109.0
2016-07-03,net,Total Foreign,1428566716.0
2016-08-03,net,Total Foreign,974032424.0
2016-09-03,net,Total Foreign,724433755.0
2016-10-03,net,Total Foreign,1215838410.0
2016-11-03,net,Total Foreign,99416880.0
2016-12-03,net,Total Foreign,2270170181.0
2017-01-03,net,Total Foreign,-1656839120.0
2017-02-03,net,Total Foreign,1586643923.0
2017-03-03,net,Total Foreign,5130322582.0
2017-04-03,net,Total Foreign,10767378370.0
2017-05-03,net,Total Foreign,2974511721.0
2017-06-03,net,Total Foreign,2663958282.0
2017-07-03,net,Total Foreign,3595937713.0
2017-08-03,net,Total Foreign,1751547089.0
2017-09-03,net,Total Foreign,-9554610794.0
2017-10-03,net,Total Foreign,1964560656.0
2017-11-03,net,Total Foreign,-1757830457.0
2017-12-03,net,Total Foreign,263123680.0
2018-01-03,net,Total Foreign,4040822575.0
2018-02-03,net,Total Foreign,2022144939.0
2018-03-03,net,Total Foreign,-8692925238.0
2018-04-03,net,Total Foreign,1681468385.0
2018-05-03,net,Total Foreign,-631262846.0
2018-06-03,net,Total Foreign,9559801.0
2018-07-03,net,Total Foreign,-1204310232.0
2018-08-03,net,Total Foreign,-1657890455.0
2018-09-03,net,Total Foreign,-1661272793.0
2018-10-03,net,Total Foreign,-6976754426.0
2018-11-03,net,Total Foreign,-5392383778.0
2018-12-03,net,Total Foreign,-4724127242.0
2019-01-03,net,Total Foreign,-2263068103.0
2019-02-03,net,Total Foreign,-2645944338.0
2019-03-03,net,Total Foreign,-1187447960.0
2019-04-03,net,Total Foreign,1703280166.0
2019-05-03,net,Total Foreign,-1191687434.0
2019-06-03,net,Total Foreign,-785869720.0
2019-07-03,net,Total Foreign,7139002786.0
2019-08-03,net,Total Foreign,-2120602887.0
2019-09-03,net,Total Foreign,-1244250490.0
2019-10-03,net,Total Foreign,-1742509233.0
2019-11-03,net,Total Foreign,-6421337638.0
2019-12-03,net,Total Foreign,-977825413.0
2020-01-03,net,Total Foreign,-2977809137.0
2020-02-03,net,Total Foreign,-1084745871.0
2020-03-03,net,Total Foreign,-1237004137.0
2020-05-03,net,Total Foreign,-6917517764.0
2020-06-03,net,Total Foreign,-8602789190.0
2020-07-03,net,Total Foreign,-3355669887.0
2020-08-03,net,Total Foreign,-8069298374.0
2020-09-03,net,Total Foreign,-7743920367.0
2020-10-03,net,Total Foreign,-5358476211.0
2020-11-03,net,Total Foreign,-2788923622.0
2020-12-03,net,Total Foreign,-3087030119.0
2021-01-03,net,Total Foreign,-8510481234.0
2021-02-03,net,Total Foreign,-4960297699.0
2021-03-03,net,Total Foreign,-4231396212.0
2021-04-03,net,Total Foreign,-3772744192.0
2021-05-03,net,Total Foreign,-3848259149.0
2021-06-03,net,Total Foreign,-1159081830.0
2021-07-03,net,Total Foreign,-8166250686.0
2021-08-03,net,Total Foreign,-3351232743.0
2021-09-03,net,Total Foreign,-6904090400.0
2021-10-03,net,Total Foreign,-1424067763.0
2021-11-03,net,Total Foreign,-3999164079.0
2021-12-03,net,Total Foreign,-2320140090.0
2022-01-03,net,Total Foreign,-2729699634.0
2022-02-03,net,Total Foreign,-391409372.0
2022-03-03,net,Total Foreign,1420304908.0
2022-04-03,net,Total Foreign,366624699.0
2022-05-03,net,Total Foreign,149498636.0
2022-06-03,net,Total Foreign,-4239147.0
2022-07-03,net,Total Foreign,783918456.0
2022-08-03,net,Total Foreign,933907627.0
2022-09-03,net,Total Foreign,14724571138.0
2022-10-03,net,Total Foreign,2483791841.0
2022-11-03,net,Total Foreign,-167456652.0
2022-12-03,net,Total Foreign,13037009721.0
2023-01-03,net,Total Foreign,413369711.0
2023-02-03,net,Total Foreign,2835785110.0
2023-03-03,net,Total Foreign,-2605211990.0
2023-04-03,net,Total Foreign,887086153.0
2023-05-03,net,Total Foreign,-184389392.0
2023-06-03,net,Total Foreign,-286787553.0
2023-07-03,net,Total Foreign,2226660072.0
2023-08-03,net,Total Foreign,1805183487.0
2023-09-03,net,Total Foreign,-1450203595.0
2023-10-03,net,Total Foreign,500929215.0
2023-11-03,net,Total Foreign,861947238.0
2023-12-03,net,Total Foreign,-653410552.0
2024-01-03,net,Total Foreign,-2126575002.0
2024-02-03,net,Total Foreign,-1529711839.0
2024-03-03,net,Total Foreign,-4261925862.0
2024-04-03,net,Total Foreign,-23045854.0
2024-05-03,net,Total Foreign,-175663191.0
2024-06-03,net,Total Foreign,-907777763.0
2024-07-03,net,Total Foreign,3132463381.0
2024-08-03,net,Total Foreign,82856668.0
2024-09-03,net,Total Foreign,-638096909.0
2024-10-03,net,Total Foreign,-368679944.0
2024-11-03,net,Total Foreign,-3101321511.0
2024-12-03,net,Total Foreign,-561551149.0
2025-01-03,net,Total Foreign,-6460768451.0
2025-02-03,net,Total Foreign,-2593041787.0
2025-03-03,net,Total Foreign,-1666632355.0
2025-04-03,net,Total Foreign,799345312.0
2025-05-03,net,Total Foreign,133086470.0
2025-06-03,net,Total Foreign,-1994875941.0
2025-07-03,net,Total Foreign,-5916693877.0
2025-08-03,net,Total Foreign,-4587316218.0
2025-09-03,net,Total Foreign,-4803498717.0
2025-10-03,net,Total Foreign,-5688916834.0
2025-11-03,net,Total Foreign,-3667068870.0
2025-12-03,net,Total Foreign,-2179641221.0
1992-01-01,net,Total Local,-5683056.0
1992-02-01,net,Total Local,-121584971.0
1992-03-01,net,Total Local,-96403879.0
1992-04-01,net,Total Local,-11418560.0
1992-05-01,net,Total Local,100777099.0
1992-06-01,net,Total Local,7260066.0
1992-07-01,net,Total Local,-120792875.0
1992-08-01,net,Total Local,-71282539.0
1992-09-01,net,Total Local,-21956824.0
1992-10-01,net,Total Local,-91536558.0
1992-11-01,net,Total Local,-62608923.0
1992-12-01,net,Total Local,-45574025.0
1993-01-01,net,Total Local,-101208146.0
1993-02-01,net,Total Local,-75595087.0
1993-03-01,net,Total Local,-149736415.0
1993-04-01,net,Total Local,-151637311.0
1993-05-01,net,Total Local,-757316880.0
1993-06-01,net,Total Local,-278160691.0
1993-07-01,net,Total Local,-394367598.0
1993-08-01,net,Total Local,193586798.0
1993-09-01,net,Total Local,-585891444.0
1993-10-01,net,Total Local,-445015932.0
1993-11-01,net,Total Local,-785638564.0
1993-12-01,net,Total Local,-376090579.0
1994-01-01,net,Total Local,-1287546923.0
1994-02-01,net,Total Local,-373979770.0
1994-03-01,net,Total Local,506687432.0
1994-04-01,net,Total Local,125457129.0
1994-05-01,net,Total Local,-96620611.0
1994-06-01,net,Total Local,-394266903.0
1994-07-01,net,Total Local,-150083526.0
1994-08-01,net,Total Local,-204416051.0
1994-09-01,net,Total Local,-179741174.0
1994-10-01,net,Total Local,90133633.0
1994-11-01,net,Total Local,298906140.0
1994-12-01,net,Total Local,331149493.0
1995-01-01,net,Total Local,228053945.0
1995-02-01,net,Total Local,145347842.0
1995-03-01,net,Total Local,201633629.0
1995-04-01,net,Total Local,40314159.0
1995-05-01,net,Total Local,79587651.0
1995-06-01,net,Total Local,-183388519.0
1995-07-01,net,Total Local,-227949693.0
1995-08-01,net,Total Local,-20632294.0
1995-09-01,net,Total Local,-158525619.0
1995-10-01,net,Total Local,-74396235.0
1995-11-01,net,Total Local,-59489520.0
1995-12-01,net,Total Local,119215450.0
1996-01-01,net,Total Local,-65146227.0
1996-02-01,net,Total Local,-439214475.0
1996-03-01,net,Total Local,-73278826.0
1996-04-01,net,Total Local,81013138.0
1996-05-01,net,Total Local,8675053.0
1996-06-01,net,Total Local,-15054396.0
1996-07-01,net,Total Local,-27877119.0
1996-08-01,net,Total Local,25074526.0
1996-09-01,net,Total Local,-2089119.0
1996-10-01,net,Total Local,148491544.0
1996-11-01,net,Total Local,-15234027.0
1996-12-01,net,Total Local,23058806.0
1997-01-01,net,Total Local,14409680.0
1997-02-01,net,Total Local,-51699993.0
1997-03-01,net,Total Local,353112173.0
1997-04-01,net,Total Local,-266348527.0
1997-05-01,net,Total Local,-451201413.0
1997-06-01,net,Total Local,-745396151.0
1997-07-01,net,Total Local,-86113098.0
1997-08-01,net,Total Local,137362095.0
1997-09-01,net,Total Local,163083860.0
1997-10-01,net,Total Local,106739611.0
1997-11-01,net,Total Local,240490310.0
1997-12-01,net,Total Local,248574416.0
1998-01-01,net,Total Local,147054558.0
1998-02-01,net,Total Local,97706622.0
1998-03-01,net,Total Local,-63714858.0
1998-04-01,net,Total Local,52373038.0
1998-05-01,net,Total Local,423738208.0
1998-06-01,net,Total Local,567537567.0
1998-07-01,net,Total Local,-24660337.0
1998-08-01,net,Total Local,164322230.0
1998-09-01,net,Total Local,199935905.0
1998-10-01,net,Total Local,64837472.0
1998-11-01,net,Total Local,-152208719.0
1998-12-01,net,Total Local,83112783.0
1999-01-01,net,Total Local,307421680.0
1999-02-01,net,Total Local,121062313.0
1999-03-01,net,Total Local,231183365.0
1999-04-01,net,Total Local,125236471.0
1999-05-01,net,Total Local,28262966.0
1999-06-01,net,Total Local,168460802.0
1999-07-01,net,Total Local,-548789573.0
1999-08-01,net,Total Local,-277737252.0
1999-09-01,net,Total Local,322700818.0
1999-10-01,net,Total Local,258603672.0
1999-11-01,net,Total Local,-56084305.0
1999-12-01,net,Total Local,268752568.0
2000-01-01,net,Total Local,191360736.0
2000-02-01,net,Total Local,494198603.0
2000-03-01,net,Total Local,611477545.0
2000-04-01,net,Total Local,151319161.0
2000-05-01,net,Total Local,245139364.0
2000-06-01,net,Total Local,611824837.0
2000-07-01,net,Total Local,681965064.0
2000-08-01,net,Total Local,-16186162.0
2000-09-01,net,Total Local,34891867.0
2000-10-01,net,Total Local,133250102.0
2000-11-01,net,Total Local,104072926.0
2000-12-01,net,Total Local,157500494.0
2001-01-01,net,Total Local,-223173668.0
2001-02-01,net,Total Local,-58097169.0
2001-03-01,net,Total Local,63143422.0
2001-04-01,net,Total Local,186504537.0
2001-05-01,net,Total Local,274160741.0
2001-06-01,net,Total Local,126458509.0
2001-07-01,net,Total Local,-96798780.0
2001-08-01,net,Total Local,197720210.0
2001-09-01,net,Total Local,68443846.0
2001-10-01,net,Total Local,-77402643.0
2001-11-01,net,Total Local,142252168.0
2001-12-01,net,Total Local,421620355.0
2002-01-01,net,Total Local,324217679.75
2002-02-01,net,Total Local,192487100.0
2002-03-01,net,Total Local,-577833869.0
2002-04-01,net,Total Local,-303943036.0
2002-05-01,net,Total Local,-765158436.0
2002-06-01,net,Total Local,-674163820.0
2002-07-01,net,Total Local,-2246110.0
2002-08-01,net,Total Local,-626918003.0
2002-09-01,net,Total Local,-276243118.0
2002-10-01,net,Total Local,-72573452.0
2002-11-01,net,Total Local,286887418.0
2002-12-01,net,Total Local,53086920.0
2003-01-03,net,Total Local,-240231443.0
2003-02-03,net,Total Local,-150501824.0
2003-03-03,net,Total Local,-60676300.0
2003-04-03,net,Total Local,-44169508.0
2003-05-03,net,Total Local,-1453183681.0
2003-06-03,net,Total Local,-81750051.0
2003-07-03,net,Total Local,-408451125.0
2003-08-03,net,Total Local,-514963201.0
2003-09-03,net,Total Local,4573989075.0
2003-10-03,net,Total Local,-361176788.0
2003-11-03,net,Total Local,-676132221.0
2003-12-03,net,Total Local,-792175967.0
2004-01-03,net,Total Local,-236714715.0
2004-02-03,net,Total Local,-546970701.0
2004-03-03,net,Total Local,-29639173.0
2004-04-03,net,Total Local,347503623.0
2004-05-03,net,Total Local,123377018.0
2004-06-03,net,Total Local,-204366054.0
2004-07-03,net,Total Local,179784622.0
2004-08-03,net,Total Local,-115284014.0
2004-09-03,net,Total Local,-257927241.0
2004-10-03,net,Total Local,64670398.0
2004-11-03,net,Total Local,-279074197.0
2004-12-03,net,Total Local,-155649625.0
2005-01-03,net,Total Local,378187687.0
2005-02-03,net,Total Local,29413693.0
2005-03-03,net,Total Local,-440803655.0
2005-04-03,net,Total Local,673331888.0
2005-05-03,net,Total Local,-204446231.0
2005-06-03,net,Total Local,-475110811.0
2005-07-03,net,Total Local,-1545228624.0
2005-08-03,net,Total Local,-1258627166.25
2005-09-03,net,Total Local,-1994386319.0
2005-10-03,net,Total Local,-357777177.0
2005-11-03,net,Total Local,-429504221.0
2005-12-03,net,Total Local,-318151954.0
2006-01-03,net,Total Local,69615215.0
2006-02-03,net,Total Local,567114355.0
2006-03-03,net,Total Local,-1392880544.0
2006-04-03,net,Total Local,-920128803.0
2006-05-03,net,Total Local,-981534308.0
2006-06-03,net,Total Local,273647261.0
2006-07-03,net,Total Local,-421346146.4000006
2006-08-03,net,Total Local,193949775.5
2006-09-03,net,Total Local,1069534885.5
2006-10-03,net,Total Local,-676422246.75
2006-11-03,net,Total Local,-3576985766.4000015
2006-12-03,net,Total Local,418109362.5000005
2007-01-03,net,Total Local,850183586.0
2007-02-03,net,Total Local,985313380.0
2007-03-03,net,Total Local,-174593399.5
2007-04-03,net,Total Local,-80058602.94999981
2007-05-03,net,Total Local,-1882807834.6
2007-06-03,net,Total Local,-1219107832.75
2007-07-03,net,Total Local,-744760830.8000002
2007-08-03,net,Total Local,-2718451561.0
2007-09-03,net,Total Local,111067771.0
2007-10-03,net,Total Local,-2051054988.0
2007-11-03,net,Total Local,-1729159953.0
2007-12-03,net,Total Local,-2600861644.0
2008-01-03,net,Total Local,-720015551.0
2008-02-03,net,Total Local,-1039179423.0
2008-03-03,net,Total Local,-621545128.0
2008-04-03,net,Total Local,-2146852690.0
2008-05-03,net,Total Local,-263015949.0
2008-06-03,net,Total Local,60386563.0
2008-07-03,net,Total Local,-7694133550.0
2008-08-03,net,Total Local,-952245777.0
2008-09-03,net,Total Local,-1143619333.0
2008-10-03,net,Total Local,403696854.0
2008-11-03,net,Total Local,431949025.0
2008-12-03,net,Total Local,-265928840.0
2009-01-03,net,Total Local,94829936.5
2009-02-03,net,Total Local,-89246368.49999952
2009-03-03,net,Total Local,-2026567245.499999
2009-04-03,net,Total Local,483555454.0
2009-05-03,net,Total Local,1916859279.0
2009-06-03,net,Total Local,97556381.0
2009-07-03,net,Total Local,-533599586.0
2009-08-03,net,Total Local,176031783.0
2009-09-03,net,Total Local,-871257963.0
2009-10-03,net,Total Local,-1338690556.0
2009-11-03,net,Total Local,2355581946.0
2009-12-03,net,Total Local,520237561.0
2010-01-03,net,Total Local,2935022451.0
2010-02-03,net,Total Local,2106408423.550003
2010-03-03,net,Total Local,8034124169.200001
2010-04-03,net,Total Local,3368043598.0
2010-05-03,net,Total Local,1137161872.0
2010-06-03,net,Total Local,5226457982.0
2010-07-03,net,Total Local,-3501522748.0
2010-08-03,net,Total Local,-2051627065.0
2010-09-03,net,Total Local,3608806093.0
2010-10-03,net,Total Local,11095699861.5
2010-11-03,net,Total Local,117187767.0
2010-12-03,net,Total Local,117498282.59999847
2011-01-03,net,Total Local,2887927356.0
2011-02-03,net,Total Local,4199683074.0
2011-03-03,net,Total Local,34295880.0
2011-04-03,net,Total Local,1234273432.0
2011-05-03,net,Total Local,-1720015836.0
2011-06-03,net,Total Local,775919883.0
2011-07-03,net,Total Local,841550425.0
2011-08-03,net,Total Local,2234618265.0
2011-09-03,net,Total Local,6486362618.0
2011-10-03,net,Total Local,42329682.0
2011-11-03,net,Total Local,376605524.0
2011-12-03,net,Total Local,1645671038.0
2012-01-03,net,Total Local,-471521770.0
2012-02-03,net,Total Local,-1907149862.0
2012-03-03,net,Total Local,-17943398705.0
2012-04-03,net,Total Local,-928990543.0
2012-05-03,net,Total Local,-1338550825.0
2012-06-03,net,Total Local,-618840887.0
2012-07-03,net,Total Local,-2449566184.0
2012-08-03,net,Total Local,-2830907933.0
2012-09-03,net,Total Local,-3063010876.0
2012-10-03,net,Total Local,-2401015888.0
2012-11-03,net,Total Local,-1544108466.0
2012-12-03,net,Total Local,-3175368468.0
2013-01-03,net,Total Local,1353039064.0
2013-02-03,net,Total Local,-1101569251.0
2013-03-03,net,Total Local,-5131881291.0
2013-04-03,net,Total Local,-3868792504.0
2013-05-03,net,Total Local,-4877153781.0
2013-06-03,net,Total Local,-1513658021.0
2013-07-03,net,Total Local,-1061027353.0
2013-08-03,net,Total Local,-2238271013.0
2013-09-03,net,Total Local,-1403302770.0
2013-10-03,net,Total Local,-3159316016.0
2013-11-03,net,Total Local,515884347.0
2013-12-03,net,Total Local,-297186076.0
2014-01-03,net,Total Local,-980155271.0
2014-02-03,net,Total Local,-5104258847.0
2014-03-03,net,Total Local,2802522966.0
2014-04-03,net,Total Local,643008077.0
2014-05-03,net,Total Local,-9607134279.0
2014-06-03,net,Total Local,-3853870984.0
2014-07-03,net,Total Local,-4704938096.0
2014-08-03,net,Total Local,2982789351.0
2014-09-03,net,Total Local,1262679768.0
2014-10-03,net,Total Local,-7783625764.0
2014-11-03,net,Total Local,-5611960096.0
2014-12-03,net,Total Local,-1618056890.0
2015-01-03,net,Total Local,-111438413.0
2015-02-03,net,Total Local,-1390768712.0
2015-03-03,net,Total Local,-1314652263.0
2015-04-03,net,Total Local,-685282760.0
2015-05-03,net,Total Local,-702116644.0
2015-06-03,net,Total Local,2695262277.0
2015-07-03,net,Total Local,836277221.0
2015-08-03,net,Total Local,4453346514.0
2015-09-03,net,Total Local,134304438.0
2015-10-03,net,Total Local,624895025.0
2015-11-03,net,Total Local,119759790.0
2015-12-03,net,Total Local,712507147.0
2016-01-03,net,Total Local,2855665626.0
2016-02-03,net,Total Local,-1255984209.0
2016-03-03,net,Total Local,551577021.0
2016-04-03,net,Total Local,1043613162.0
2016-05-03,net,Total Local,2635973195.0
2016-06-03,net,Total Local,532164109.0
2016-07-03,net,Total Local,-1428566716.0
2016-08-03,net,Total Local,-974032424.0
2016-09-03,net,Total Local,-724433755.0
2016-10-03,net,Total Local,-1215838410.0
2016-11-03,net,Total Local,-99416880.0
2016-12-03,net,Total Local,-2270170181.0
2017-01-03,net,Total Local,1656839120.0
2017-02-03,net,Total Local,-1586643923.0
2017-03-03,net,Total Local,-5130322582.0
2017-04-03,net,Total Local,-10767378370.0
2017-05-03,net,Total Local,-2974511721.0
2017-06-03,net,Total Local,-2663958282.0
2017-07-03,net,Total Local,-3595937713.0
2017-08-03,net,Total Local,-1751547089.0
2017-09-03,net,Total Local,9554610794.0
2017-10-03,net,Total Local,-1964560656.0
2017-11-03,net,Total Local,1757830457.0
2017-12-03,net,Total Local,-263123680.0
2018-01-03,net,Total Local,-4040822575.0
2018-02-03,net,Total Local,-2022144939.0
2018-03-03,net,Total Local,8692925238.0
2018-04-03,net,Total Local,-1681468385.0
2018-05-03,net,Total Local,631262846.0
2018-06-03,net,Total Local,-9559801.0
2018-07-03,net,Total Local,1204310232.0
2018-08-03,net,Total Local,1657890455.0
2018-09-03,net,Total Local,1661272793.0
2018-10-03,net,Total Local,6976754426.0
2018-11-03,net,Total Local,5392383778.0
2018-12-03,net,Total Local,4724127242.0
2019-01-03,net,Total Local,2263068103.0
2019-02-03,net,Total Local,2645944338.0
2019-03-03,net,Total Local,1187447960.0
2019-04-03,net,Total Local,-1703280166.0
2019-05-03,net,Total Local,1191687434.0
2019-06-03,net,Total Local,785869720.0
2019-07-03,net,Total Local,-7139002786.0
2019-08-03,net,Total Local,2120602887.0
2019-09-03,net,Total Local,1244250490.0
2019-10-03,net,Total Local,1742509233.0
2019-11-03,net,Total Local,6421337638.0
2019-12-03,net,Total Local,977825413.0
2020-01-03,net,Total Local,2977809137.0
2020-02-03,net,Total Local,1084745871.0
2020-03-03,net,Total Local,1237004137.0
2020-05-03,net,Total Local,6917517764.0
2020-06-03,net,Total Local,8602789190.0
2020-07-03,net,Total Local,3355669887.0
2020-08-03,net,Total Local,8069298374.0
2020-09-03,net,Total Local,7743920367.0
2020-10-03,net,Total Local,5358476211.0
2020-11-03,net,Total Local,2788923622.0
2020-12-03,net,Total Local,3087030119.0
2021-01-03,net,Total Local,-8510481234.0
2021-02-03,net,Total Local,4960297699.0
2021-03-03,net,Total Local,4231396212.0
2021-04-03,net,Total Local,3772744192.0
2021-05-03,net,Total Local,3848259149.0
2021-06-03,net,Total Local,1159081830.0
2021-07-03,net,Total Local,8166250686.0
2021-08-03,net,Total Local,3351232743.0
2021-09-03,net,Total Local,6904090400.0
2021-10-03,net,Total Local,1424067763.0
2021-11-03,net,Total Local,3999164079.0
2021-12-03,net,Total Local,2320140090.0
2022-01-03,net,Total Local,2729699634.0
2022-02-03,net,Total Local,391409372.0
2022-03-03,net,Total Local,-1420304908.0
2022-04-03,net,Total Local,-366624699.0
2022-05-03,net,Total Local,-149498636.0
2022-06-03,net,Total Local,4239147.0
2022-07-03,net,Total Local,-783918456.0
2022-08-03,net,Total Local,-933907627.0
2022-09-03,net,Total Local,-14724571138.0
2022-10-03,net,Total Local,-2483791841.0
2022-11-03,net,Total Local,167456652.0
2022-12-03,net,Total Local,-13037009721.0
2023-01-03,net,Total Local,-413369711.0
2023-02-03,net,Total Local,-2835785110.0
2023-03-03,net,Total Local,2605211990.0
2023-04-03,net,Total Local,-887086153.0
2023-05-03,net,Total Local,184389392.0
2023-06-03,net,Total Local,286787553.0
2023-07-03,net,Total Local,-2226660072.0
2023-08-03,net,Total Local,-1805183487.0
2023-09-03,net,Total Local,1450203595.0
2023-10-03,net,Total Local,-500929215.0
2023-11-03,net,Total Local,-861947238.0
2023-12-03,net,Total Local,653410552.0
2024-01-03,net,Total Local,2126575002.0
2024-02-03,net,Total Local,1529711839.0
2024-03-03,net,Total Local,4261925862.0
2024-04-03,net,Total Local,23045854.0
2024-05-03,net,Total Local,175663191.0
2024-06-03,net,Total Local,907777763.0
2024-07-03,net,Total Local,-3132463381.0
2024-08-03,net,Total Local,-82856668.0
2024-09-03,net,Total Local,638096909.0
2024-10-03,net,Total Local,368679944.0
2024-12-03,net,Total Local,561551149.0
2025-01-03,net,Total Local,6460768451.0
2025-02-03,net,Total Local,2593041787.0
2025-03-03,net,Total Local,1666632355.0
2025-04-03,net,Total Local,-799345312.0
2025-05-03,net,Total Local,-133086470.0
2025-06-03,net,Total Local,1994875941.0
2025-07-03,net,Total Local,5916693877.0
2025-08-03,net,Total Local,4587316218.0
2025-09-03,net,Total Local,4803498717.0
2025-10-03,net,Total Local,5688916834.0
2025-11-03,net,Total Local,3667068870.0
2025-12-03,net,Total Local,2179641221.0
1992-01-01,purchases,Foreign Companies,246327012.0
1992-02-01,purchases,Foreign Companies,168819406.0
1992-03-01,purchases,Foreign Companies,148085808.0
1992-04-01,purchases,Foreign Companies,164070562.0
1992-05-01,purchases,Foreign Companies,92996190.0
1992-06-01,purchases,Foreign Companies,167605564.0
1992-07-01,purchases,Foreign Companies,205503399.0
1992-08-01,purchases,Foreign Companies,125018416.0
1992-09-01,purchases,Foreign Companies,115587338.0
1992-10-01,purchases,Foreign Companies,243370909.0
1992-11-01,purchases,Foreign Companies,162463372.0
1992-12-01,purchases,Foreign Companies,102771407.0
1993-01-01,purchases,Foreign Companies,186476968.0
1993-02-01,purchases,Foreign Companies,236910931.0
1993-03-01,purchases,Foreign Companies,253562659.0
1993-04-01,purchases,Foreign Companies,237035282.0
1993-05-01,purchases,Foreign Companies,893303362.0
1993-06-01,purchases,Foreign Companies,594212364.0
1993-07-01,purchases,Foreign Companies,1029980856.0
1993-08-01,purchases,Foreign Companies,902946326.0
1993-09-01,purchases,Foreign Companies,1198030923.0
1993-10-01,purchases,Foreign Companies,1178665680.0
1993-11-01,purchases,Foreign Companies,2975453181.0
1993-12-01,purchases,Foreign Companies,1484731551.0
1994-01-01,purchases,Foreign Companies,2262389630.0
1994-02-01,purchases,Foreign Companies,2072145225.0
1994-03-01,purchases,Foreign Companies,2224545552.0
1994-04-01,purchases,Foreign Companies,776524885.0
1994-05-01,purchases,Foreign Companies,638379790.0
1994-06-01,purchases,Foreign Companies,1222805026.0
1994-07-01,purchases,Foreign Companies,1033690875.0
1994-08-01,purchases,Foreign Companies,896544433.0
1994-09-01,purchases,Foreign Companies,1377269881.0
1994-10-01,purchases,Foreign Companies,642124280.0
1994-11-01,purchases,Foreign Companies,351530432.0
1994-12-01,purchases,Foreign Companies,402442950.0
1995-01-01,purchases,Foreign Companies,132748265.0
1995-02-01,purchases,Foreign Companies,271031152.0
1995-03-01,purchases,Foreign Companies,450494620.0
1995-04-01,purchases,Foreign Companies,267191980.0
1995-05-01,purchases,Foreign Companies,648296447.0
1995-06-01,purchases,Foreign Companies,698692408.0
1995-07-01,purchases,Foreign Companies,548435579.0
1995-08-01,purchases,Foreign Companies,771890735.0
1995-09-01,purchases,Foreign Companies,304990629.0
1995-10-01,purchases,Foreign Companies,190030675.0
1995-11-01,purchases,Foreign Companies,542509950.0
1995-12-01,purchases,Foreign Companies,404409351.0
1996-01-01,purchases,Foreign Companies,651042524.0
1996-02-01,purchases,Foreign Companies,726267591.0
1996-03-01,purchases,Foreign Companies,527223405.0
1996-04-01,purchases,Foreign Companies,185291857.0
1996-05-01,purchases,Foreign Companies,139933030.0
1996-06-01,purchases,Foreign Companies,224594225.0
1996-07-01,purchases,Foreign Companies,123265765.0
1996-08-01,purchases,Foreign Companies,107457017.0
1996-09-01,purchases,Foreign Companies,319260065.0
1996-10-01,purchases,Foreign Companies,302634725.0
1996-11-01,purchases,Foreign Companies,486872575.0
1996-12-01,purchases,Foreign Companies,268112613.0
1997-01-01,purchases,Foreign Companies,228078035.0
1997-02-01,purchases,Foreign Companies,217847925.0
1997-03-01,purchases,Foreign Companies,374234625.0
1997-04-01,purchases,Foreign Companies,977285649.0
1997-05-01,purchases,Foreign Companies,1024018975.0
1997-06-01,purchases,Foreign Companies,1095671390.0
1997-07-01,purchases,Foreign Companies,716501882.0
1997-08-01,purchases,Foreign Companies,597326595.0
1997-09-01,purchases,Foreign Companies,765175095.0
1997-10-01,purchases,Foreign Companies,712282511.0
1997-11-01,purchases,Foreign Companies,536416843.0
1997-12-01,purchases,Foreign Companies,501375100.0
1998-01-01,purchases,Foreign Companies,367036303.0
1998-02-01,purchases,Foreign Companies,568946485.0
1998-03-01,purchases,Foreign Companies,617552792.0
1998-04-01,purchases,Foreign Companies,466608261.0
1998-05-01,purchases,Foreign Companies,545583370.0
1998-06-01,purchases,Foreign Companies,518754430.0
1998-07-01,purchases,Foreign Companies,658893450.0
1998-08-01,purchases,Foreign Companies,259021276.0
1998-09-01,purchases,Foreign Companies,201926498.0
1998-10-01,purchases,Foreign Companies,238821799.0
1998-11-01,purchases,Foreign Companies,858220477.0
1998-12-01,purchases,Foreign Companies,147358896.0
1999-01-01,purchases,Foreign Companies,172609815.0
1999-02-01,purchases,Foreign Companies,140384581.0
1999-03-01,purchases,Foreign Companies,244711364.0
1999-04-01,purchases,Foreign Companies,168979405.0
1999-05-01,purchases,Foreign Companies,525996483.0
1999-06-01,purchases,Foreign Companies,356536720.0
1999-07-01,purchases,Foreign Companies,570276299.0
1999-08-01,purchases,Foreign Companies,621828484.0
1999-09-01,purchases,Foreign Companies,274870650.0
1999-10-01,purchases,Foreign Companies,285614416.0
1999-11-01,purchases,Foreign Companies,759808525.0
1999-12-01,purchases,Foreign Companies,349973675.0
2000-01-01,purchases,Foreign Companies,113482225.0
2000-02-01,purchases,Foreign Companies,105501850.0
2000-03-01,purchases,Foreign Companies,106747936.0
2000-04-01,purchases,Foreign Companies,128282800.0
2000-05-01,purchases,Foreign Companies,186065646.0
2000-06-01,purchases,Foreign Companies,113893500.0
2000-07-01,purchases,Foreign Companies,87991550.0
2000-08-01,purchases,Foreign Companies,208017485.0
2000-09-01,purchases,Foreign Companies,70693250.0
2000-10-01,purchases,Foreign Companies,50069946.0
2000-11-01,purchases,Foreign Companies,66758330.0
2000-12-01,purchases,Foreign Companies,48837925.0
2001-01-01,purchases,Foreign Companies,298406225.0
2001-02-01,purchases,Foreign Companies,92285000.0
2001-03-01,purchases,Foreign Companies,89851317.0
2001-04-01,purchases,Foreign Companies,56107650.0
2001-05-01,purchases,Foreign Companies,45565344.0
2001-06-01,purchases,Foreign Companies,118066765.0
2001-07-01,purchases,Foreign Companies,113046563.0
2001-08-01,purchases,Foreign Companies,413457472.0
2001-09-01,purchases,Foreign Companies,46898614.0
2001-10-01,purchases,Foreign Companies,330551121.0
2001-11-01,purchases,Foreign Companies,226318236.0
2001-12-01,purchases,Foreign Companies,127593085.0
2002-01-01,purchases,Foreign Companies,60984775.0
2002-02-01,purchases,Foreign Companies,33908925.0
2002-03-01,purchases,Foreign Companies,88678150.0
2002-04-01,purchases,Foreign Companies,508345200.0
2002-05-01,purchases,Foreign Companies,938428550.0
2002-06-01,purchases,Foreign Companies,1583146525.0
2002-07-01,purchases,Foreign Companies,122943305.0
2002-08-01,purchases,Foreign Companies,242362678.0
2002-09-01,purchases,Foreign Companies,668410274.0
2002-10-01,purchases,Foreign Companies,262066035.0
2002-11-01,purchases,Foreign Companies,120609691.0
2002-12-01,purchases,Foreign Companies,163852125.0
2003-01-03,purchases,Foreign Companies,262983500.0
2003-02-03,purchases,Foreign Companies,192739321.0
2003-03-03,purchases,Foreign Companies,624319138.0
2003-04-03,purchases,Foreign Companies,171794875.0
2003-05-03,purchases,Foreign Companies,752973720.0
2003-06-03,purchases,Foreign Companies,1187727240.0
2003-07-03,purchases,Foreign Companies,1260866360.0
2003-08-03,purchases,Foreign Companies,1223162126.0
2003-09-03,purchases,Foreign Companies,1658970520.0
2003-10-03,purchases,Foreign Companies,1758837586.0
2003-11-03,purchases,Foreign Companies,921736193.0
2003-12-03,purchases,Foreign Companies,831857450.0
2004-01-03,purchases,Foreign Companies,563441976.0
2004-02-03,purchases,Foreign Companies,819019979.0
2004-03-03,purchases,Foreign Companies,375801107.0
2004-04-03,purchases,Foreign Companies,313431250.0
2004-05-03,purchases,Foreign Companies,695496569.0
2004-06-03,purchases,Foreign Companies,1066432241.0
2004-07-03,purchases,Foreign Companies,1288073647.0
2004-08-03,purchases,Foreign Companies,387352375.0
2004-09-03,purchases,Foreign Companies,879647054.0
2004-10-03,purchases,Foreign Companies,512438150.0
2004-11-03,purchases,Foreign Companies,564102560.0
2004-12-03,purchases,Foreign Companies,543996492.0
2005-01-03,purchases,Foreign Companies,938372965.0
2005-02-03,purchases,Foreign Companies,928426425.0
2005-03-03,purchases,Foreign Companies,1315875675.0
2005-04-03,purchases,Foreign Companies,608606915.0
2005-05-03,purchases,Foreign Companies,980958390.0
2005-06-03,purchases,Foreign Companies,1008036140.0
2005-07-03,purchases,Foreign Companies,2309178311.0
2005-08-03,purchases,Foreign Companies,2639389720.0
2005-09-03,purchases,Foreign Companies,2297318590.0
2005-10-03,purchases,Foreign Companies,3439368400.0
2005-11-03,purchases,Foreign Companies,2135826115.0
2005-12-03,purchases,Foreign Companies,1035451155.0
2006-01-03,purchases,Foreign Companies,2849181700.0
2006-02-03,purchases,Foreign Companies,798805075.0
2006-03-03,purchases,Foreign Companies,4016090725.0
2006-04-03,purchases,Foreign Companies,1880881190.0
2006-05-03,purchases,Foreign Companies,1137361430.0
2006-06-03,purchases,Foreign Companies,745374850.0
2006-07-03,purchases,Foreign Companies,1253336237.0
2006-08-03,purchases,Foreign Companies,1532057875.0
2006-09-03,purchases,Foreign Companies,545680175.0
2006-10-03,purchases,Foreign Companies,2988895365.0
2006-11-03,purchases,Foreign Companies,9951990390.25
2006-12-03,purchases,Foreign Companies,1739497700.0
2007-01-03,purchases,Foreign Companies,2866100275.0
2007-02-03,purchases,Foreign Companies,3237662700.0
2007-03-03,purchases,Foreign Companies,1919901493.0
2007-04-03,purchases,Foreign Companies,2571713327.75
2007-05-03,purchases,Foreign Companies,10511794975.0
2007-06-03,purchases,Foreign Companies,2966795621.5
2007-07-03,purchases,Foreign Companies,1043245603.5
2007-08-03,purchases,Foreign Companies,3333592116.0
2007-09-03,purchases,Foreign Companies,3254360423.0
2007-10-03,purchases,Foreign Companies,3932321788.0
2007-11-03,purchases,Foreign Companies,3383787730.0
2007-12-03,purchases,Foreign Companies,3308158345.0
2008-01-03,purchases,Foreign Companies,1246772425.0
2008-02-03,purchases,Foreign Companies,2785025222.0
2008-03-03,purchases,Foreign Companies,2335744442.0
2008-04-03,purchases,Foreign Companies,41206091642.0
2008-05-03,purchases,Foreign Companies,874829238.0
2008-06-03,purchases,Foreign Companies,380311513.0
2008-07-03,purchases,Foreign Companies,8161060813.0
2008-08-03,purchases,Foreign Companies,2498266530.0
2008-09-03,purchases,Foreign Companies,1499278613.0
2008-10-03,purchases,Foreign Companies,546662003.0
2008-11-03,purchases,Foreign Companies,136225983.0
2008-12-03,purchases,Foreign Companies,529406971.0
2009-01-03,purchases,Foreign Companies,227252318.5
2009-02-03,purchases,Foreign Companies,989680245.5
2009-03-03,purchases,Foreign Companies,5441805875.75
2009-04-03,purchases,Foreign Companies,252636702.0
2009-05-03,purchases,Foreign Companies,3313237645.0
2009-06-03,purchases,Foreign Companies,4313119492.0
2009-07-03,purchases,Foreign Companies,2459609504.0
2009-08-03,purchases,Foreign Companies,2226572159.0
2009-09-03,purchases,Foreign Companies,3934357842.0
2009-10-03,purchases,Foreign Companies,4040033540.0
2009-11-03,purchases,Foreign Companies,2532418785.0
2009-12-03,purchases,Foreign Companies,9511843502.0
2010-01-03,purchases,Foreign Companies,7379344831.0
2010-02-03,purchases,Foreign Companies,1981099587.25
2010-03-03,purchases,Foreign Companies,4594764942.5
2010-04-03,purchases,Foreign Companies,2985341645.0
2010-05-03,purchases,Foreign Companies,7340204830.0
2010-06-03,purchases,Foreign Companies,6911083636.0
2010-07-03,purchases,Foreign Companies,9574374352.0
2010-08-03,purchases,Foreign Companies,8022018867.0
2010-09-03,purchases,Foreign Companies,6815160111.0
2010-10-03,purchases,Foreign Companies,6780098653.0
2010-11-03,purchases,Foreign Companies,5057413828.0
2010-12-03,purchases,Foreign Companies,5481892787.8
2011-01-03,purchases,Foreign Companies,2502066785.0
2011-02-03,purchases,Foreign Companies,3335713165.0
2011-03-03,purchases,Foreign Companies,6922411529.0
2011-04-03,purchases,Foreign Companies,2398261869.0
2011-05-03,purchases,Foreign Companies,5159693147.0
2011-06-03,purchases,Foreign Companies,2274990259.0
2011-07-03,purchases,Foreign Companies,3644270493.0
2011-08-03,purchases,Foreign Companies,1761691244.0
2011-09-03,purchases,Foreign Companies,1992281593.0
2011-10-03,purchases,Foreign Companies,3789242432.0
2011-11-03,purchases,Foreign Companies,1566164540.0
2011-12-03,purchases,Foreign Companies,2267217930.0
2012-01-03,purchases,Foreign Companies,3324105841.0
2012-02-03,purchases,Foreign Companies,5918767477.0
2012-03-03,purchases,Foreign Companies,20231699770.0
2012-04-03,purchases,Foreign Companies,2153567843.0
2012-05-03,purchases,Foreign Companies,2818257019.0
2012-06-03,purchases,Foreign Companies,2135438442.0
2012-07-03,purchases,Foreign Companies,3829033849.0
2012-08-03,purchases,Foreign Companies,4379566558.0
2012-09-03,purchases,Foreign Companies,6218022010.0
2012-10-03,purchases,Foreign Companies,5669911399.0
2012-11-03,purchases,Foreign Companies,6650772242.0
2012-12-03,purchases,Foreign Companies,6264486561.0
2013-01-03,purchases,Foreign Companies,11328296666.0
2013-02-03,purchases,Foreign Companies,8697251799.0
2013-03-03,purchases,Foreign Companies,8651365388.0
2013-04-03,purchases,Foreign Companies,6818950872.0
2013-05-03,purchases,Foreign Companies,8282344579.0
2013-06-03,purchases,Foreign Companies,7493162231.0
2013-07-03,purchases,Foreign Companies,3606498566.0
2013-08-03,purchases,Foreign Companies,6311445550.0
2013-09-03,purchases,Foreign Companies,5154386822.0
2013-10-03,purchases,Foreign Companies,5830854726.0
2013-11-03,purchases,Foreign Companies,3344677087.0
2013-12-03,purchases,Foreign Companies,3760394187.0
2014-01-03,purchases,Foreign Companies,7763653489.0
2014-02-03,purchases,Foreign Companies,3699583874.0
2014-03-03,purchases,Foreign Companies,3122359414.0
2014-04-03,purchases,Foreign Companies,7400222129.0
2014-05-03,purchases,Foreign Companies,12518404862.0
2014-06-03,purchases,Foreign Companies,7532842671.0
2014-07-03,purchases,Foreign Companies,9849942006.0
2014-08-03,purchases,Foreign Companies,9480620772.0
2014-09-03,purchases,Foreign Companies,10338893849.0
2014-10-03,purchases,Foreign Companies,14217996156.0
2014-11-03,purchases,Foreign Companies,9410655053.0
2014-12-03,purchases,Foreign Companies,6040230222.0
2015-01-03,purchases,Foreign Companies,6561190459.0
2015-02-03,purchases,Foreign Companies,8403245660.0
2015-03-03,purchases,Foreign Companies,4974465821.0
2015-04-03,purchases,Foreign Companies,5189636112.0
2015-05-03,purchases,Foreign Companies,6511498249.0
2015-06-03,purchases,Foreign Companies,2648093191.0
2015-07-03,purchases,Foreign Companies,8471918215.0
2015-08-03,purchases,Foreign Companies,6235579020.0
2015-09-03,purchases,Foreign Companies,5524331418.0
2015-10-03,purchases,Foreign Companies,7590187318.0
2015-11-03,purchases,Foreign Companies,4532531776.0
2015-12-03,purchases,Foreign Companies,13986712771.0
2016-01-03,purchases,Foreign Companies,3757122366.0
2016-02-03,purchases,Foreign Companies,5779273129.0
2016-03-03,purchases,Foreign Companies,6959119889.0
2016-04-03,purchases,Foreign Companies,3968623574.0
2016-05-03,purchases,Foreign Companies,6835325731.0
2016-06-03,purchases,Foreign Companies,3464775668.0
2016-07-03,purchases,Foreign Companies,4578746372.0
2016-08-03,purchases,Foreign Companies,7297764175.0
2016-09-03,purchases,Foreign Companies,5618487850.0
2016-10-03,purchases,Foreign Companies,4149119642.0
2016-11-03,purchases,Foreign Companies,3064976584.0
2016-12-03,purchases,Foreign Companies,17486536578.0
2017-01-03,purchases,Foreign Companies,5193403928.0
2017-02-03,purchases,Foreign Companies,6388174184.0
2017-03-03,purchases,Foreign Companies,12957721434.0
2017-04-03,purchases,Foreign Companies,18660082951.0
2017-05-03,purchases,Foreign Companies,6158856860.0
2017-06-03,purchases,Foreign Companies,12030622182.0
2017-07-03,purchases,Foreign Companies,8083540078.0
2017-08-03,purchases,Foreign Companies,6416766475.0
2017-09-03,purchases,Foreign Companies,7621657064.0
2017-10-03,purchases,Foreign Companies,11890558564.0
2017-11-03,purchases,Foreign Companies,8896583119.0
2017-12-03,purchases,Foreign Companies,5520047436.0
2018-01-03,purchases,Foreign Companies,10581998273.0
2018-02-03,purchases,Foreign Companies,8364353348.0
2018-03-03,purchases,Foreign Companies,7590276365.0
2018-04-03,purchases,Foreign Companies,5733522203.0
2018-05-03,purchases,Foreign Companies,5805656339.0
2018-06-03,purchases,Foreign Companies,5804994564.0
2018-07-03,purchases,Foreign Companies,2633267708.0
2018-08-03,purchases,Foreign Companies,4652788371.0
2018-09-03,purchases,Foreign Companies,3545494310.0
2018-10-03,purchases,Foreign Companies,5877669009.0
2018-11-03,purchases,Foreign Companies,4457605954.0
2018-12-03,purchases,Foreign Companies,5086014700.0
2019-01-03,purchases,Foreign Companies,4436785719.0
2019-02-03,purchases,Foreign Companies,5322888492.0
2019-03-03,purchases,Foreign Companies,4486402128.0
2019-04-03,purchases,Foreign Companies,5000202637.0
2019-05-03,purchases,Foreign Companies,1706899549.0
2019-06-03,purchases,Foreign Companies,1205862832.0
2019-07-03,purchases,Foreign Companies,12845927299.0
2019-08-03,purchases,Foreign Companies,2744336113.0
2019-09-03,purchases,Foreign Companies,6474191604.0
2019-10-03,purchases,Foreign Companies,5008267899.0
2019-11-03,purchases,Foreign Companies,2814106795.0
2019-12-03,purchases,Foreign Companies,2181203800.0
2020-01-03,purchases,Foreign Companies,27125862672.0
2020-02-03,purchases,Foreign Companies,1698914076.0
2020-03-03,purchases,Foreign Companies,1300602217.0
2020-05-03,purchases,Foreign Companies,3583333310.0
2020-06-03,purchases,Foreign Companies,3668311803.0
2020-07-03,purchases,Foreign Companies,4315476216.0
2020-08-03,purchases,Foreign Companies,1556789740.0
2020-09-03,purchases,Foreign Companies,2157635022.0
2020-10-03,purchases,Foreign Companies,1466343117.0
2020-11-03,purchases,Foreign Companies,1286303314.0
2020-12-03,purchases,Foreign Companies,1861571605.0
2021-01-03,purchases,Foreign Companies,2181177991.0
2021-02-03,purchases,Foreign Companies,2091065105.0
2021-03-03,purchases,Foreign Companies,8706134120.0
2021-04-03,purchases,Foreign Companies,1755546399.0
2021-05-03,purchases,Foreign Companies,2209246119.0
2021-06-03,purchases,Foreign Companies,2077014594.0
2021-07-03,purchases,Foreign Companies,1559763385.0
2021-08-03,purchases,Foreign Companies,832037323.0
2021-09-03,purchases,Foreign Companies,1783186698.0
2021-10-03,purchases,Foreign Companies,493588651.0
2021-11-03,purchases,Foreign Companies,955982172.0
2021-12-03,purchases,Foreign Companies,1439096451.0
2022-01-03,purchases,Foreign Companies,14450890304.0
2022-02-03,purchases,Foreign Companies,1316407527.0
2022-03-03,purchases,Foreign Companies,2083519376.0
2022-04-03,purchases,Foreign Companies,1064852246.0
2022-05-03,purchases,Foreign Companies,636803713.0
2022-06-03,purchases,Foreign Companies,524245793.0
2022-07-03,purchases,Foreign Companies,1045449099.0
2022-08-03,purchases,Foreign Companies,3139345278.0
2022-09-03,purchases,Foreign Companies,17411916959.0
2022-10-03,purchases,Foreign Companies,2780511710.0
2022-11-03,purchases,Foreign Companies,1317815984.0
2022-12-03,purchases,Foreign Companies,13645493166.0
2023-01-03,purchases,Foreign Companies,1231489823.0
2023-02-03,purchases,Foreign Companies,5643419761.0
2023-03-03,purchases,Foreign Companies,2586623588.0
2023-04-03,purchases,Foreign Companies,2148026326.0
2023-05-03,purchases,Foreign Companies,1190453613.0
2023-06-03,purchases,Foreign Companies,1486599839.0
2023-07-03,purchases,Foreign Companies,5499278740.0
2023-08-03,purchases,Foreign Companies,5940653213.0
2023-09-03,purchases,Foreign Companies,794340574.0
2023-10-03,purchases,Foreign Companies,2981807547.0
2023-11-03,purchases,Foreign Companies,4089876539.0
2023-12-03,purchases,Foreign Companies,1438952373.0
2024-01-03,purchases,Foreign Companies,1241359875.0
2024-02-03,purchases,Foreign Companies,13390141983.0
2024-03-03,purchases,Foreign Companies,976351147.0
2024-04-03,purchases,Foreign Companies,3757718377.0
2024-05-03,purchases,Foreign Companies,2833965698.0
2024-06-03,purchases,Foreign Companies,2294103367.0
2024-07-03,purchases,Foreign Companies,7485208759.0
2024-08-03,purchases,Foreign Companies,893368512.0
2024-09-03,purchases,Foreign Companies,984560372.0
2024-10-03,purchases,Foreign Companies,2518649976.0
2024-11-03,purchases,Foreign Companies,1777566749.0
2024-12-03,purchases,Foreign Companies,4289517421.0
2025-01-03,purchases,Foreign Companies,3170854877.0
2025-02-03,purchases,Foreign Companies,4068774412.0
2025-03-03,purchases,Foreign Companies,1944303976.0
2025-04-03,purchases,Foreign Companies,3464292840.0
2025-05-03,purchases,Foreign Companies,4553747368.0
2025-06-03,purchases,Foreign Companies,3010572573.0
2025-07-03,purchases,Foreign Companies,3795556121.0
2025-08-03,purchases,Foreign Companies,3251803020.0
2025-09-03,purchases,Foreign Companies,9235348396.0
2025-10-03,purchases,Foreign Companies,2572641882.0
2025-11-03,purchases,Foreign Companies,2230988268.0
2025-12-03,purchases,Foreign Companies,1199803659.0
1992-01-01,purchases,Foreign Individuals,3019237.0
1992-02-01,purchases,Foreign Individuals,4017310.0
1992-03-01,purchases,Foreign Individuals,5332706.0
1992-04-01,purchases,Foreign Individuals,7590117.0
1992-05-01,purchases,Foreign Individuals,12027229.0
1992-06-01,purchases,Foreign Individuals,6884400.0
1992-07-01,purchases,Foreign Individuals,3763630.0
1992-08-01,purchases,Foreign Individuals,3827157.0
1992-09-01,purchases,Foreign Individuals,3172008.0
1992-10-01,purchases,Foreign Individuals,7341253.0
1992-11-01,purchases,Foreign Individuals,8914659.0
1992-12-01,purchases,Foreign Individuals,3229854.0
1993-01-01,purchases,Foreign Individuals,18946465.0
1993-02-01,purchases,Foreign Individuals,10089992.0
1993-03-01,purchases,Foreign Individuals,12536243.0
1993-04-01,purchases,Foreign Individuals,6926450.0
1993-05-01,purchases,Foreign Individuals,5428213.0
1993-06-01,purchases,Foreign Individuals,19660418.0
1993-07-01,purchases,Foreign Individuals,16795775.0
1993-08-01,purchases,Foreign Individuals,29234470.0
1993-09-01,purchases,Foreign Individuals,20631715.0
1993-10-01,purchases,Foreign Individuals,16428598.0
1993-11-01,purchases,Foreign Individuals,60552125.0
1993-12-01,purchases,Foreign Individuals,46299787.0
1994-01-01,purchases,Foreign Individuals,54059722.0
1994-02-01,purchases,Foreign Individuals,106457170.0
1994-03-01,purchases,Foreign Individuals,121082893.0
1994-04-01,purchases,Foreign Individuals,20367385.0
1994-05-01,purchases,Foreign Individuals,22901825.0
1994-06-01,purchases,Foreign Individuals,19311173.0
1994-07-01,purchases,Foreign Individuals,15401804.0
1994-08-01,purchases,Foreign Individuals,45124790.0
1994-09-01,purchases,Foreign Individuals,76063971.0
1994-10-01,purchases,Foreign Individuals,33769175.0
1994-11-01,purchases,Foreign Individuals,37153434.0
1994-12-01,purchases,Foreign Individuals,21315726.0
1995-01-01,purchases,Foreign Individuals,21695148.0
1995-02-01,purchases,Foreign Individuals,23559805.0
1995-03-01,purchases,Foreign Individuals,17354480.0
1995-04-01,purchases,Foreign Individuals,5331275.0
1995-05-01,purchases,Foreign Individuals,8163653.0
1995-06-01,purchases,Foreign Individuals,12025850.0
1995-07-01,purchases,Foreign Individuals,4905492.0
1995-08-01,purchases,Foreign Individuals,18922287.0
1995-09-01,purchases,Foreign Individuals,8097580.0
1995-10-01,purchases,Foreign Individuals,7603415.0
1995-11-01,purchases,Foreign Individuals,8466550.0
1995-12-01,purchases,Foreign Individuals,22424112.0
1996-01-01,purchases,Foreign Individuals,10462975.0
1996-02-01,purchases,Foreign Individuals,11278648.0
1996-03-01,purchases,Foreign Individuals,14752440.0
1996-04-01,purchases,Foreign Individuals,37923525.0
1996-05-01,purchases,Foreign Individuals,7690848.0
1996-06-01,purchases,Foreign Individuals,7279425.0
1996-07-01,purchases,Foreign Individuals,5555340.0
1996-08-01,purchases,Foreign Individuals,10408000.0
1996-09-01,purchases,Foreign Individuals,7367735.0
1996-10-01,purchases,Foreign Individuals,15994697.0
1996-11-01,purchases,Foreign Individuals,10864960.0
1996-12-01,purchases,Foreign Individuals,22352153.0
1997-01-01,purchases,Foreign Individuals,16117901.0
1997-02-01,purchases,Foreign Individuals,8022502.0
1997-03-01,purchases,Foreign Individuals,14543548.0
1997-04-01,purchases,Foreign Individuals,167236363.0
1997-05-01,purchases,Foreign Individuals,19352067.0
1997-06-01,purchases,Foreign Individuals,30015715.0
1997-07-01,purchases,Foreign Individuals,48810543.0
1997-08-01,purchases,Foreign Individuals,44249704.0
1997-09-01,purchases,Foreign Individuals,16713925.0
1997-10-01,purchases,Foreign Individuals,70541843.0
1997-11-01,purchases,Foreign Individuals,19682550.0
1997-12-01,purchases,Foreign Individuals,16545118.0
1998-01-01,purchases,Foreign Individuals,12917540.0
1998-02-01,purchases,Foreign Individuals,35552016.0
1998-03-01,purchases,Foreign Individuals,25313971.0
1998-04-01,purchases,Foreign Individuals,27184802.0
1998-05-01,purchases,Foreign Individuals,23668700.0
1998-06-01,purchases,Foreign Individuals,17807425.0
1998-07-01,purchases,Foreign Individuals,15569563.0
1998-08-01,purchases,Foreign Individuals,9635357.0
1998-09-01,purchases,Foreign Individuals,8577214.0
1998-10-01,purchases,Foreign Individuals,4105875.0
1998-11-01,purchases,Foreign Individuals,10133559.0
1998-12-01,purchases,Foreign Individuals,6288783.0
1999-01-01,purchases,Foreign Individuals,14712838.0
1999-02-01,purchases,Foreign Individuals,12763445.0
1999-03-01,purchases,Foreign Individuals,6665525.0
1999-04-01,purchases,Foreign Individuals,4891383.0
1999-05-01,purchases,Foreign Individuals,36995203.0
1999-06-01,purchases,Foreign Individuals,21892275.0
1999-07-01,purchases,Foreign Individuals,401198826.0
1999-08-01,purchases,Foreign Individuals,22349890.0
1999-09-01,purchases,Foreign Individuals,15639220.0
1999-10-01,purchases,Foreign Individuals,13185806.0
1999-11-01,purchases,Foreign Individuals,5850875.0
1999-12-01,purchases,Foreign Individuals,24196000.0
2000-01-01,purchases,Foreign Individuals,12319754.0
2000-02-01,purchases,Foreign Individuals,11242001.0
2000-03-01,purchases,Foreign Individuals,18036962.0
2000-04-01,purchases,Foreign Individuals,9884802.0
2000-05-01,purchases,Foreign Individuals,9006415.0
2000-06-01,purchases,Foreign Individuals,11478425.0
2000-07-01,purchases,Foreign Individuals,24081200.0
2000-08-01,purchases,Foreign Individuals,8814150.0
2000-09-01,purchases,Foreign Individuals,10924374.0
2000-10-01,purchases,Foreign Individuals,8504200.0
2000-11-01,purchases,Foreign Individuals,21167841.0
2000-12-01,purchases,Foreign Individuals,16439005.0
2001-01-01,purchases,Foreign Individuals,4157125.0
2001-02-01,purchases,Foreign Individuals,4347175.0
2001-03-01,purchases,Foreign Individuals,8574425.0
2001-04-01,purchases,Foreign Individuals,1963743.0
2001-05-01,purchases,Foreign Individuals,5120025.0
2001-06-01,purchases,Foreign Individuals,6055881.0
2001-07-01,purchases,Foreign Individuals,12869855.0
2001-08-01,purchases,Foreign Individuals,10978150.0
2001-09-01,purchases,Foreign Individuals,3461191.0
2001-10-01,purchases,Foreign Individuals,9517250.0
2001-11-01,purchases,Foreign Individuals,52122671.0
2001-12-01,purchases,Foreign Individuals,34594588.0
2002-01-01,purchases,Foreign Individuals,137540175.0
2002-02-01,purchases,Foreign Individuals,90889396.0
2002-03-01,purchases,Foreign Individuals,799412113.0
2002-04-01,purchases,Foreign Individuals,56740310.0
2002-05-01,purchases,Foreign Individuals,92533175.0
2002-06-01,purchases,Foreign Individuals,43839300.0
2002-07-01,purchases,Foreign Individuals,136720793.0
2002-08-01,purchases,Foreign Individuals,1114751990.0
2002-09-01,purchases,Foreign Individuals,77776894.0
2002-10-01,purchases,Foreign Individuals,74475316.0
2002-11-01,purchases,Foreign Individuals,45801282.0
2002-12-01,purchases,Foreign Individuals,14432592.0
2003-01-03,purchases,Foreign Individuals,363924325.0
2003-02-03,purchases,Foreign Individuals,35006376.0
2003-03-03,purchases,Foreign Individuals,20117383.0
2003-04-03,purchases,Foreign Individuals,43094859.0
2003-05-03,purchases,Foreign Individuals,1029702375.0
2003-06-03,purchases,Foreign Individuals,252744299.0
2003-07-03,purchases,Foreign Individuals,152832150.0
2003-08-03,purchases,Foreign Individuals,145147960.0
2003-09-03,purchases,Foreign Individuals,184424581.0
2003-10-03,purchases,Foreign Individuals,398789623.0
2003-11-03,purchases,Foreign Individuals,365098187.0
2003-12-03,purchases,Foreign Individuals,105136865.0
2004-01-03,purchases,Foreign Individuals,93982612.0
2004-02-03,purchases,Foreign Individuals,229282210.0
2004-03-03,purchases,Foreign Individuals,156537991.0
2004-04-03,purchases,Foreign Individuals,175167450.0
2004-05-03,purchases,Foreign Individuals,254912129.0
2004-06-03,purchases,Foreign Individuals,256775782.0
2004-07-03,purchases,Foreign Individuals,540138255.0
2004-08-03,purchases,Foreign Individuals,195039460.0
2004-09-03,purchases,Foreign Individuals,578186691.0
2004-10-03,purchases,Foreign Individuals,237121113.0
2004-11-03,purchases,Foreign Individuals,105536533.0
2004-12-03,purchases,Foreign Individuals,450071929.0
2005-01-03,purchases,Foreign Individuals,239715754.0
2005-02-03,purchases,Foreign Individuals,404772134.0
2005-03-03,purchases,Foreign Individuals,529539705.0
2005-04-03,purchases,Foreign Individuals,698225658.0
2005-05-03,purchases,Foreign Individuals,380788385.0
2005-06-03,purchases,Foreign Individuals,133654857.0
2005-07-03,purchases,Foreign Individuals,442230866.0
2005-08-03,purchases,Foreign Individuals,1107649828.0
2005-09-03,purchases,Foreign Individuals,1377044334.0
2005-10-03,purchases,Foreign Individuals,162250070.0
2005-11-03,purchases,Foreign Individuals,1823886923.0
2005-12-03,purchases,Foreign Individuals,463031796.0
2006-01-03,purchases,Foreign Individuals,839046860.0
2006-02-03,purchases,Foreign Individuals,585739150.0
2006-03-03,purchases,Foreign Individuals,715010794.0
2006-04-03,purchases,Foreign Individuals,420471288.0
2006-05-03,purchases,Foreign Individuals,687804112.0
2006-06-03,purchases,Foreign Individuals,340363897.0
2006-07-03,purchases,Foreign Individuals,609523501.0
2006-08-03,purchases,Foreign Individuals,928179679.0
2006-09-03,purchases,Foreign Individuals,387661375.0
2006-10-03,purchases,Foreign Individuals,318395746.0
2006-11-03,purchases,Foreign Individuals,1033977779.75
2006-12-03,purchases,Foreign Individuals,861943435.75
2007-01-03,purchases,Foreign Individuals,399415593.0
2007-02-03,purchases,Foreign Individuals,623683348.0
2007-03-03,purchases,Foreign Individuals,1159347176.5
2007-04-03,purchases,Foreign Individuals,139304322.5
2007-05-03,purchases,Foreign Individuals,228771755.5
2007-06-03,purchases,Foreign Individuals,604173144.5
2007-07-03,purchases,Foreign Individuals,267381970.0
2007-08-03,purchases,Foreign Individuals,271618730.0
2007-09-03,purchases,Foreign Individuals,152002261.0
2007-10-03,purchases,Foreign Individuals,221949478.0
2007-11-03,purchases,Foreign Individuals,293634751.0
2007-12-03,purchases,Foreign Individuals,106107038.0
2008-01-03,purchases,Foreign Individuals,180582754.0
2008-02-03,purchases,Foreign Individuals,311146220.0
2008-03-03,purchases,Foreign Individuals,1841492018.0
2008-04-03,purchases,Foreign Individuals,390545678.0
2008-05-03,purchases,Foreign Individuals,218227913.0
2008-06-03,purchases,Foreign Individuals,90560539.0
2008-07-03,purchases,Foreign Individuals,291817398.0
2008-08-03,purchases,Foreign Individuals,341745688.0
2008-09-03,purchases,Foreign Individuals,97940905.0
2008-10-03,purchases,Foreign Individuals,127869574.0
2008-11-03,purchases,Foreign Individuals,497559688.0
2008-12-03,purchases,Foreign Individuals,43035603.0
2009-01-03,purchases,Foreign Individuals,96009657.0
2009-02-03,purchases,Foreign Individuals,87084100.0
2009-03-03,purchases,Foreign Individuals,46305061.25
2009-04-03,purchases,Foreign Individuals,140330143.0
2009-05-03,purchases,Foreign Individuals,606692279.0
2009-06-03,purchases,Foreign Individuals,381893665.0
2009-07-03,purchases,Foreign Individuals,421228265.0
2009-08-03,purchases,Foreign Individuals,182107134.0
2009-09-03,purchases,Foreign Individuals,504437298.0
2009-10-03,purchases,Foreign Individuals,643319725.0
2009-11-03,purchases,Foreign Individuals,200731812.0
2009-12-03,purchases,Foreign Individuals,508319834.0
2010-01-03,purchases,Foreign Individuals,690674550.0
2010-02-03,purchases,Foreign Individuals,1440410787.5
2010-03-03,purchases,Foreign Individuals,607739768.5
2010-04-03,purchases,Foreign Individuals,766046976.0
2010-05-03,purchases,Foreign Individuals,825897122.0
2010-06-03,purchases,Foreign Individuals,1240312384.0
2010-07-03,purchases,Foreign Individuals,1459771768.0
2010-08-03,purchases,Foreign Individuals,1409929963.0
2010-09-03,purchases,Foreign Individuals,2096640266.0
2010-10-03,purchases,Foreign Individuals,1325062090.0
2010-11-03,purchases,Foreign Individuals,736773382.0
2010-12-03,purchases,Foreign Individuals,1045602080.2
2011-01-03,purchases,Foreign Individuals,2154974076.0
2011-02-03,purchases,Foreign Individuals,1504481706.0
2011-03-03,purchases,Foreign Individuals,1081496403.0
2011-04-03,purchases,Foreign Individuals,837718106.0
2011-05-03,purchases,Foreign Individuals,1253854676.0
2011-06-03,purchases,Foreign Individuals,1774903767.0
2011-07-03,purchases,Foreign Individuals,666792830.0
2011-08-03,purchases,Foreign Individuals,891777050.0
2011-09-03,purchases,Foreign Individuals,880096580.0
2011-10-03,purchases,Foreign Individuals,513372777.0
2011-11-03,purchases,Foreign Individuals,378335809.0
2011-12-03,purchases,Foreign Individuals,224998940.0
2012-01-03,purchases,Foreign Individuals,421199829.0
2012-02-03,purchases,Foreign Individuals,329067717.0
2012-03-03,purchases,Foreign Individuals,211362737.0
2012-04-03,purchases,Foreign Individuals,306408920.0
2012-05-03,purchases,Foreign Individuals,311016423.0
2012-06-03,purchases,Foreign Individuals,120994566.0
2012-07-03,purchases,Foreign Individuals,95900211.0
2012-08-03,purchases,Foreign Individuals,130881713.0
2012-09-03,purchases,Foreign Individuals,476593948.0
2012-10-03,purchases,Foreign Individuals,305251041.0
2012-11-03,purchases,Foreign Individuals,247569929.0
2012-12-03,purchases,Foreign Individuals,76121825.0
2013-01-03,purchases,Foreign Individuals,151656722.0
2013-02-03,purchases,Foreign Individuals,153910751.0
2013-03-03,purchases,Foreign Individuals,179355363.0
2013-04-03,purchases,Foreign Individuals,372446375.0
2013-05-03,purchases,Foreign Individuals,658726274.0
2013-06-03,purchases,Foreign Individuals,654726360.0
2013-07-03,purchases,Foreign Individuals,378254258.0
2013-08-03,purchases,Foreign Individuals,460636423.0
2013-09-03,purchases,Foreign Individuals,210754886.0
2013-10-03,purchases,Foreign Individuals,366291240.0
2013-11-03,purchases,Foreign Individuals,403165075.0
2013-12-03,purchases,Foreign Individuals,386997249.0
2014-01-03,purchases,Foreign Individuals,327946057.0
2014-02-03,purchases,Foreign Individuals,137740373.0
2014-03-03,purchases,Foreign Individuals,103219267.0
2014-04-03,purchases,Foreign Individuals,125801635.0
2014-05-03,purchases,Foreign Individuals,561255116.0
2014-06-03,purchases,Foreign Individuals,259827137.0
2014-07-03,purchases,Foreign Individuals,416992934.0
2014-08-03,purchases,Foreign Individuals,376459182.0
2014-09-03,purchases,Foreign Individuals,421359803.0
2014-10-03,purchases,Foreign Individuals,307097026.0
2014-11-03,purchases,Foreign Individuals,446506106.0
2014-12-03,purchases,Foreign Individuals,86434275.0
2015-01-03,purchases,Foreign Individuals,361365699.0
2015-02-03,purchases,Foreign Individuals,456833177.0
2015-03-03,purchases,Foreign Individuals,252391062.0
2015-04-03,purchases,Foreign Individuals,154865352.0
2015-05-03,purchases,Foreign Individuals,919548456.0
2015-06-03,purchases,Foreign Individuals,414798599.0
2015-07-03,purchases,Foreign Individuals,266044911.0
2015-08-03,purchases,Foreign Individuals,381273495.0
2015-09-03,purchases,Foreign Individuals,113393493.0
2015-10-03,purchases,Foreign Individuals,161443480.0
2015-11-03,purchases,Foreign Individuals,74264850.0
2015-12-03,purchases,Foreign Individuals,235646416.0
2016-01-03,purchases,Foreign Individuals,110814671.0
2016-02-03,purchases,Foreign Individuals,83095889.0
2016-03-03,purchases,Foreign Individuals,92456314.0
2016-04-03,purchases,Foreign Individuals,158363161.0
2016-05-03,purchases,Foreign Individuals,149781093.0
2016-06-03,purchases,Foreign Individuals,166802260.0
2016-07-03,purchases,Foreign Individuals,128571971.0
2016-08-03,purchases,Foreign Individuals,479588422.0
2016-09-03,purchases,Foreign Individuals,104183996.0
2016-10-03,purchases,Foreign Individuals,83654860.0
2016-11-03,purchases,Foreign Individuals,54916216.0
2016-12-03,purchases,Foreign Individuals,52532939.0
2017-01-03,purchases,Foreign Individuals,314321080.0
2017-02-03,purchases,Foreign Individuals,100652044.0
2017-03-03,purchases,Foreign Individuals,131608270.0
2017-04-03,purchases,Foreign Individuals,268832268.0
2017-05-03,purchases,Foreign Individuals,243059760.0
2017-06-03,purchases,Foreign Individuals,150866192.0
2017-07-03,purchases,Foreign Individuals,142982599.0
2017-08-03,purchases,Foreign Individuals,225138171.0
2017-09-03,purchases,Foreign Individuals,126173431.0
2017-10-03,purchases,Foreign Individuals,192493894.0
2017-11-03,purchases,Foreign Individuals,136042356.0
2017-12-03,purchases,Foreign Individuals,510745306.0
2018-01-03,purchases,Foreign Individuals,119971877.0
2018-02-03,purchases,Foreign Individuals,345837984.0
2018-03-03,purchases,Foreign Individuals,2902166334.0
2018-04-03,purchases,Foreign Individuals,485807685.0
2018-05-03,purchases,Foreign Individuals,1171589356.0
2018-06-03,purchases,Foreign Individuals,177560791.0
2018-07-03,purchases,Foreign Individuals,417893087.0
2018-08-03,purchases,Foreign Individuals,186474295.0
2018-09-03,purchases,Foreign Individuals,292012210.0
2018-10-03,purchases,Foreign Individuals,280213998.0
2018-11-03,purchases,Foreign Individuals,114750183.0
2018-12-03,purchases,Foreign Individuals,502093933.0
2019-01-03,purchases,Foreign Individuals,104054821.0
2019-02-03,purchases,Foreign Individuals,181964279.0
2019-03-03,purchases,Foreign Individuals,952986611.0
2019-04-03,purchases,Foreign Individuals,65020517.0
2019-05-03,purchases,Foreign Individuals,56472606.0
2019-06-03,purchases,Foreign Individuals,59339658.0
2019-07-03,purchases,Foreign Individuals,272521147.0
2019-08-03,purchases,Foreign Individuals,142782877.0
2019-09-03,purchases,Foreign Individuals,69341545.0
2019-10-03,purchases,Foreign Individuals,112133213.0
2019-11-03,purchases,Foreign Individuals,237011858.0
2019-12-03,purchases,Foreign Individuals,57061078.0
2020-01-03,purchases,Foreign Individuals,97715245.0
2020-02-03,purchases,Foreign Individuals,146469191.0
2020-03-03,purchases,Foreign Individuals,172420146.0
2020-05-03,purchases,Foreign Individuals,119462242.0
2020-06-03,purchases,Foreign Individuals,156506659.0
2020-07-03,purchases,Foreign Individuals,398986627.0
2020-08-03,purchases,Foreign Individuals,125975470.0
2020-09-03,purchases,Foreign Individuals,414067026.0
2020-10-03,purchases,Foreign Individuals,460950071.0
2020-11-03,purchases,Foreign Individuals,446990863.0
2020-12-03,purchases,Foreign Individuals,462355424.0
2021-01-03,purchases,Foreign Individuals,1265885593.0
2021-02-03,purchases,Foreign Individuals,480669703.0
2021-03-03,purchases,Foreign Individuals,199834384.0
2021-04-03,purchases,Foreign Individuals,326126036.0
2021-05-03,purchases,Foreign Individuals,311256426.0
2021-06-03,purchases,Foreign Individuals,433403669.0
2021-07-03,purchases,Foreign Individuals,491612048.0
2021-08-03,purchases,Foreign Individuals,1263682718.0
2021-09-03,purchases,Foreign Individuals,682808285.0
2021-10-03,purchases,Foreign Individuals,444176020.0
2021-11-03,purchases,Foreign Individuals,1169519461.0
2021-12-03,purchases,Foreign Individuals,865028891.0
2022-01-03,purchases,Foreign Individuals,880193290.0
2022-02-03,purchases,Foreign Individuals,517165313.0
2022-03-03,purchases,Foreign Individuals,585289431.0
2022-04-03,purchases,Foreign Individuals,258442492.0
2022-05-03,purchases,Foreign Individuals,765625387.0
2022-06-03,purchases,Foreign Individuals,782867593.0
2022-07-03,purchases,Foreign Individuals,615361880.0
2022-08-03,purchases,Foreign Individuals,1275831309.0
2022-09-03,purchases,Foreign Individuals,933760534.0
2022-10-03,purchases,Foreign Individuals,483053481.0
2022-11-03,purchases,Foreign Individuals,505197476.0
2022-12-03,purchases,Foreign Individuals,464374153.0
2023-01-03,purchases,Foreign Individuals,389824996.0
2023-02-03,purchases,Foreign Individuals,242417792.0
2023-03-03,purchases,Foreign Individuals,1335998308.0
2023-04-03,purchases,Foreign Individuals,166166041.0
2023-05-03,purchases,Foreign Individuals,221345754.0
2023-06-03,purchases,Foreign Individuals,394198954.0
2023-07-03,purchases,Foreign Individuals,668300669.0
2023-08-03,purchases,Foreign Individuals,1837184444.0
2023-09-03,purchases,Foreign Individuals,219607592.0
2023-10-03,purchases,Foreign Individuals,185145751.0
2023-11-03,purchases,Foreign Individuals,561970809.0
2023-12-03,purchases,Foreign Individuals,185905511.0
2024-01-03,purchases,Foreign Individuals,322739289.0
2024-02-03,purchases,Foreign Individuals,248177214.0
2024-03-03,purchases,Foreign Individuals,597086256.0
2024-04-03,purchases,Foreign Individuals,620211726.0
2024-05-03,purchases,Foreign Individuals,435219834.0
2024-06-03,purchases,Foreign Individuals,351535124.0
2024-07-03,purchases,Foreign Individuals,164032223.0
2024-08-03,purchases,Foreign Individuals,314912140.0
2024-09-03,purchases,Foreign Individuals,453050608.0
2024-10-03,purchases,Foreign Individuals,391295514.0
2024-11-03,purchases,Foreign Individuals,472261127.0
2024-12-03,purchases,Foreign Individuals,1200123375.0
2025-01-03,purchases,Foreign Individuals,2062209594.0
2025-02-03,purchases,Foreign Individuals,671596795.0
2025-03-03,purchases,Foreign Individuals,315680252.0
2025-04-03,purchases,Foreign Individuals,439112824.0
2025-05-03,purchases,Foreign Individuals,1741815197.0
2025-06-03,purchases,Foreign Individuals,773019213.0
2025-07-03,purchases,Foreign Individuals,2156463584.0
2025-08-03,purchases,Foreign Individuals,1109309051.0
2025-09-03,purchases,Foreign Individuals,992637083.0
2025-10-03,purchases,Foreign Individuals,3044903792.0
2025-11-03,purchases,Foreign Individuals,698087436.0
2025-12-03,purchases,Foreign Individuals,429993734.0
1992-01-01,purchases,Local Companies,163740898.0
1992-02-01,purchases,Local Companies,64841223.0
1992-03-01,purchases,Local Companies,177320398.0
1992-04-01,purchases,Local Companies,141496388.0
1992-05-01,purchases,Local Companies,267895875.0
1992-06-01,purchases,Local Companies,166720689.0
1992-07-01,purchases,Local Companies,128226071.0
1992-08-01,purchases,Local Companies,232242318.0
1992-09-01,purchases,Local Companies,134319554.0
1992-10-01,purchases,Local Companies,176874334.0
1992-11-01,purchases,Local Companies,130147011.0
1992-12-01,purchases,Local Companies,108508916.0
1993-01-01,purchases,Local Companies,102318741.0
1993-02-01,purchases,Local Companies,84669395.0
1993-03-01,purchases,Local Companies,156849755.0
1993-04-01,purchases,Local Companies,86727300.0
1993-05-01,purchases,Local Companies,840012973.0
1993-06-01,purchases,Local Companies,386829995.0
1993-07-01,purchases,Local Companies,691758741.0
1993-08-01,purchases,Local Companies,708851769.0
1993-09-01,purchases,Local Companies,385745258.0
1993-10-01,purchases,Local Companies,421086798.0
1993-11-01,purchases,Local Companies,1044343736.0
1993-12-01,purchases,Local Companies,1041746676.0
1994-01-01,purchases,Local Companies,971893939.0
1994-02-01,purchases,Local Companies,1631973695.0
1994-03-01,purchases,Local Companies,1614173300.0
1994-04-01,purchases,Local Companies,826553502.0
1994-05-01,purchases,Local Companies,523445255.0
1994-06-01,purchases,Local Companies,794852657.0
1994-07-01,purchases,Local Companies,678637496.0
1994-08-01,purchases,Local Companies,788067055.0
1994-09-01,purchases,Local Companies,1435850320.0
1994-10-01,purchases,Local Companies,549585912.0
1994-11-01,purchases,Local Companies,660753050.0
1994-12-01,purchases,Local Companies,718064798.0
1995-01-01,purchases,Local Companies,433125523.0
1995-02-01,purchases,Local Companies,486197641.0
1995-03-01,purchases,Local Companies,826911656.0
1995-04-01,purchases,Local Companies,304514693.0
1995-05-01,purchases,Local Companies,369921156.0
1995-06-01,purchases,Local Companies,255975584.0
1995-07-01,purchases,Local Companies,155977983.0
1995-08-01,purchases,Local Companies,297231220.0
1995-09-01,purchases,Local Companies,119476515.0
1995-10-01,purchases,Local Companies,94439093.0
1995-11-01,purchases,Local Companies,84978413.0
1995-12-01,purchases,Local Companies,577144735.0
1996-01-01,purchases,Local Companies,471868388.0
1996-02-01,purchases,Local Companies,89472256.0
1996-03-01,purchases,Local Companies,255859713.0
1996-04-01,purchases,Local Companies,179435665.0
1996-05-01,purchases,Local Companies,91715244.0
1996-06-01,purchases,Local Companies,90798954.0
1996-07-01,purchases,Local Companies,68488651.0
1996-08-01,purchases,Local Companies,636614895.0
1996-09-01,purchases,Local Companies,533143056.0
1996-10-01,purchases,Local Companies,663162443.0
1996-11-01,purchases,Local Companies,234110743.0
1996-12-01,purchases,Local Companies,381614143.0
1997-01-01,purchases,Local Companies,358312230.0
1997-02-01,purchases,Local Companies,143430478.0
1997-03-01,purchases,Local Companies,493237895.0
1997-04-01,purchases,Local Companies,686796076.0
1997-05-01,purchases,Local Companies,691814849.0
1997-06-01,purchases,Local Companies,605830755.0
1997-07-01,purchases,Local Companies,747954698.0
1997-08-01,purchases,Local Companies,640577669.0
1997-09-01,purchases,Local Companies,437220773.0
1997-10-01,purchases,Local Companies,638363776.0
1997-11-01,purchases,Local Companies,455120943.0
1997-12-01,purchases,Local Companies,594331913.0
1998-01-01,purchases,Local Companies,824969193.0
1998-02-01,purchases,Local Companies,888029850.0
1998-03-01,purchases,Local Companies,604036456.0
1998-04-01,purchases,Local Companies,941804328.0
1998-05-01,purchases,Local Companies,1405026890.0
1998-06-01,purchases,Local Companies,994303729.0
1998-07-01,purchases,Local Companies,564666903.0
1998-08-01,purchases,Local Companies,714802175.0
1998-09-01,purchases,Local Companies,411569515.0
1998-10-01,purchases,Local Companies,342487733.0
1998-11-01,purchases,Local Companies,591470608.0
1998-12-01,purchases,Local Companies,322828624.0
1999-01-01,purchases,Local Companies,511230651.0
1999-02-01,purchases,Local Companies,323903794.0
1999-03-01,purchases,Local Companies,311616928.0
1999-04-01,purchases,Local Companies,218957290.0
1999-05-01,purchases,Local Companies,1136703235.0
1999-06-01,purchases,Local Companies,504852617.0
1999-07-01,purchases,Local Companies,883347871.0
1999-08-01,purchases,Local Companies,453232092.0
1999-09-01,purchases,Local Companies,537424698.0
1999-10-01,purchases,Local Companies,701507227.0
1999-11-01,purchases,Local Companies,646882981.0
1999-12-01,purchases,Local Companies,835649662.0
2000-01-01,purchases,Local Companies,496711805.0
2000-02-01,purchases,Local Companies,983139746.0
2000-03-01,purchases,Local Companies,755917632.0
2000-04-01,purchases,Local Companies,408145074.0
2000-05-01,purchases,Local Companies,672671346.0
2000-06-01,purchases,Local Companies,1025678351.0
2000-07-01,purchases,Local Companies,826427091.0
2000-08-01,purchases,Local Companies,171855140.0
2000-09-01,purchases,Local Companies,265023250.0
2000-10-01,purchases,Local Companies,301286633.0
2000-11-01,purchases,Local Companies,183446554.0
2000-12-01,purchases,Local Companies,191631643.0
2001-01-01,purchases,Local Companies,255664997.0
2001-02-01,purchases,Local Companies,186954840.0
2001-03-01,purchases,Local Companies,243568531.0
2001-04-01,purchases,Local Companies,269778491.0
2001-05-01,purchases,Local Companies,400705627.0
2001-06-01,purchases,Local Companies,329088389.0
2001-07-01,purchases,Local Companies,71811820.0
2001-08-01,purchases,Local Companies,661319424.0
2001-09-01,purchases,Local Companies,206503235.0
2001-10-01,purchases,Local Companies,1092492110.0
2001-11-01,purchases,Local Companies,626705953.0
2001-12-01,purchases,Local Companies,2291028458.0
2002-01-01,purchases,Local Companies,660603124.5
2002-02-01,purchases,Local Companies,701893385.0
2002-03-01,purchases,Local Companies,1053534883.0
2002-04-01,purchases,Local Companies,442932012.0
2002-05-01,purchases,Local Companies,1389441084.0
2002-06-01,purchases,Local Companies,2068910626.0
2002-07-01,purchases,Local Companies,904961421.0
2002-08-01,purchases,Local Companies,753705633.0
2002-09-01,purchases,Local Companies,1906759628.0
2002-10-01,purchases,Local Companies,1240142909.0
2002-11-01,purchases,Local Companies,377187172.0
2002-12-01,purchases,Local Companies,608462866.0
2003-01-03,purchases,Local Companies,674836276.0
2003-02-03,purchases,Local Companies,364248220.0
2003-03-03,purchases,Local Companies,591548975.0
2003-04-03,purchases,Local Companies,922651907.0
2003-05-03,purchases,Local Companies,1866283081.0
2003-06-03,purchases,Local Companies,4687586009.0
2003-07-03,purchases,Local Companies,2345595765.0
2003-08-03,purchases,Local Companies,1825479127.0
2003-09-03,purchases,Local Companies,10460570008.0
2003-10-03,purchases,Local Companies,5488585548.0
2003-11-03,purchases,Local Companies,2605210277.0
2003-12-03,purchases,Local Companies,611565133.0
2004-01-03,purchases,Local Companies,2011544997.0
2004-02-03,purchases,Local Companies,1289219264.0
2004-03-03,purchases,Local Companies,1921439118.0
2004-04-03,purchases,Local Companies,1747994133.0
2004-05-03,purchases,Local Companies,1025167649.0
2004-06-03,purchases,Local Companies,2098342455.0
2004-07-03,purchases,Local Companies,3047728714.0
2004-08-03,purchases,Local Companies,1714643699.0
2004-09-03,purchases,Local Companies,992051314.0
2004-10-03,purchases,Local Companies,1612237606.0
2004-11-03,purchases,Local Companies,1622394281.0
2004-12-03,purchases,Local Companies,1346916742.0
2005-01-03,purchases,Local Companies,2699809163.0
2005-02-03,purchases,Local Companies,2590211320.0
2005-03-03,purchases,Local Companies,2956916423.0
2005-04-03,purchases,Local Companies,2718505800.0
2005-05-03,purchases,Local Companies,3088593230.0
2005-06-03,purchases,Local Companies,1509887000.0
2005-07-03,purchases,Local Companies,2549759505.0
2005-08-03,purchases,Local Companies,4821701086.0
2005-09-03,purchases,Local Companies,5193452434.0
2005-10-03,purchases,Local Companies,5053147068.0
2005-11-03,purchases,Local Companies,3698510016.0
2005-12-03,purchases,Local Companies,1899825923.0
2006-01-03,purchases,Local Companies,2066735211.0
2006-02-03,purchases,Local Companies,3152323693.0
2006-03-03,purchases,Local Companies,3117954448.0
2006-04-03,purchases,Local Companies,1627588584.0
2006-05-03,purchases,Local Companies,801315335.0
2006-06-03,purchases,Local Companies,2447787218.0
2006-07-03,purchases,Local Companies,1716317492.75
2006-08-03,purchases,Local Companies,1315983010.5
2006-09-03,purchases,Local Companies,3417427463.5
2006-10-03,purchases,Local Companies,3539890417.6
2006-11-03,purchases,Local Companies,8274181157.0
2006-12-03,purchases,Local Companies,2398115750.75
2007-01-03,purchases,Local Companies,7221013758.0
2007-02-03,purchases,Local Companies,5359635880.0
2007-03-03,purchases,Local Companies,2766184444.7
2007-04-03,purchases,Local Companies,606004497.6
2007-05-03,purchases,Local Companies,712951578.0
2007-06-03,purchases,Local Companies,1007232680.1
2007-07-03,purchases,Local Companies,431855121.0
2007-08-03,purchases,Local Companies,2653737474.0
2007-09-03,purchases,Local Companies,2703658272.0
2007-10-03,purchases,Local Companies,2142865864.0
2007-11-03,purchases,Local Companies,1525689178.0
2007-12-03,purchases,Local Companies,898151678.0
2008-01-03,purchases,Local Companies,879305157.0
2008-02-03,purchases,Local Companies,1773565731.0
2008-03-03,purchases,Local Companies,2336294511.0
2008-04-03,purchases,Local Companies,2391018629.0
2008-05-03,purchases,Local Companies,2183337051.0
2008-06-03,purchases,Local Companies,2178322644.0
2008-07-03,purchases,Local Companies,2921086639.0
2008-08-03,purchases,Local Companies,1197804697.0
2008-09-03,purchases,Local Companies,1043824500.0
2008-10-03,purchases,Local Companies,1620567829.0
2008-11-03,purchases,Local Companies,1773266618.0
2008-12-03,purchases,Local Companies,475518055.0
2009-01-03,purchases,Local Companies,791373563.5
2009-02-03,purchases,Local Companies,2296520935.0
2009-03-03,purchases,Local Companies,3479942542.25
2009-04-03,purchases,Local Companies,968437932.0
2009-05-03,purchases,Local Companies,4246673857.0
2009-06-03,purchases,Local Companies,5253289121.0
2009-07-03,purchases,Local Companies,2421853842.0
2009-08-03,purchases,Local Companies,2360832890.0
2009-09-03,purchases,Local Companies,5571753559.0
2009-10-03,purchases,Local Companies,5237529874.0
2009-11-03,purchases,Local Companies,6857126786.0
2009-12-03,purchases,Local Companies,8088373559.0
2010-01-03,purchases,Local Companies,8367465822.5
2010-02-03,purchases,Local Companies,8002258383.4
2010-03-03,purchases,Local Companies,17189133085.2
2010-04-03,purchases,Local Companies,9715617778.0
2010-05-03,purchases,Local Companies,12711770698.0
2010-06-03,purchases,Local Companies,21646551020.0
2010-07-03,purchases,Local Companies,16845191190.0
2010-08-03,purchases,Local Companies,17958048074.0
2010-09-03,purchases,Local Companies,32209057171.0
2010-10-03,purchases,Local Companies,50611659575.0
2010-11-03,purchases,Local Companies,14913989439.0
2010-12-03,purchases,Local Companies,18779362411.5
2011-01-03,purchases,Local Companies,25411522471.0
2011-02-03,purchases,Local Companies,22871873221.0
2011-03-03,purchases,Local Companies,25067736957.0
2011-04-03,purchases,Local Companies,12483541310.0
2011-05-03,purchases,Local Companies,15639467603.0
2011-06-03,purchases,Local Companies,22372267270.0
2011-07-03,purchases,Local Companies,12662803260.0
2011-08-03,purchases,Local Companies,22324598192.0
2011-09-03,purchases,Local Companies,22816279918.0
2011-10-03,purchases,Local Companies,8150096317.0
2011-11-03,purchases,Local Companies,9478910335.0
2011-12-03,purchases,Local Companies,5593495362.0
2012-01-03,purchases,Local Companies,4433248282.0
2012-02-03,purchases,Local Companies,13612996883.0
2012-03-03,purchases,Local Companies,7992088598.0
2012-04-03,purchases,Local Companies,3926823353.0
2012-05-03,purchases,Local Companies,2941164610.0
2012-06-03,purchases,Local Companies,12072595193.0
2012-07-03,purchases,Local Companies,2365437980.0
2012-08-03,purchases,Local Companies,5631768196.0
2012-09-03,purchases,Local Companies,11234755486.0
2012-10-03,purchases,Local Companies,3637743897.0
2012-11-03,purchases,Local Companies,5432164760.0
2012-12-03,purchases,Local Companies,4135274594.0
2013-01-03,purchases,Local Companies,6761128404.0
2013-02-03,purchases,Local Companies,3395082291.0
2013-03-03,purchases,Local Companies,3626048291.0
2013-04-03,purchases,Local Companies,3731430731.0
2013-05-03,purchases,Local Companies,10509625583.0
2013-06-03,purchases,Local Companies,4102578669.0
2013-07-03,purchases,Local Companies,2866187792.0
2013-08-03,purchases,Local Companies,3650205468.0
2013-09-03,purchases,Local Companies,3473066469.0
2013-10-03,purchases,Local Companies,5063465947.0
2013-11-03,purchases,Local Companies,5976974990.0
2013-12-03,purchases,Local Companies,5445861314.0
2014-01-03,purchases,Local Companies,6556381169.0
2014-02-03,purchases,Local Companies,5832596546.0
2014-03-03,purchases,Local Companies,3656832606.0
2014-04-03,purchases,Local Companies,4525346850.0
2014-05-03,purchases,Local Companies,6060904941.0
2014-06-03,purchases,Local Companies,5332282736.0
2014-07-03,purchases,Local Companies,11976977823.0
2014-08-03,purchases,Local Companies,14316799585.0
2014-09-03,purchases,Local Companies,16197061480.0
2014-10-03,purchases,Local Companies,13730005290.0
2014-11-03,purchases,Local Companies,15435034747.0
2014-12-03,purchases,Local Companies,13167306784.0
2015-01-03,purchases,Local Companies,7351072589.0
2015-02-03,purchases,Local Companies,6484933219.0
2015-03-03,purchases,Local Companies,7192359972.0
2015-04-03,purchases,Local Companies,3110002648.0
2015-05-03,purchases,Local Companies,8053010230.0
2015-06-03,purchases,Local Companies,6888504670.0
2015-07-03,purchases,Local Companies,8707006236.0
2015-08-03,purchases,Local Companies,13304892556.0
2015-09-03,purchases,Local Companies,4128470141.0
2015-10-03,purchases,Local Companies,5681702356.0
2015-11-03,purchases,Local Companies,4709806951.0
2015-12-03,purchases,Local Companies,3535330968.0
2016-01-03,purchases,Local Companies,6542749399.0
2016-02-03,purchases,Local Companies,4485649265.0
2016-03-03,purchases,Local Companies,6049072376.0
2016-04-03,purchases,Local Companies,5660668535.0
2016-05-03,purchases,Local Companies,5516759049.0
2016-06-03,purchases,Local Companies,3733407399.0
2016-07-03,purchases,Local Companies,3324337000.0
2016-08-03,purchases,Local Companies,6650763578.0
2016-09-03,purchases,Local Companies,5345411670.0
2016-10-03,purchases,Local Companies,2925528025.0
2016-11-03,purchases,Local Companies,3041001144.0
2016-12-03,purchases,Local Companies,4279032342.0
2017-01-03,purchases,Local Companies,4507547458.0
2017-02-03,purchases,Local Companies,3955970309.0
2017-03-03,purchases,Local Companies,4032261610.0
2017-04-03,purchases,Local Companies,3287665611.0
2017-05-03,purchases,Local Companies,4896868677.0
2017-06-03,purchases,Local Companies,3806943765.0
2017-07-03,purchases,Local Companies,2638067453.0
2017-08-03,purchases,Local Companies,3843642549.0
2017-09-03,purchases,Local Companies,15499822677.0
2017-10-03,purchases,Local Companies,3804051765.0
2017-11-03,purchases,Local Companies,5793348158.0
2017-12-03,purchases,Local Companies,2457783072.0
2018-01-03,purchases,Local Companies,3015998911.0
2018-02-03,purchases,Local Companies,6055097470.0
2018-03-03,purchases,Local Companies,18373460080.0
2018-04-03,purchases,Local Companies,2697959447.0
2018-05-03,purchases,Local Companies,4348021038.0
2018-06-03,purchases,Local Companies,2813567603.0
2018-07-03,purchases,Local Companies,2380394023.0
2018-08-03,purchases,Local Companies,4562620195.0
2018-09-03,purchases,Local Companies,4232526009.0
2018-10-03,purchases,Local Companies,7535770939.0
2018-11-03,purchases,Local Companies,15518720057.0
2018-12-03,purchases,Local Companies,6318008239.0
2019-01-03,purchases,Local Companies,4102870680.0
2019-02-03,purchases,Local Companies,6308145899.0
2019-03-03,purchases,Local Companies,3160670420.0
2019-04-03,purchases,Local Companies,1134598073.0
2019-05-03,purchases,Local Companies,3260264842.0
2019-06-03,purchases,Local Companies,6961209201.0
2019-07-03,purchases,Local Companies,5616455157.0
2019-08-03,purchases,Local Companies,6400661100.0
2019-09-03,purchases,Local Companies,3770096832.0
2019-10-03,purchases,Local Companies,5313175972.0
2019-11-03,purchases,Local Companies,9285810670.0
2019-12-03,purchases,Local Companies,4008259156.0
2020-01-03,purchases,Local Companies,5736621033.0
2020-02-03,purchases,Local Companies,3254697658.0
2020-03-03,purchases,Local Companies,1823001245.0
2020-05-03,purchases,Local Companies,8279767525.0
2020-06-03,purchases,Local Companies,11283718861.0
2020-07-03,purchases,Local Companies,9641670415.0
2020-08-03,purchases,Local Companies,13312128480.0
2020-09-03,purchases,Local Companies,20763366129.0
2020-10-03,purchases,Local Companies,20670670974.0
2020-11-03,purchases,Local Companies,17149468176.0
2020-12-03,purchases,Local Companies,25065991802.0
2021-01-03,purchases,Local Companies,61286997196.0
2021-02-03,purchases,Local Companies,44907061121.0
2021-03-03,purchases,Local Companies,13369720019.0
2021-04-03,purchases,Local Companies,21919026393.0
2021-05-03,purchases,Local Companies,14149343026.0
2021-06-03,purchases,Local Companies,17271266932.0
2021-07-03,purchases,Local Companies,25577777417.0
2021-08-03,purchases,Local Companies,55120281551.0
2021-09-03,purchases,Local Companies,56992620923.0
2021-10-03,purchases,Local Companies,30180915436.0
2021-11-03,purchases,Local Companies,55918985541.0
2021-12-03,purchases,Local Companies,57965032735.0
2022-01-03,purchases,Local Companies,57997958288.0
2022-02-03,purchases,Local Companies,30759797889.0
2022-03-03,purchases,Local Companies,21678642312.0
2022-04-03,purchases,Local Companies,5889783036.0
2022-05-03,purchases,Local Companies,8791480613.0
2022-06-03,purchases,Local Companies,8453676260.0
2022-07-03,purchases,Local Companies,6785073579.0
2022-08-03,purchases,Local Companies,26998182958.0
2022-09-03,purchases,Local Companies,30362856463.0
2022-10-03,purchases,Local Companies,13193789655.0
2022-11-03,purchases,Local Companies,12776629714.0
2022-12-03,purchases,Local Companies,14149186943.0
2023-01-03,purchases,Local Companies,14075970497.0
2023-02-03,purchases,Local Companies,16025789450.0
2023-03-03,purchases,Local Companies,20511370115.0
2023-04-03,purchases,Local Companies,6187134635.0
2023-05-03,purchases,Local Companies,5960498093.0
2023-06-03,purchases,Local Companies,16436962170.0
2023-07-03,purchases,Local Companies,33895230388.0
2023-08-03,purchases,Local Companies,29196652175.0
2023-09-03,purchases,Local Companies,11926449587.0
2023-10-03,purchases,Local Companies,6717754110.0
2023-11-03,purchases,Local Companies,9904655342.0
2023-12-03,purchases,Local Companies,14225289022.0
2024-01-03,purchases,Local Companies,6762884626.0
2024-02-03,purchases,Local Companies,9690092949.0
2024-03-03,purchases,Local Companies,17630595671.0
2024-04-03,purchases,Local Companies,22374987478.0
2024-05-03,purchases,Local Companies,16634363548.0
2024-06-03,purchases,Local Companies,13623467591.0
2024-07-03,purchases,Local Companies,7849702394.0
2024-08-03,purchases,Local Companies,6721957936.0
2024-09-03,purchases,Local Companies,13595675285.0
2024-10-03,purchases,Local Companies,27909745820.0
2024-11-03,purchases,Local Companies,40761204716.0
2024-12-03,purchases,Local Companies,57445109087.0
2025-01-03,purchases,Local Companies,61271119553.0
2025-02-03,purchases,Local Companies,24903491906.0
2025-03-03,purchases,Local Companies,20798166185.0
2025-04-03,purchases,Local Companies,21168973029.0
2025-05-03,purchases,Local Companies,42665907618.0
2025-06-03,purchases,Local Companies,42257433356.0
2025-07-03,purchases,Local Companies,68912975522.0
2025-08-03,purchases,Local Companies,52371365504.0
2025-09-03,purchases,Local Companies,62006341393.0
2025-10-03,purchases,Local Companies,72668509366.0
2025-11-03,purchases,Local Companies,40571041785.0
2025-12-03,purchases,Local Companies,35123004983.0
1992-01-01,purchases,Local Individuals,195662357.0
1992-02-01,purchases,Local Individuals,89202292.0
1992-03-01,purchases,Local Individuals,129083116.0
1992-04-01,purchases,Local Individuals,84650935.0
1992-05-01,purchases,Local Individuals,103116632.0
1992-06-01,purchases,Local Individuals,106390784.0
1992-07-01,purchases,Local Individuals,116371093.0
1992-08-01,purchases,Local Individuals,56890480.0
1992-09-01,purchases,Local Individuals,106956824.0
1992-10-01,purchases,Local Individuals,101247572.0
1992-11-01,purchases,Local Individuals,55416263.0
1992-12-01,purchases,Local Individuals,66123328.0
1993-01-01,purchases,Local Individuals,55037953.0
1993-02-01,purchases,Local Individuals,70342058.0
1993-03-01,purchases,Local Individuals,93800592.0
1993-04-01,purchases,Local Individuals,57795827.0
1993-05-01,purchases,Local Individuals,83445853.0
1993-06-01,purchases,Local Individuals,265196298.0
1993-07-01,purchases,Local Individuals,613225641.0
1993-08-01,purchases,Local Individuals,819517563.0
1993-09-01,purchases,Local Individuals,307530201.0
1993-10-01,purchases,Local Individuals,319725532.0
1993-11-01,purchases,Local Individuals,1094642365.0
1993-12-01,purchases,Local Individuals,865742424.0
1994-01-01,purchases,Local Individuals,1209287852.0
1994-02-01,purchases,Local Individuals,1699756967.0
1994-03-01,purchases,Local Individuals,1493482028.0
1994-04-01,purchases,Local Individuals,482745942.0
1994-05-01,purchases,Local Individuals,399104720.0
1994-06-01,purchases,Local Individuals,297687057.0
1994-07-01,purchases,Local Individuals,354735073.0
1994-08-01,purchases,Local Individuals,493820091.0
1994-09-01,purchases,Local Individuals,1070192257.0
1994-10-01,purchases,Local Individuals,453179882.0
1994-11-01,purchases,Local Individuals,531006494.0
1994-12-01,purchases,Local Individuals,352928824.0
1995-01-01,purchases,Local Individuals,318149510.0
1995-02-01,purchases,Local Individuals,187066744.0
1995-03-01,purchases,Local Individuals,312782498.0
1995-04-01,purchases,Local Individuals,125613414.0
1995-05-01,purchases,Local Individuals,203328560.0
1995-06-01,purchases,Local Individuals,231213769.0
1995-07-01,purchases,Local Individuals,134331302.0
1995-08-01,purchases,Local Individuals,180462630.0
1995-09-01,purchases,Local Individuals,120587575.0
1995-10-01,purchases,Local Individuals,90411274.0
1995-11-01,purchases,Local Individuals,153627351.0
1995-12-01,purchases,Local Individuals,101917672.0
1996-01-01,purchases,Local Individuals,65630649.0
1996-02-01,purchases,Local Individuals,81017316.0
1996-03-01,purchases,Local Individuals,143053130.0
1996-04-01,purchases,Local Individuals,60889114.0
1996-05-01,purchases,Local Individuals,61257147.0
1996-06-01,purchases,Local Individuals,54133864.0
1996-07-01,purchases,Local Individuals,49237174.0
1996-08-01,purchases,Local Individuals,61953774.0
1996-09-01,purchases,Local Individuals,66852979.0
1996-10-01,purchases,Local Individuals,141843141.0
1996-11-01,purchases,Local Individuals,154632366.0
1996-12-01,purchases,Local Individuals,110203413.0
1997-01-01,purchases,Local Individuals,150173285.0
1997-02-01,purchases,Local Individuals,75987465.0
1997-03-01,purchases,Local Individuals,493237895.0
1997-04-01,purchases,Local Individuals,411289617.0
1997-05-01,purchases,Local Individuals,261990371.0
1997-06-01,purchases,Local Individuals,427767941.0
1997-07-01,purchases,Local Individuals,555533181.0
1997-08-01,purchases,Local Individuals,520769985.0
1997-09-01,purchases,Local Individuals,354002396.0
1997-10-01,purchases,Local Individuals,247794832.0
1997-11-01,purchases,Local Individuals,267082937.0
1997-12-01,purchases,Local Individuals,217402388.0
1998-01-01,purchases,Local Individuals,193770173.0
1998-02-01,purchases,Local Individuals,215428211.0
1998-03-01,purchases,Local Individuals,250081628.0
1998-04-01,purchases,Local Individuals,360867010.0
1998-05-01,purchases,Local Individuals,825829251.0
1998-06-01,purchases,Local Individuals,439770269.0
1998-07-01,purchases,Local Individuals,323873248.0
1998-08-01,purchases,Local Individuals,317416874.0
1998-09-01,purchases,Local Individuals,315182464.0
1998-10-01,purchases,Local Individuals,156983808.0
1998-11-01,purchases,Local Individuals,361293221.0
1998-12-01,purchases,Local Individuals,220566890.0
1999-01-01,purchases,Local Individuals,277809141.0
1999-02-01,purchases,Local Individuals,170840356.0
1999-03-01,purchases,Local Individuals,157224516.0
1999-04-01,purchases,Local Individuals,102521312.0
1999-05-01,purchases,Local Individuals,200089611.0
1999-06-01,purchases,Local Individuals,160064126.0
1999-07-01,purchases,Local Individuals,266375467.0
1999-08-01,purchases,Local Individuals,316286750.0
1999-09-01,purchases,Local Individuals,395813060.0
1999-10-01,purchases,Local Individuals,217308314.0
1999-11-01,purchases,Local Individuals,126977848.0
1999-12-01,purchases,Local Individuals,334205994.0
2000-01-01,purchases,Local Individuals,179223872.0
2000-02-01,purchases,Local Individuals,267956063.0
2000-03-01,purchases,Local Individuals,312961674.0
2000-04-01,purchases,Local Individuals,119945540.0
2000-05-01,purchases,Local Individuals,225434294.0
2000-06-01,purchases,Local Individuals,712281477.0
2000-07-01,purchases,Local Individuals,648009883.0
2000-08-01,purchases,Local Individuals,173768504.0
2000-09-01,purchases,Local Individuals,155022410.0
2000-10-01,purchases,Local Individuals,167580756.0
2000-11-01,purchases,Local Individuals,186650602.0
2000-12-01,purchases,Local Individuals,173411239.0
2001-01-01,purchases,Local Individuals,90067883.0
2001-02-01,purchases,Local Individuals,78400491.0
2001-03-01,purchases,Local Individuals,98561325.0
2001-04-01,purchases,Local Individuals,67112952.0
2001-05-01,purchases,Local Individuals,94533498.0
2001-06-01,purchases,Local Individuals,204608128.0
2001-07-01,purchases,Local Individuals,101124510.0
2001-08-01,purchases,Local Individuals,339806214.0
2001-09-01,purchases,Local Individuals,270993774.0
2001-10-01,purchases,Local Individuals,962012740.0
2001-11-01,purchases,Local Individuals,1063668688.0
2001-12-01,purchases,Local Individuals,1938539257.0
2002-01-01,purchases,Local Individuals,472733702.5
2002-02-01,purchases,Local Individuals,559321708.0
2002-03-01,purchases,Local Individuals,526225845.0
2002-04-01,purchases,Local Individuals,276851424.0
2002-05-01,purchases,Local Individuals,865816340.0
2002-06-01,purchases,Local Individuals,1508873327.0
2002-07-01,purchases,Local Individuals,829367059.0
2002-08-01,purchases,Local Individuals,941404050.0
2002-09-01,purchases,Local Individuals,2430872205.0
2002-10-01,purchases,Local Individuals,1356719686.0
2002-11-01,purchases,Local Individuals,842674902.0
2002-12-01,purchases,Local Individuals,325248383.0
2003-01-03,purchases,Local Individuals,639842153.0
2003-02-03,purchases,Local Individuals,404711189.0
2003-03-03,purchases,Local Individuals,323908123.0
2003-04-03,purchases,Local Individuals,1195097849.0
2003-05-03,purchases,Local Individuals,1173532028.0
2003-06-03,purchases,Local Individuals,4387200735.0
2003-07-03,purchases,Local Individuals,1498255797.0
2003-08-03,purchases,Local Individuals,1915738454.0
2003-09-03,purchases,Local Individuals,4226918794.0
2003-10-03,purchases,Local Individuals,5944633935.0
2003-11-03,purchases,Local Individuals,3597023360.0
2003-12-03,purchases,Local Individuals,2142760133.0
2004-01-03,purchases,Local Individuals,1885473700.0
2004-02-03,purchases,Local Individuals,1599334371.0
2004-03-03,purchases,Local Individuals,1569666184.0
2004-04-03,purchases,Local Individuals,1250027368.0
2004-05-03,purchases,Local Individuals,1750147853.0
2004-06-03,purchases,Local Individuals,1736724156.0
2004-07-03,purchases,Local Individuals,4569792288.0
2004-08-03,purchases,Local Individuals,3558742281.0
2004-09-03,purchases,Local Individuals,3115823557.0
2004-10-03,purchases,Local Individuals,3271301529.0
2004-11-03,purchases,Local Individuals,1333266998.0
2004-12-03,purchases,Local Individuals,1900643521.0
2005-01-03,purchases,Local Individuals,2511353236.0
2005-02-03,purchases,Local Individuals,4163926947.0
2005-03-03,purchases,Local Individuals,8455543204.0
2005-04-03,purchases,Local Individuals,4408841952.0
2005-05-03,purchases,Local Individuals,5851328069.0
2005-06-03,purchases,Local Individuals,2070525354.0
2005-07-03,purchases,Local Individuals,2050367373.0
2005-08-03,purchases,Local Individuals,3573934174.75
2005-09-03,purchases,Local Individuals,4484770461.0
2005-10-03,purchases,Local Individuals,4910733774.0
2005-11-03,purchases,Local Individuals,3919586513.0
2005-12-03,purchases,Local Individuals,1579570242.0
2006-01-03,purchases,Local Individuals,2141924091.0
2006-02-03,purchases,Local Individuals,2830278004.0
2006-03-03,purchases,Local Individuals,3512944238.0
2006-04-03,purchases,Local Individuals,2296555892.0
2006-05-03,purchases,Local Individuals,1551601683.0
2006-06-03,purchases,Local Individuals,3674627188.0
2006-07-03,purchases,Local Individuals,2759057932.4
2006-08-03,purchases,Local Individuals,1916383451.05
2006-09-03,purchases,Local Individuals,2953671673.8
2006-10-03,purchases,Local Individuals,3325859666.3
2006-11-03,purchases,Local Individuals,4975959721.55
2006-12-03,purchases,Local Individuals,2172015605.85
2007-01-03,purchases,Local Individuals,4448945819.0
2007-02-03,purchases,Local Individuals,5051072133.0
2007-03-03,purchases,Local Individuals,3885290615.25
2007-04-03,purchases,Local Individuals,918071112.55
2007-05-03,purchases,Local Individuals,1083315311.0
2007-06-03,purchases,Local Individuals,713793476.7
2007-07-03,purchases,Local Individuals,758001826.85
2007-08-03,purchases,Local Individuals,1580722640.0
2007-09-03,purchases,Local Individuals,2418335718.0
2007-10-03,purchases,Local Individuals,4406796011.0
2007-11-03,purchases,Local Individuals,3107208113.0
2007-12-03,purchases,Local Individuals,1788037795.0
2008-01-03,purchases,Local Individuals,1111913233.0
2008-02-03,purchases,Local Individuals,2755563494.0
2008-03-03,purchases,Local Individuals,3140869237.0
2008-04-03,purchases,Local Individuals,2327372969.0
2008-05-03,purchases,Local Individuals,2162455267.0
2008-06-03,purchases,Local Individuals,3213976221.0
2008-07-03,purchases,Local Individuals,2208872782.0
2008-08-03,purchases,Local Individuals,2303628358.0
2008-09-03,purchases,Local Individuals,1442484888.0
2008-10-03,purchases,Local Individuals,1202744997.0
2008-11-03,purchases,Local Individuals,886913181.0
2008-12-03,purchases,Local Individuals,290985433.0
2009-01-03,purchases,Local Individuals,1569893943.6
2009-02-03,purchases,Local Individuals,897381093.05
2009-03-03,purchases,Local Individuals,1282635085.6
2009-04-03,purchases,Local Individuals,1282530664.0
2009-05-03,purchases,Local Individuals,5364805508.0
2009-06-03,purchases,Local Individuals,6249367294.0
2009-07-03,purchases,Local Individuals,4108217877.0
2009-08-03,purchases,Local Individuals,4206358921.0
2009-09-03,purchases,Local Individuals,9030937146.0
2009-10-03,purchases,Local Individuals,9191149936.0
2009-11-03,purchases,Local Individuals,2798450498.0
2009-12-03,purchases,Local Individuals,5850800296.0
2010-01-03,purchases,Local Individuals,11341173227.0
2010-02-03,purchases,Local Individuals,16958908661.0
2010-03-03,purchases,Local Individuals,10345121293.0
2010-04-03,purchases,Local Individuals,13203651458.0
2010-05-03,purchases,Local Individuals,13734294662.0
2010-06-03,purchases,Local Individuals,23517955038.0
2010-07-03,purchases,Local Individuals,27616112971.0
2010-08-03,purchases,Local Individuals,26853056414.0
2010-09-03,purchases,Local Individuals,46250429268.0
2010-10-03,purchases,Local Individuals,31472866912.0
2010-11-03,purchases,Local Individuals,10410167082.0
2010-12-03,purchases,Local Individuals,17868716839.0
2011-01-03,purchases,Local Individuals,45353222708.0
2011-02-03,purchases,Local Individuals,32797456546.0
2011-03-03,purchases,Local Individuals,19758736668.0
2011-04-03,purchases,Local Individuals,15397720989.0
2011-05-03,purchases,Local Individuals,27588153575.0
2011-06-03,purchases,Local Individuals,34771465347.0
2011-07-03,purchases,Local Individuals,17565060655.0
2011-08-03,purchases,Local Individuals,34273578315.0
2011-09-03,purchases,Local Individuals,32360033848.0
2011-10-03,purchases,Local Individuals,12795908503.0
2011-11-03,purchases,Local Individuals,9249703227.0
2011-12-03,purchases,Local Individuals,9833250290.0
2012-01-03,purchases,Local Individuals,10923978636.0
2012-02-03,purchases,Local Individuals,9597500100.0
2012-03-03,purchases,Local Individuals,4716707005.0
2012-04-03,purchases,Local Individuals,2621745971.0
2012-05-03,purchases,Local Individuals,2305157042.0
2012-06-03,purchases,Local Individuals,3433981346.0
2012-07-03,purchases,Local Individuals,2621161503.0
2012-08-03,purchases,Local Individuals,3198601089.0
2012-09-03,purchases,Local Individuals,15570496985.0
2012-10-03,purchases,Local Individuals,5154484745.0
2012-11-03,purchases,Local Individuals,1791710076.0
2012-12-03,purchases,Local Individuals,1871479941.0
2013-01-03,purchases,Local Individuals,6241252813.0
2013-02-03,purchases,Local Individuals,3588421707.0
2013-03-03,purchases,Local Individuals,4832378464.0
2013-04-03,purchases,Local Individuals,5704081628.0
2013-05-03,purchases,Local Individuals,9068980245.0
2013-06-03,purchases,Local Individuals,5299630716.0
2013-07-03,purchases,Local Individuals,4050181666.0
2013-08-03,purchases,Local Individuals,3470039553.0
2013-09-03,purchases,Local Individuals,3497591854.0
2013-10-03,purchases,Local Individuals,6365169476.0
2013-11-03,purchases,Local Individuals,2902489934.0
2013-12-03,purchases,Local Individuals,3233538371.0
2014-01-03,purchases,Local Individuals,7617148572.0
2014-02-03,purchases,Local Individuals,8232788114.0
2014-03-03,purchases,Local Individuals,5595193178.0
2014-04-03,purchases,Local Individuals,8965146457.0
2014-05-03,purchases,Local Individuals,4434484926.0
2014-06-03,purchases,Local Individuals,5471970774.0
2014-07-03,purchases,Local Individuals,12080032811.0
2014-08-03,purchases,Local Individuals,16366314466.0
2014-09-03,purchases,Local Individuals,19197520464.0
2014-10-03,purchases,Local Individuals,10793707746.0
2014-11-03,purchases,Local Individuals,15527267964.0
2014-12-03,purchases,Local Individuals,5033844923.0
2015-01-03,purchases,Local Individuals,10580815538.0
2015-02-03,purchases,Local Individuals,8807677333.0
2015-03-03,purchases,Local Individuals,4856726925.0
2015-04-03,purchases,Local Individuals,4867623021.0
2015-05-03,purchases,Local Individuals,11850263180.0
2015-06-03,purchases,Local Individuals,6121145678.0
2015-07-03,purchases,Local Individuals,8083718831.0
2015-08-03,purchases,Local Individuals,14287223880.0
2015-09-03,purchases,Local Individuals,6075610893.0
2015-10-03,purchases,Local Individuals,7292420808.0
2015-11-03,purchases,Local Individuals,4176344960.0
2015-12-03,purchases,Local Individuals,2738404263.0
2016-01-03,purchases,Local Individuals,3809961062.0
2016-02-03,purchases,Local Individuals,2383036979.0
2016-03-03,purchases,Local Individuals,4820917668.0
2016-04-03,purchases,Local Individuals,4531477724.0
2016-05-03,purchases,Local Individuals,4715617153.0
2016-06-03,purchases,Local Individuals,3700111665.0
2016-07-03,purchases,Local Individuals,3963165592.0
2016-08-03,purchases,Local Individuals,6305825441.0
2016-09-03,purchases,Local Individuals,4220822078.0
2016-10-03,purchases,Local Individuals,2696868077.0
2016-11-03,purchases,Local Individuals,2109029575.0
2016-12-03,purchases,Local Individuals,1612901854.0
2017-01-03,purchases,Local Individuals,3596210146.0
2017-02-03,purchases,Local Individuals,2109539668.0
2017-03-03,purchases,Local Individuals,2278282386.0
2017-04-03,purchases,Local Individuals,3946303083.0
2017-05-03,purchases,Local Individuals,6203254758.0
2017-06-03,purchases,Local Individuals,5326887691.0
2017-07-03,purchases,Local Individuals,3667844701.0
2017-08-03,purchases,Local Individuals,3453802246.0
2017-09-03,purchases,Local Individuals,3325909309.0
2017-10-03,purchases,Local Individuals,7946089387.0
2017-11-03,purchases,Local Individuals,5422689192.0
2017-12-03,purchases,Local Individuals,2456424510.0
2018-01-03,purchases,Local Individuals,3743437046.0
2018-02-03,purchases,Local Individuals,4753621961.0
2018-03-03,purchases,Local Individuals,4567826646.0
2018-04-03,purchases,Local Individuals,2744786770.0
2018-05-03,purchases,Local Individuals,4424011994.0
2018-06-03,purchases,Local Individuals,2791621341.0
2018-07-03,purchases,Local Individuals,3218471648.0
2018-08-03,purchases,Local Individuals,2625162988.0
2018-09-03,purchases,Local Individuals,2847833279.0
2018-10-03,purchases,Local Individuals,3917038556.0
2018-11-03,purchases,Local Individuals,4697446069.0
2018-12-03,purchases,Local Individuals,4779073798.0
2019-01-03,purchases,Local Individuals,3513588635.0
2019-02-03,purchases,Local Individuals,2381264504.0
2019-03-03,purchases,Local Individuals,2804460290.0
2019-04-03,purchases,Local Individuals,1623800790.0
2019-05-03,purchases,Local Individuals,3352342040.0
2019-06-03,purchases,Local Individuals,1608461644.0
2019-07-03,purchases,Local Individuals,6292263424.0
2019-08-03,purchases,Local Individuals,5393949224.0
2019-09-03,purchases,Local Individuals,4503298119.0
2019-10-03,purchases,Local Individuals,6114205503.0
2019-11-03,purchases,Local Individuals,13038507961.0
2019-12-03,purchases,Local Individuals,4927473217.0
2020-01-03,purchases,Local Individuals,4843245848.0
2020-02-03,purchases,Local Individuals,3297375808.0
2020-03-03,purchases,Local Individuals,3108619300.0
2020-05-03,purchases,Local Individuals,10840058957.0
2020-06-03,purchases,Local Individuals,13963475644.0
2020-07-03,purchases,Local Individuals,12223345238.0
2020-08-03,purchases,Local Individuals,21864953883.0
2020-09-03,purchases,Local Individuals,26621461550.0
2020-10-03,purchases,Local Individuals,35574105999.0
2020-11-03,purchases,Local Individuals,34467831733.0
2020-12-03,purchases,Local Individuals,40170647430.0
2021-01-03,purchases,Local Individuals,121035623645.0
2021-02-03,purchases,Local Individuals,50260939753.0
2021-03-03,purchases,Local Individuals,18669168409.0
2021-04-03,purchases,Local Individuals,28995696807.0
2021-05-03,purchases,Local Individuals,20353959450.0
2021-06-03,purchases,Local Individuals,26690943631.0
2021-07-03,purchases,Local Individuals,26184167743.0
2021-08-03,purchases,Local Individuals,86294247427.0
2021-09-03,purchases,Local Individuals,75268209548.0
2021-10-03,purchases,Local Individuals,46558479052.0
2021-11-03,purchases,Local Individuals,95346160647.0
2021-12-03,purchases,Local Individuals,88822652810.0
2022-01-03,purchases,Local Individuals,90873755900.0
2022-02-03,purchases,Local Individuals,53988731362.0
2022-03-03,purchases,Local Individuals,27793535636.0
2022-04-03,purchases,Local Individuals,10527326339.0
2022-05-03,purchases,Local Individuals,19762530200.0
2022-06-03,purchases,Local Individuals,13183388812.0
2022-07-03,purchases,Local Individuals,12148439971.0
2022-08-03,purchases,Local Individuals,45747364323.0
2022-09-03,purchases,Local Individuals,47051145561.0
2022-10-03,purchases,Local Individuals,23241576284.0
2022-11-03,purchases,Local Individuals,17478038662.0
2022-12-03,purchases,Local Individuals,19484772750.0
2023-01-03,purchases,Local Individuals,21441126741.0
2023-02-03,purchases,Local Individuals,15471955984.0
2023-03-03,purchases,Local Individuals,18285540041.0
2023-04-03,purchases,Local Individuals,6924925509.0
2023-05-03,purchases,Local Individuals,6623551833.0
2023-06-03,purchases,Local Individuals,10956103329.0
2023-07-03,purchases,Local Individuals,33035924280.0
2023-08-03,purchases,Local Individuals,31897159894.0
2023-09-03,purchases,Local Individuals,13838654333.0
2023-10-03,purchases,Local Individuals,9706400570.0
2023-11-03,purchases,Local Individuals,9174798491.0
2023-12-03,purchases,Local Individuals,6769862930.0
2024-01-03,purchases,Local Individuals,5975281356.0
2024-02-03,purchases,Local Individuals,9503678388.0
2024-03-03,purchases,Local Individuals,16278787513.0
2024-04-03,purchases,Local Individuals,24974259532.0
2024-05-03,purchases,Local Individuals,17167607596.0
2024-06-03,purchases,Local Individuals,16629945673.0
2024-07-03,purchases,Local Individuals,7711403265.0
2024-08-03,purchases,Local Individuals,6846051068.0
2024-09-03,purchases,Local Individuals,16384830193.0
2024-10-03,purchases,Local Individuals,27075861703.0
2024-11-03,purchases,Local Individuals,29993968777.0
2024-12-03,purchases,Local Individuals,70085057715.0
2025-01-03,purchases,Local Individuals,73928250340.0
2025-02-03,purchases,Local Individuals,28772577930.0
2025-03-03,purchases,Local Individuals,17298485951.0
2025-04-03,purchases,Local Individuals,23196857353.0
2025-05-03,purchases,Local Individuals,31037386020.0
2025-06-03,purchases,Local Individuals,52236910592.0
2025-07-03,purchases,Local Individuals,82621303493.0
2025-08-03,purchases,Local Individuals,75170373606.0
2025-09-03,purchases,Local Individuals,76523828817.0
2025-10-03,purchases,Local Individuals,78934285229.0
2025-11-03,purchases,Local Individuals,51187012493.0
2025-12-03,purchases,Local Individuals,40102970513.0
1992-01-01,sales,Foreign Companies,239199318.0
1992-02-01,sales,Foreign Companies,47044095.0
1992-03-01,sales,Foreign Companies,55581635.0
1992-04-01,sales,Foreign Companies,144805360.0
1992-05-01,sales,Foreign Companies,201484154.0
1992-06-01,sales,Foreign Companies,178084363.0
1992-07-01,sales,Foreign Companies,85418861.0
1992-08-01,sales,Foreign Companies,51908735.0
1992-09-01,sales,Foreign Companies,81274924.0
1992-10-01,sales,Foreign Companies,125040293.0
1992-11-01,sales,Foreign Companies,102312807.0
1992-12-01,sales,Foreign Companies,49836501.0
1993-01-01,sales,Foreign Companies,98233688.0
1993-02-01,sales,Foreign Companies,168474461.0
1993-03-01,sales,Foreign Companies,86558760.0
1993-04-01,sales,Foreign Companies,77487003.0
1993-05-01,sales,Foreign Companies,137367005.0
1993-06-01,sales,Foreign Companies,319584724.0
1993-07-01,sales,Foreign Companies,623577707.0
1993-08-01,sales,Foreign Companies,1077254868.0
1993-09-01,sales,Foreign Companies,622937903.0
1993-10-01,sales,Foreign Companies,737664473.0
1993-11-01,sales,Foreign Companies,2166740928.0
1993-12-01,sales,Foreign Companies,1087215020.0
1994-01-01,sales,Foreign Companies,890163479.0
1994-02-01,sales,Foreign Companies,1642142845.0
1994-03-01,sales,Foreign Companies,2771150349.0
1994-04-01,sales,Foreign Companies,873278668.0
1994-05-01,sales,Foreign Companies,530580240.0
1994-06-01,sales,Foreign Companies,830047111.0
1994-07-01,sales,Foreign Companies,887796992.0
1994-08-01,sales,Foreign Companies,692228665.0
1994-09-01,sales,Foreign Companies,1214070144.0
1994-10-01,sales,Foreign Companies,749109568.0
1994-11-01,sales,Foreign Companies,661543958.0
1994-12-01,sales,Foreign Companies,739341770.0
1995-01-01,sales,Foreign Companies,372743550.0
1995-02-01,sales,Foreign Companies,423049160.0
1995-03-01,sales,Foreign Companies,657641149.0
1995-04-01,sales,Foreign Companies,302003368.0
1995-05-01,sales,Foreign Companies,728061677.0
1995-06-01,sales,Foreign Companies,512254041.0
1995-07-01,sales,Foreign Companies,309865929.0
1995-08-01,sales,Foreign Companies,759930120.0
1995-09-01,sales,Foreign Companies,136367914.0
1995-10-01,sales,Foreign Companies,117160250.0
1995-11-01,sales,Foreign Companies,481751142.0
1995-12-01,sales,Foreign Companies,542162839.0
1996-01-01,sales,Foreign Companies,588616200.0
1996-02-01,sales,Foreign Companies,292475321.0
1996-03-01,sales,Foreign Companies,452637732.0
1996-04-01,sales,Foreign Companies,269706542.0
1996-05-01,sales,Foreign Companies,151956281.0
1996-06-01,sales,Foreign Companies,211734750.0
1996-07-01,sales,Foreign Companies,97710793.0
1996-08-01,sales,Foreign Companies,134578439.0
1996-09-01,sales,Foreign Companies,304595665.0
1996-10-01,sales,Foreign Companies,452640188.0
1996-11-01,sales,Foreign Companies,446077541.0
1996-12-01,sales,Foreign Companies,306712227.0
1997-01-01,sales,Foreign Companies,246841009.0
1997-02-01,sales,Foreign Companies,143564133.0
1997-03-01,sales,Foreign Companies,353302104.0
1997-04-01,sales,Foreign Companies,853060199.0
1997-05-01,sales,Foreign Companies,572540429.0
1997-06-01,sales,Foreign Companies,341131471.0
1997-07-01,sales,Foreign Companies,639229499.0
1997-08-01,sales,Foreign Companies,708884103.0
1997-09-01,sales,Foreign Companies,902057510.0
1997-10-01,sales,Foreign Companies,861350010.0
1997-11-01,sales,Foreign Companies,776549153.0
1997-12-01,sales,Foreign Companies,748781072.0
1998-01-01,sales,Foreign Companies,458660904.0
1998-02-01,sales,Foreign Companies,681928290.0
1998-03-01,sales,Foreign Companies,553674312.0
1998-04-01,sales,Foreign Companies,504373007.0
1998-05-01,sales,Foreign Companies,969468605.0
1998-06-01,sales,Foreign Companies,1096435949.0
1998-07-01,sales,Foreign Companies,636664260.0
1998-08-01,sales,Foreign Companies,422494988.0
1998-09-01,sales,Foreign Companies,399273726.0
1998-10-01,sales,Foreign Companies,304364401.0
1998-11-01,sales,Foreign Companies,700126411.0
1998-12-01,sales,Foreign Companies,229763543.0
1999-01-01,sales,Foreign Companies,480011753.0
1999-02-01,sales,Foreign Companies,266475326.0
1999-03-01,sales,Foreign Companies,476061959.0
1999-04-01,sales,Foreign Companies,295573409.0
1999-05-01,sales,Foreign Companies,577351746.0
1999-06-01,sales,Foreign Companies,543202380.0
1999-07-01,sales,Foreign Companies,408759950.0
1999-08-01,sales,Foreign Companies,339065523.0
1999-09-01,sales,Foreign Companies,589871704.0
1999-10-01,sales,Foreign Companies,546872960.0
1999-11-01,sales,Foreign Companies,702402445.0
1999-12-01,sales,Foreign Companies,622315135.0
2000-01-01,sales,Foreign Companies,294134373.0
2000-02-01,sales,Foreign Companies,599607011.0
2000-03-01,sales,Foreign Companies,725293050.0
2000-04-01,sales,Foreign Companies,285050975.0
2000-05-01,sales,Foreign Companies,426119581.0
2000-06-01,sales,Foreign Companies,722155627.0
2000-07-01,sales,Foreign Companies,786914688.0
2000-08-01,sales,Foreign Companies,193426069.0
2000-09-01,sales,Foreign Companies,99767610.0
2000-10-01,sales,Foreign Companies,184143732.0
2000-11-01,sales,Foreign Companies,184883642.0
2000-12-01,sales,Foreign Companies,171640294.0
2001-01-01,sales,Foreign Companies,34444421.0
2001-02-01,sales,Foreign Companies,33162731.0
2001-03-01,sales,Foreign Companies,157533758.0
2001-04-01,sales,Foreign Companies,242572984.0
2001-05-01,sales,Foreign Companies,322559794.0
2001-06-01,sales,Foreign Companies,248021115.0
2001-07-01,sales,Foreign Companies,28173272.0
2001-08-01,sales,Foreign Companies,613141359.0
2001-09-01,sales,Foreign Companies,116277863.0
2001-10-01,sales,Foreign Companies,206506790.0
2001-11-01,sales,Foreign Companies,402874974.0
2001-12-01,sales,Foreign Companies,541030657.0
2002-01-01,sales,Foreign Companies,511322901.25
2002-02-01,sales,Foreign Companies,313089730.0
2002-03-01,sales,Foreign Companies,295948168.0
2002-04-01,sales,Foreign Companies,255968656.0
2002-05-01,sales,Foreign Companies,217863440.0
2002-06-01,sales,Foreign Companies,891368370.0
2002-07-01,sales,Foreign Companies,209485703.0
2002-08-01,sales,Foreign Companies,716257931.0
2002-09-01,sales,Foreign Companies,363986663.0
2002-10-01,sales,Foreign Companies,225089230.0
2002-11-01,sales,Foreign Companies,435629296.0
2002-12-01,sales,Foreign Companies,217615296.0
2003-01-03,sales,Foreign Companies,299382390.0
2003-02-03,sales,Foreign Companies,44641762.0
2003-03-03,sales,Foreign Companies,567191550.0
2003-04-03,sales,Foreign Companies,113552193.0
2003-05-03,sales,Foreign Companies,96948269.0
2003-06-03,sales,Foreign Companies,1117000361.0
2003-07-03,sales,Foreign Companies,913481498.0
2003-08-03,sales,Foreign Companies,753163005.0
2003-09-03,sales,Foreign Companies,4597829281.0
2003-10-03,sales,Foreign Companies,1347367776.0
2003-11-03,sales,Foreign Companies,461963758.0
2003-12-03,sales,Foreign Companies,117715215.0
2004-01-03,sales,Foreign Companies,277039242.0
2004-02-03,sales,Foreign Companies,345537725.0
2004-03-03,sales,Foreign Companies,405153059.0
2004-04-03,sales,Foreign Companies,638572228.0
2004-05-03,sales,Foreign Companies,839938164.0
2004-06-03,sales,Foreign Companies,626409362.0
2004-07-03,sales,Foreign Companies,1662571591.0
2004-08-03,sales,Foreign Companies,282165191.0
2004-09-03,sales,Foreign Companies,808348016.0
2004-10-03,sales,Foreign Companies,502572468.0
2004-11-03,sales,Foreign Companies,179737433.0
2004-12-03,sales,Foreign Companies,724009016.0
2005-01-03,sales,Foreign Companies,1317294354.0
2005-02-03,sales,Foreign Companies,706203468.0
2005-03-03,sales,Foreign Companies,717358462.0
2005-04-03,sales,Foreign Companies,1302828809.0
2005-05-03,sales,Foreign Companies,710958881.0
2005-06-03,sales,Foreign Companies,462559381.0
2005-07-03,sales,Foreign Companies,886259548.0
2005-08-03,sales,Foreign Companies,1286702487.75
2005-09-03,sales,Foreign Companies,886024419.0
2005-10-03,sales,Foreign Companies,2576602016.0
2005-11-03,sales,Foreign Companies,3069811990.0
2005-12-03,sales,Foreign Companies,1061664433.0
2006-01-03,sales,Foreign Companies,3616800915.0
2006-02-03,sales,Foreign Companies,1436052074.0
2006-03-03,sales,Foreign Companies,3025561163.0
2006-04-03,sales,Foreign Companies,1234630322.0
2006-05-03,sales,Foreign Companies,706292057.0
2006-06-03,sales,Foreign Companies,1198464125.0
2006-07-03,sales,Foreign Companies,944751298.75
2006-08-03,sales,Foreign Companies,1822768069.5
2006-09-03,sales,Foreign Companies,1521295544.0
2006-10-03,sales,Foreign Companies,2336020915.0
2006-11-03,sales,Foreign Companies,5353002788.75
2006-12-03,sales,Foreign Companies,2755962092.0
2007-01-03,sales,Foreign Companies,3556250059.0
2007-02-03,sales,Foreign Companies,2579594126.0
2007-03-03,sales,Foreign Companies,2164767670.0
2007-04-03,sales,Foreign Companies,2479787572.75
2007-05-03,sales,Foreign Companies,8738023456.5
2007-06-03,sales,Foreign Companies,1118816706.5
2007-07-03,sales,Foreign Companies,492027111.25
2007-08-03,sales,Foreign Companies,754131119.0
2007-09-03,sales,Foreign Companies,2737840900.0
2007-10-03,sales,Foreign Companies,1781356563.0
2007-11-03,sales,Foreign Companies,1674278605.0
2007-12-03,sales,Foreign Companies,549773856.0
2008-01-03,sales,Foreign Companies,538011750.0
2008-02-03,sales,Foreign Companies,1536419937.0
2008-03-03,sales,Foreign Companies,3269837915.0
2008-04-03,sales,Foreign Companies,35199932265.0
2008-05-03,sales,Foreign Companies,485990839.0
2008-06-03,sales,Foreign Companies,399139277.0
2008-07-03,sales,Foreign Companies,409984923.0
2008-08-03,sales,Foreign Companies,1633935869.0
2008-09-03,sales,Foreign Companies,350724973.0
2008-10-03,sales,Foreign Companies,851694415.0
2008-11-03,sales,Foreign Companies,1020875053.0
2008-12-03,sales,Foreign Companies,258788049.0
2009-01-03,sales,Foreign Companies,310475117.25
2009-02-03,sales,Foreign Companies,925574748.0
2009-03-03,sales,Foreign Companies,3420800460.5
2009-04-03,sales,Foreign Companies,695750238.0
2009-05-03,sales,Foreign Companies,4918789064.0
2009-06-03,sales,Foreign Companies,4234854195.0
2009-07-03,sales,Foreign Companies,2018596553.0
2009-08-03,sales,Foreign Companies,2297424617.0
2009-09-03,sales,Foreign Companies,2498129247.0
2009-10-03,sales,Foreign Companies,2321596806.0
2009-11-03,sales,Foreign Companies,4766351741.0
2009-12-03,sales,Foreign Companies,8584619287.0
2010-01-03,sales,Foreign Companies,6131191651.75
2010-02-03,sales,Foreign Companies,3148247821.75
2010-03-03,sales,Foreign Companies,10206686720.65
2010-04-03,sales,Foreign Companies,6373280915.0
2010-05-03,sales,Foreign Companies,8052858982.0
2010-06-03,sales,Foreign Companies,11777936089.0
2010-07-03,sales,Foreign Companies,5387875148.0
2010-08-03,sales,Foreign Companies,5937513994.0
2010-09-03,sales,Foreign Companies,9706004107.0
2010-10-03,sales,Foreign Companies,17589814440.0
2010-11-03,sales,Foreign Companies,5404842218.0
2010-12-03,sales,Foreign Companies,5713359522.3
2011-01-03,sales,Foreign Companies,5318485979.0
2011-02-03,sales,Foreign Companies,6792595675.0
2011-03-03,sales,Foreign Companies,6715362003.0
2011-04-03,sales,Foreign Companies,3720627071.0
2011-05-03,sales,Foreign Companies,2710953702.0
2011-06-03,sales,Foreign Companies,3178411861.0
2011-07-03,sales,Foreign Companies,4363303734.0
2011-08-03,sales,Foreign Companies,3715718373.0
2011-09-03,sales,Foreign Companies,8036476889.0
2011-10-03,sales,Foreign Companies,2561699119.0
2011-11-03,sales,Foreign Companies,1960842816.0
2011-12-03,sales,Foreign Companies,3766718931.0
2012-01-03,sales,Foreign Companies,3001822199.0
2012-02-03,sales,Foreign Companies,4032775350.0
2012-03-03,sales,Foreign Companies,2186234502.0
2012-04-03,sales,Foreign Companies,1300043006.0
2012-05-03,sales,Foreign Companies,1700536080.0
2012-06-03,sales,Foreign Companies,1500226985.0
2012-07-03,sales,Foreign Companies,1372502408.0
2012-08-03,sales,Foreign Companies,1578384849.0
2012-09-03,sales,Foreign Companies,2887958265.0
2012-10-03,sales,Foreign Companies,3264313626.0
2012-11-03,sales,Foreign Companies,5271968357.0
2012-12-03,sales,Foreign Companies,3060515084.0
2013-01-03,sales,Foreign Companies,12544021505.0
2013-02-03,sales,Foreign Companies,7473198663.0
2013-03-03,sales,Foreign Companies,3508272453.0
2013-04-03,sales,Foreign Companies,2957436809.0
2013-05-03,sales,Foreign Companies,3602062003.0
2013-06-03,sales,Foreign Companies,6457431617.0
2013-07-03,sales,Foreign Companies,2791352640.0
2013-08-03,sales,Foreign Companies,4348889155.0
2013-09-03,sales,Foreign Companies,3814979844.0
2013-10-03,sales,Foreign Companies,2845225970.0
2013-11-03,sales,Foreign Companies,4021056575.0
2013-12-03,sales,Foreign Companies,3598997906.0
2014-01-03,sales,Foreign Companies,6787666962.0
2014-02-03,sales,Foreign Companies,8501536916.0
2014-03-03,sales,Foreign Companies,5771127065.0
2014-04-03,sales,Foreign Companies,7746315380.0
2014-05-03,sales,Foreign Companies,2963194865.0
2014-06-03,sales,Foreign Companies,3584637683.0
2014-07-03,sales,Foreign Companies,3328898592.0
2014-08-03,sales,Foreign Companies,12331874255.0
2014-09-03,sales,Foreign Companies,11017232827.0
2014-10-03,sales,Foreign Companies,6231072350.0
2014-11-03,sales,Foreign Companies,3729080407.0
2014-12-03,sales,Foreign Companies,4346344905.0
2015-01-03,sales,Foreign Companies,6372409072.0
2015-02-03,sales,Foreign Companies,6928568633.0
2015-03-03,sales,Foreign Companies,3665603357.0
2015-04-03,sales,Foreign Companies,3729965369.0
2015-05-03,sales,Foreign Companies,6151163895.0
2015-06-03,sales,Foreign Companies,5526004523.0
2015-07-03,sales,Foreign Companies,9312464219.0
2015-08-03,sales,Foreign Companies,10523185055.0
2015-09-03,sales,Foreign Companies,5600977024.0
2015-10-03,sales,Foreign Companies,8195006740.0
2015-11-03,sales,Foreign Companies,4605000251.0
2015-12-03,sales,Foreign Companies,14826431799.0
2016-01-03,sales,Foreign Companies,6636667060.0
2016-02-03,sales,Foreign Companies,4523986066.0
2016-03-03,sales,Foreign Companies,7445273525.0
2016-04-03,sales,Foreign Companies,4917298353.0
2016-05-03,sales,Foreign Companies,9475772626.0
2016-06-03,sales,Foreign Companies,4024757349.0
2016-07-03,sales,Foreign Companies,3100221654.0
2016-08-03,sales,Foreign Companies,6566543942.0
2016-09-03,sales,Foreign Companies,4820571359.0
2016-10-03,sales,Foreign Companies,2937703502.0
2016-11-03,sales,Foreign Companies,2968556034.0
2016-12-03,sales,Foreign Companies,14937277028.0
2017-01-03,sales,Foreign Companies,7108546266.0
2017-02-03,sales,Foreign Companies,4706901286.0
2017-03-03,sales,Foreign Companies,7838844489.0
2017-04-03,sales,Foreign Companies,7146782048.0
2017-05-03,sales,Foreign Companies,3255189988.0
2017-06-03,sales,Foreign Companies,9306059858.0
2017-07-03,sales,Foreign Companies,3950487569.0
2017-08-03,sales,Foreign Companies,4749950457.0
2017-09-03,sales,Foreign Companies,17190279584.0
2017-10-03,sales,Foreign Companies,9923064069.0
2017-11-03,sales,Foreign Companies,8327396475.0
2017-12-03,sales,Foreign Companies,5700014702.0
2018-01-03,sales,Foreign Companies,6566592070.0
2018-02-03,sales,Foreign Companies,6462773971.0
2018-03-03,sales,Foreign Companies,19095425391.0
2018-04-03,sales,Foreign Companies,4455334553.0
2018-05-03,sales,Foreign Companies,7491278089.0
2018-06-03,sales,Foreign Companies,5902085165.0
2018-07-03,sales,Foreign Companies,4174070195.0
2018-08-03,sales,Foreign Companies,6412981822.0
2018-09-03,sales,Foreign Companies,5442441610.0
2018-10-03,sales,Foreign Companies,13045356468.0
2018-11-03,sales,Foreign Companies,9905844637.0
2018-12-03,sales,Foreign Companies,10291822015.0
2019-01-03,sales,Foreign Companies,6757972708.0
2019-02-03,sales,Foreign Companies,8099781167.0
2019-03-03,sales,Foreign Companies,6501667831.0
2019-04-03,sales,Foreign Companies,3299006241.0
2019-05-03,sales,Foreign Companies,2919809037.0
2019-06-03,sales,Foreign Companies,1872584829.0
2019-07-03,sales,Foreign Companies,5834647321.0
2019-08-03,sales,Foreign Companies,4926973077.0
2019-09-03,sales,Foreign Companies,7712282270.0
2019-10-03,sales,Foreign Companies,6705770223.0
2019-11-03,sales,Foreign Companies,9304925349.0
2019-12-03,sales,Foreign Companies,3139859447.0
2020-01-03,sales,Foreign Companies,30138569855.0
2020-02-03,sales,Foreign Companies,2830227688.0
2020-03-03,sales,Foreign Companies,2693362977.0
2020-05-03,sales,Foreign Companies,10547020035.0
2020-06-03,sales,Foreign Companies,12174192614.0
2020-07-03,sales,Foreign Companies,7918088025.0
2020-08-03,sales,Foreign Companies,9537984233.0
2020-09-03,sales,Foreign Companies,9860029963.0
2020-10-03,sales,Foreign Companies,6776895211.0
2020-11-03,sales,Foreign Companies,3849615800.0
2020-12-03,sales,Foreign Companies,4846847481.0
2021-01-03,sales,Foreign Companies,10095853332.0
2021-02-03,sales,Foreign Companies,6984417287.0
2021-03-03,sales,Foreign Companies,12751814369.0
2021-04-03,sales,Foreign Companies,5467619504.0
2021-05-03,sales,Foreign Companies,5999648272.0
2021-06-03,sales,Foreign Companies,3180799544.0
2021-07-03,sales,Foreign Companies,9646001171.0
2021-08-03,sales,Foreign Companies,4444741869.0
2021-09-03,sales,Foreign Companies,8407552256.0
2021-10-03,sales,Foreign Companies,1637955585.0
2021-11-03,sales,Foreign Companies,4251312341.0
2021-12-03,sales,Foreign Companies,2352125704.0
2022-01-03,sales,Foreign Companies,16300632926.0
2022-02-03,sales,Foreign Companies,1744687341.0
2022-03-03,sales,Foreign Companies,940131626.0
2022-04-03,sales,Foreign Companies,917199869.0
2022-05-03,sales,Foreign Companies,1102358877.0
2022-06-03,sales,Foreign Companies,1040260030.0
2022-07-03,sales,Foreign Companies,782284208.0
2022-08-03,sales,Foreign Companies,3082067281.0
2022-09-03,sales,Foreign Companies,2392823482.0
2022-10-03,sales,Foreign Companies,570186455.0
2022-11-03,sales,Foreign Companies,1588516382.0
2022-12-03,sales,Foreign Companies,801846491.0
2023-01-03,sales,Foreign Companies,782048473.0
2023-02-03,sales,Foreign Companies,2505570646.0
2023-03-03,sales,Foreign Companies,6107659411.0
2023-04-03,sales,Foreign Companies,1354133111.0
2023-05-03,sales,Foreign Companies,1544431337.0
2023-06-03,sales,Foreign Companies,2045630923.0
2023-07-03,sales,Foreign Companies,3265213265.0
2023-08-03,sales,Foreign Companies,5411544657.0
2023-09-03,sales,Foreign Companies,2117402304.0
2023-10-03,sales,Foreign Companies,2371242694.0
2023-11-03,sales,Foreign Companies,3459308953.0
2023-12-03,sales,Foreign Companies,2065872506.0
2024-01-03,sales,Foreign Companies,3479580141.0
2024-02-03,sales,Foreign Companies,15013113324.0
2024-03-03,sales,Foreign Companies,5286603430.0
2024-04-03,sales,Foreign Companies,2525103888.0
2024-05-03,sales,Foreign Companies,3160082514.0
2024-06-03,sales,Foreign Companies,3379379950.0
2024-07-03,sales,Foreign Companies,4373795042.0
2024-08-03,sales,Foreign Companies,802006917.0
2024-09-03,sales,Foreign Companies,1402799372.0
2024-10-03,sales,Foreign Companies,2802935351.0
2024-11-03,sales,Foreign Companies,4447694164.0
2024-12-03,sales,Foreign Companies,4598126950.0
2025-01-03,sales,Foreign Companies,10259881855.0
2025-02-03,sales,Foreign Companies,6230966905.0
2025-03-03,sales,Foreign Companies,2932304292.0
2025-04-03,sales,Foreign Companies,2564498407.0
2025-05-03,sales,Foreign Companies,3964692736.0
2025-06-03,sales,Foreign Companies,4676670258.0
2025-07-03,sales,Foreign Companies,9442748251.0
2025-08-03,sales,Foreign Companies,7972411359.0
2025-09-03,sales,Foreign Companies,11474210394.0
2025-10-03,sales,Foreign Companies,8496446805.0
2025-11-03,sales,Foreign Companies,5734102192.0
2025-12-03,sales,Foreign Companies,3194627150.0
1992-01-01,sales,Foreign Individuals,4463875.0
1992-02-01,sales,Foreign Individuals,4207650.0
1992-03-01,sales,Foreign Individuals,1433000.0
1992-04-01,sales,Foreign Individuals,15436759.0
1992-05-01,sales,Foreign Individuals,4316364.0
1992-06-01,sales,Foreign Individuals,3665667.0
1992-07-01,sales,Foreign Individuals,3055295.0
1992-08-01,sales,Foreign Individuals,56543300.0
1992-09-01,sales,Foreign Individuals,15527598.0
1992-10-01,sales,Foreign Individuals,34135312.0
1992-11-01,sales,Foreign Individuals,6456299.0
1992-12-01,sales,Foreign Individuals,10590735.0
1993-01-01,sales,Foreign Individuals,5981600.0
1993-02-01,sales,Foreign Individuals,2931375.0
1993-03-01,sales,Foreign Individuals,29803725.0
1993-04-01,sales,Foreign Individuals,14837418.0
1993-05-01,sales,Foreign Individuals,4047691.0
1993-06-01,sales,Foreign Individuals,16127637.0
1993-07-01,sales,Foreign Individuals,28831325.0
1993-08-01,sales,Foreign Individuals,48512724.0
1993-09-01,sales,Foreign Individuals,9833291.0
1993-10-01,sales,Foreign Individuals,12413874.0
1993-11-01,sales,Foreign Individuals,83625814.0
1993-12-01,sales,Foreign Individuals,67725740.0
1994-01-01,sales,Foreign Individuals,138738950.0
1994-02-01,sales,Foreign Individuals,162479780.0
1994-03-01,sales,Foreign Individuals,81165530.0
1994-04-01,sales,Foreign Individuals,49070730.0
1994-05-01,sales,Foreign Individuals,34080764.0
1994-06-01,sales,Foreign Individuals,17802185.0
1994-07-01,sales,Foreign Individuals,11212161.0
1994-08-01,sales,Foreign Individuals,45024507.0
1994-09-01,sales,Foreign Individuals,59522535.0
1994-10-01,sales,Foreign Individuals,16917520.0
1994-11-01,sales,Foreign Individuals,26046048.0
1994-12-01,sales,Foreign Individuals,15566400.0
1995-01-01,sales,Foreign Individuals,9753808.0
1995-02-01,sales,Foreign Individuals,16889640.0
1995-03-01,sales,Foreign Individuals,11841580.0
1995-04-01,sales,Foreign Individuals,10834045.0
1995-05-01,sales,Foreign Individuals,7986074.0
1995-06-01,sales,Foreign Individuals,15075699.0
1995-07-01,sales,Foreign Individuals,15525449.0
1995-08-01,sales,Foreign Individuals,10250607.0
1995-09-01,sales,Foreign Individuals,18194676.0
1995-10-01,sales,Foreign Individuals,6077605.0
1995-11-01,sales,Foreign Individuals,9735838.0
1995-12-01,sales,Foreign Individuals,3886075.0
1996-01-01,sales,Foreign Individuals,7743072.0
1996-02-01,sales,Foreign Individuals,5856443.0
1996-03-01,sales,Foreign Individuals,16059287.0
1996-04-01,sales,Foreign Individuals,34521977.0
1996-05-01,sales,Foreign Individuals,4342650.0
1996-06-01,sales,Foreign Individuals,5084505.0
1996-07-01,sales,Foreign Individuals,3233191.0
1996-08-01,sales,Foreign Individuals,8361103.0
1996-09-01,sales,Foreign Individuals,19943015.0
1996-10-01,sales,Foreign Individuals,14480776.0
1996-11-01,sales,Foreign Individuals,36425967.0
1996-12-01,sales,Foreign Individuals,6811345.0
1997-01-01,sales,Foreign Individuals,11764606.0
1997-02-01,sales,Foreign Individuals,30606302.0
1997-03-01,sales,Foreign Individuals,9872397.0
1997-04-01,sales,Foreign Individuals,25113287.0
1997-05-01,sales,Foreign Individuals,19629198.0
1997-06-01,sales,Foreign Individuals,39159482.0
1997-07-01,sales,Foreign Individuals,39969828.0
1997-08-01,sales,Foreign Individuals,70054290.0
1997-09-01,sales,Foreign Individuals,42915370.0
1997-10-01,sales,Foreign Individuals,28213955.0
1997-11-01,sales,Foreign Individuals,20040551.0
1997-12-01,sales,Foreign Individuals,17713562.0
1998-01-01,sales,Foreign Individuals,68347496.0
1998-02-01,sales,Foreign Individuals,20276833.0
1998-03-01,sales,Foreign Individuals,25480593.0
1998-04-01,sales,Foreign Individuals,41793093.0
1998-05-01,sales,Foreign Individuals,23521673.0
1998-06-01,sales,Foreign Individuals,7663472.0
1998-07-01,sales,Foreign Individuals,13138416.0
1998-08-01,sales,Foreign Individuals,10483875.0
1998-09-01,sales,Foreign Individuals,11165892.0
1998-10-01,sales,Foreign Individuals,3400741.0
1998-11-01,sales,Foreign Individuals,16018906.0
1998-12-01,sales,Foreign Individuals,6996918.0
1999-01-01,sales,Foreign Individuals,14732581.0
1999-02-01,sales,Foreign Individuals,7735013.0
1999-03-01,sales,Foreign Individuals,6498295.0
1999-04-01,sales,Foreign Individuals,3533850.0
1999-05-01,sales,Foreign Individuals,13902906.0
1999-06-01,sales,Foreign Individuals,3687416.0
1999-07-01,sales,Foreign Individuals,13925602.0
1999-08-01,sales,Foreign Individuals,27375599.0
1999-09-01,sales,Foreign Individuals,23338983.0
1999-10-01,sales,Foreign Individuals,10530933.0
1999-11-01,sales,Foreign Individuals,7172649.0
1999-12-01,sales,Foreign Individuals,20607107.0
2000-01-01,sales,Foreign Individuals,23028341.0
2000-02-01,sales,Foreign Individuals,8335443.0
2000-03-01,sales,Foreign Individuals,10969392.0
2000-04-01,sales,Foreign Individuals,4435788.0
2000-05-01,sales,Foreign Individuals,14091843.0
2000-06-01,sales,Foreign Individuals,15041135.0
2000-07-01,sales,Foreign Individuals,7123126.0
2000-08-01,sales,Foreign Individuals,7219404.0
2000-09-01,sales,Foreign Individuals,16741881.0
2000-10-01,sales,Foreign Individuals,7680516.0
2000-11-01,sales,Foreign Individuals,7115454.0
2000-12-01,sales,Foreign Individuals,14989918.0
2001-01-01,sales,Foreign Individuals,44945260.0
2001-02-01,sales,Foreign Individuals,5372275.0
2001-03-01,sales,Foreign Individuals,4035405.0
2001-04-01,sales,Foreign Individuals,2002946.0
2001-05-01,sales,Foreign Individuals,2286315.0
2001-06-01,sales,Foreign Individuals,2560040.0
2001-07-01,sales,Foreign Individuals,944367.0
2001-08-01,sales,Foreign Individuals,9014472.0
2001-09-01,sales,Foreign Individuals,2525786.0
2001-10-01,sales,Foreign Individuals,56158938.0
2001-11-01,sales,Foreign Individuals,17818102.0
2001-12-01,sales,Foreign Individuals,42777371.0
2002-01-01,sales,Foreign Individuals,11419728.5
2002-02-01,sales,Foreign Individuals,4195691.0
2002-03-01,sales,Foreign Individuals,14308227.0
2002-04-01,sales,Foreign Individuals,5173817.0
2002-05-01,sales,Foreign Individuals,47939848.0
2002-06-01,sales,Foreign Individuals,61453636.0
2002-07-01,sales,Foreign Individuals,47932285.0
2002-08-01,sales,Foreign Individuals,13938734.0
2002-09-01,sales,Foreign Individuals,105957387.0
2002-10-01,sales,Foreign Individuals,38878669.0
2002-11-01,sales,Foreign Individuals,17669095.0
2002-12-01,sales,Foreign Individuals,13756340.0
2003-01-03,sales,Foreign Individuals,87293992.0
2003-02-03,sales,Foreign Individuals,32602112.0
2003-03-03,sales,Foreign Individuals,16568671.0
2003-04-03,sales,Foreign Individuals,57168033.0
2003-05-03,sales,Foreign Individuals,232544145.0
2003-06-03,sales,Foreign Individuals,241721128.0
2003-07-03,sales,Foreign Individuals,91765886.0
2003-08-03,sales,Foreign Individuals,100183879.0
2003-09-03,sales,Foreign Individuals,1819554895.0
2003-10-03,sales,Foreign Individuals,449082645.0
2003-11-03,sales,Foreign Individuals,148738401.0
2003-12-03,sales,Foreign Individuals,27103134.0
2004-01-03,sales,Foreign Individuals,143670631.0
2004-02-03,sales,Foreign Individuals,155793764.0
2004-03-03,sales,Foreign Individuals,97546866.0
2004-04-03,sales,Foreign Individuals,197530407.0
2004-05-03,sales,Foreign Individuals,233847551.0
2004-06-03,sales,Foreign Individuals,492432606.0
2004-07-03,sales,Foreign Individuals,345424933.0
2004-08-03,sales,Foreign Individuals,184942630.0
2004-09-03,sales,Foreign Individuals,391558489.0
2004-10-03,sales,Foreign Individuals,311657192.0
2004-11-03,sales,Foreign Individuals,210827463.0
2004-12-03,sales,Foreign Individuals,114409780.0
2005-01-03,sales,Foreign Individuals,238982052.0
2005-02-03,sales,Foreign Individuals,656408785.0
2005-03-03,sales,Foreign Individuals,687253263.0
2005-04-03,sales,Foreign Individuals,677335653.0
2005-05-03,sales,Foreign Individuals,446341663.0
2005-06-03,sales,Foreign Individuals,204020804.0
2005-07-03,sales,Foreign Individuals,319921004.0
2005-08-03,sales,Foreign Individuals,1201709894.0
2005-09-03,sales,Foreign Individuals,793952187.0
2005-10-03,sales,Foreign Individuals,667239277.0
2005-11-03,sales,Foreign Individuals,460396827.0
2005-12-03,sales,Foreign Individuals,118666564.0
2006-01-03,sales,Foreign Individuals,141042860.0
2006-02-03,sales,Foreign Individuals,515606505.0
2006-03-03,sales,Foreign Individuals,312659812.0
2006-04-03,sales,Foreign Individuals,146593353.0
2006-05-03,sales,Foreign Individuals,137339177.0
2006-06-03,sales,Foreign Individuals,160921882.0
2006-07-03,sales,Foreign Individuals,496762293.0
2006-08-03,sales,Foreign Individuals,831419260.5
2006-09-03,sales,Foreign Individuals,481580891.5
2006-10-03,sales,Foreign Individuals,294847949.25
2006-11-03,sales,Foreign Individuals,2055979615.6
2006-12-03,sales,Foreign Individuals,263588406.25
2007-01-03,sales,Foreign Individuals,559449394.0
2007-02-03,sales,Foreign Individuals,2267065301.0
2007-03-03,sales,Foreign Individuals,739887600.0
2007-04-03,sales,Foreign Individuals,151171474.55
2007-05-03,sales,Foreign Individuals,119735439.5
2007-06-03,sales,Foreign Individuals,1233044226.75
2007-07-03,sales,Foreign Individuals,73839631.5
2007-08-03,sales,Foreign Individuals,132628166.0
2007-09-03,sales,Foreign Individuals,779589556.0
2007-10-03,sales,Foreign Individuals,321859716.0
2007-11-03,sales,Foreign Individuals,273983922.0
2007-12-03,sales,Foreign Individuals,263629884.0
2008-01-03,sales,Foreign Individuals,169327877.0
2008-02-03,sales,Foreign Individuals,520572081.0
2008-03-03,sales,Foreign Individuals,285853418.0
2008-04-03,sales,Foreign Individuals,4249852365.0
2008-05-03,sales,Foreign Individuals,344050364.0
2008-06-03,sales,Foreign Individuals,132119338.0
2008-07-03,sales,Foreign Individuals,348759737.0
2008-08-03,sales,Foreign Individuals,253830573.0
2008-09-03,sales,Foreign Individuals,102875212.0
2008-10-03,sales,Foreign Individuals,226534015.0
2008-11-03,sales,Foreign Individuals,44859643.0
2008-12-03,sales,Foreign Individuals,47725685.0
2009-01-03,sales,Foreign Individuals,107616794.75
2009-02-03,sales,Foreign Individuals,61943229.0
2009-03-03,sales,Foreign Individuals,40743231.0
2009-04-03,sales,Foreign Individuals,180772061.0
2009-05-03,sales,Foreign Individuals,918000140.0
2009-06-03,sales,Foreign Individuals,557715343.0
2009-07-03,sales,Foreign Individuals,328641630.0
2009-08-03,sales,Foreign Individuals,287286459.0
2009-09-03,sales,Foreign Individuals,1069407930.0
2009-10-03,sales,Foreign Individuals,1023065904.0
2009-11-03,sales,Foreign Individuals,322380802.0
2009-12-03,sales,Foreign Individuals,1955781612.0
2010-01-03,sales,Foreign Individuals,4873850179.75
2010-02-03,sales,Foreign Individuals,2379670977.0
2010-03-03,sales,Foreign Individuals,3029942159.9
2010-04-03,sales,Foreign Individuals,746151304.0
2010-05-03,sales,Foreign Individuals,1250404842.0
2010-06-03,sales,Foreign Individuals,1599917913.0
2010-07-03,sales,Foreign Individuals,2144748224.0
2010-08-03,sales,Foreign Individuals,1442807772.0
2010-09-03,sales,Foreign Individuals,2814602363.0
2010-10-03,sales,Foreign Individuals,1611046164.8
2010-11-03,sales,Foreign Individuals,506532759.0
2010-12-03,sales,Foreign Individuals,931588628.0
2011-01-03,sales,Foreign Individuals,2226482238.0
2011-02-03,sales,Foreign Individuals,2247282269.0
2011-03-03,sales,Foreign Individuals,1322841811.0
2011-04-03,sales,Foreign Individuals,749626336.0
2011-05-03,sales,Foreign Individuals,1982578285.0
2011-06-03,sales,Foreign Individuals,1647402048.0
2011-07-03,sales,Foreign Individuals,789310015.0
2011-08-03,sales,Foreign Individuals,1172368186.0
2011-09-03,sales,Foreign Individuals,1322263903.0
2011-10-03,sales,Foreign Individuals,1783245772.0
2011-11-03,sales,Foreign Individuals,360263055.0
2011-12-03,sales,Foreign Individuals,371168977.0
2012-01-03,sales,Foreign Individuals,271961699.0
2012-02-03,sales,Foreign Individuals,307909982.0
2012-03-03,sales,Foreign Individuals,313429302.0
2012-04-03,sales,Foreign Individuals,230943215.0
2012-05-03,sales,Foreign Individuals,90186537.0
2012-06-03,sales,Foreign Individuals,137365136.0
2012-07-03,sales,Foreign Individuals,102865467.0
2012-08-03,sales,Foreign Individuals,101155490.0
2012-09-03,sales,Foreign Individuals,743646817.0
2012-10-03,sales,Foreign Individuals,309832925.0
2012-11-03,sales,Foreign Individuals,82265347.0
2012-12-03,sales,Foreign Individuals,104724834.0
2013-01-03,sales,Foreign Individuals,288970947.0
2013-02-03,sales,Foreign Individuals,276394637.0
2013-03-03,sales,Foreign Individuals,190567007.0
2013-04-03,sales,Foreign Individuals,365167934.0
2013-05-03,sales,Foreign Individuals,461855069.0
2013-06-03,sales,Foreign Individuals,176798953.0
2013-07-03,sales,Foreign Individuals,132372832.0
2013-08-03,sales,Foreign Individuals,184921806.0
2013-09-03,sales,Foreign Individuals,146859094.0
2013-10-03,sales,Foreign Individuals,192603980.0
2013-11-03,sales,Foreign Individuals,242669935.0
2013-12-03,sales,Foreign Individuals,251207454.0
2014-01-03,sales,Foreign Individuals,323777314.0
2014-02-03,sales,Foreign Individuals,440046178.0
2014-03-03,sales,Foreign Individuals,256974583.0
2014-04-03,sales,Foreign Individuals,422716461.0
2014-05-03,sales,Foreign Individuals,509330834.0
2014-06-03,sales,Foreign Individuals,354161142.0
2014-07-03,sales,Foreign Individuals,2233098252.0
2014-08-03,sales,Foreign Individuals,507995050.0
2014-09-03,sales,Foreign Individuals,1005700592.0
2014-10-03,sales,Foreign Individuals,510395068.0
2014-11-03,sales,Foreign Individuals,516120657.0
2014-12-03,sales,Foreign Individuals,162262702.0
2015-01-03,sales,Foreign Individuals,438708672.0
2015-02-03,sales,Foreign Individuals,540741492.0
2015-03-03,sales,Foreign Individuals,246601263.0
2015-04-03,sales,Foreign Individuals,929253335.0
2015-05-03,sales,Foreign Individuals,577766166.0
2015-06-03,sales,Foreign Individuals,232149543.0
2015-07-03,sales,Foreign Individuals,261776128.0
2015-08-03,sales,Foreign Individuals,547013973.0
2015-09-03,sales,Foreign Individuals,171052326.0
2015-10-03,sales,Foreign Individuals,181519084.0
2015-11-03,sales,Foreign Individuals,121556165.0
2015-12-03,sales,Foreign Individuals,108434535.0
2016-01-03,sales,Foreign Individuals,86935603.0
2016-02-03,sales,Foreign Individuals,82398743.0
2016-03-03,sales,Foreign Individuals,157879699.0
2016-04-03,sales,Foreign Individuals,253301544.0
2016-05-03,sales,Foreign Individuals,145307393.0
2016-06-03,sales,Foreign Individuals,138984688.0
2016-07-03,sales,Foreign Individuals,178529974.0
2016-08-03,sales,Foreign Individuals,236776230.0
2016-09-03,sales,Foreign Individuals,177666732.0
2016-10-03,sales,Foreign Individuals,79232590.0
2016-11-03,sales,Foreign Individuals,51919887.0
2016-12-03,sales,Foreign Individuals,331622308.0
2017-01-03,sales,Foreign Individuals,56017862.0
2017-02-03,sales,Foreign Individuals,195281019.0
2017-03-03,sales,Foreign Individuals,120162632.0
2017-04-03,sales,Foreign Individuals,1014754802.0
2017-05-03,sales,Foreign Individuals,172214910.0
2017-06-03,sales,Foreign Individuals,211470235.0
2017-07-03,sales,Foreign Individuals,680097395.0
2017-08-03,sales,Foreign Individuals,140407100.0
2017-09-03,sales,Foreign Individuals,112161706.0
2017-10-03,sales,Foreign Individuals,195427732.0
2017-11-03,sales,Foreign Individuals,2463059457.0
2017-12-03,sales,Foreign Individuals,67654360.0
2018-01-03,sales,Foreign Individuals,94555505.0
2018-02-03,sales,Foreign Individuals,225272422.0
2018-03-03,sales,Foreign Individuals,89942547.0
2018-04-03,sales,Foreign Individuals,82526949.0
2018-05-03,sales,Foreign Individuals,117230452.0
2018-06-03,sales,Foreign Individuals,70910389.0
2018-07-03,sales,Foreign Individuals,81400832.0
2018-08-03,sales,Foreign Individuals,84171299.0
2018-09-03,sales,Foreign Individuals,56337703.0
2018-10-03,sales,Foreign Individuals,89280965.0
2018-11-03,sales,Foreign Individuals,58895278.0
2018-12-03,sales,Foreign Individuals,20413859.0
2019-01-03,sales,Foreign Individuals,45935934.0
2019-02-03,sales,Foreign Individuals,51015943.0
2019-03-03,sales,Foreign Individuals,125168867.0
2019-04-03,sales,Foreign Individuals,62936747.0
2019-05-03,sales,Foreign Individuals,35250551.0
2019-06-03,sales,Foreign Individuals,178487381.0
2019-07-03,sales,Foreign Individuals,144798339.0
2019-08-03,sales,Foreign Individuals,80748801.0
2019-09-03,sales,Foreign Individuals,75501370.0
2019-10-03,sales,Foreign Individuals,157140122.0
2019-11-03,sales,Foreign Individuals,167530942.0
2019-12-03,sales,Foreign Individuals,76230843.0
2020-01-03,sales,Foreign Individuals,62817199.0
2020-02-03,sales,Foreign Individuals,99901451.0
2020-03-03,sales,Foreign Individuals,16663523.0
2020-05-03,sales,Foreign Individuals,73293282.0
2020-06-03,sales,Foreign Individuals,253415039.0
2020-07-03,sales,Foreign Individuals,152044705.0
2020-08-03,sales,Foreign Individuals,214079351.0
2020-09-03,sales,Foreign Individuals,455592452.0
2020-10-03,sales,Foreign Individuals,508874188.0
2020-11-03,sales,Foreign Individuals,672601999.0
2020-12-03,sales,Foreign Individuals,564109668.0
2021-01-03,sales,Foreign Individuals,1861691486.0
2021-02-03,sales,Foreign Individuals,547615219.0
2021-03-03,sales,Foreign Individuals,385550347.0
2021-04-03,sales,Foreign Individuals,386797123.0
2021-05-03,sales,Foreign Individuals,369113420.0
2021-06-03,sales,Foreign Individuals,488700550.0
2021-07-03,sales,Foreign Individuals,571624948.0
2021-08-03,sales,Foreign Individuals,1002210914.0
2021-09-03,sales,Foreign Individuals,962533127.0
2021-10-03,sales,Foreign Individuals,723876849.0
2021-11-03,sales,Foreign Individuals,1873353372.0
2021-12-03,sales,Foreign Individuals,2272139728.0
2022-01-03,sales,Foreign Individuals,1760150301.0
2022-02-03,sales,Foreign Individuals,480294872.0
2022-03-03,sales,Foreign Individuals,308372274.0
2022-04-03,sales,Foreign Individuals,39470171.0
2022-05-03,sales,Foreign Individuals,150571587.0
2022-06-03,sales,Foreign Individuals,271092503.0
2022-07-03,sales,Foreign Individuals,94608315.0
2022-08-03,sales,Foreign Individuals,399201679.0
2022-09-03,sales,Foreign Individuals,1228282873.0
2022-10-03,sales,Foreign Individuals,209586894.0
2022-11-03,sales,Foreign Individuals,401953731.0
2022-12-03,sales,Foreign Individuals,271011107.0
2023-01-03,sales,Foreign Individuals,425896636.0
2023-02-03,sales,Foreign Individuals,544481797.0
2023-03-03,sales,Foreign Individuals,420174475.0
2023-04-03,sales,Foreign Individuals,72973103.0
2023-05-03,sales,Foreign Individuals,51757422.0
2023-06-03,sales,Foreign Individuals,121955423.0
2023-07-03,sales,Foreign Individuals,675706071.0
2023-08-03,sales,Foreign Individuals,561109512.0
2023-09-03,sales,Foreign Individuals,346749457.0
2023-10-03,sales,Foreign Individuals,294781388.0
2023-11-03,sales,Foreign Individuals,330591156.0
2023-12-03,sales,Foreign Individuals,212395930.0
2024-01-03,sales,Foreign Individuals,211094025.0
2024-02-03,sales,Foreign Individuals,154917712.0
2024-03-03,sales,Foreign Individuals,548759834.0
2024-04-03,sales,Foreign Individuals,1875872070.0
2024-05-03,sales,Foreign Individuals,284766209.0
2024-06-03,sales,Foreign Individuals,174036304.0
2024-07-03,sales,Foreign Individuals,142982558.0
2024-08-03,sales,Foreign Individuals,323417068.0
2024-09-03,sales,Foreign Individuals,672908517.0
2024-10-03,sales,Foreign Individuals,475690083.0
2024-11-03,sales,Foreign Individuals,903455223.0
2024-12-03,sales,Foreign Individuals,1453064995.0
2025-01-03,sales,Foreign Individuals,1433951067.0
2025-02-03,sales,Foreign Individuals,1102446089.0
2025-03-03,sales,Foreign Individuals,994312290.0
2025-04-03,sales,Foreign Individuals,539561944.0
2025-05-03,sales,Foreign Individuals,2197783358.0
2025-06-03,sales,Foreign Individuals,1101797468.0
2025-07-03,sales,Foreign Individuals,2425965331.0
2025-08-03,sales,Foreign Individuals,976016931.0
2025-09-03,sales,Foreign Individuals,3557273802.0
2025-10-03,sales,Foreign Individuals,2810015703.0
2025-11-03,sales,Foreign Individuals,862042383.0
2025-12-03,sales,Foreign Individuals,614811463.0
1992-01-01,sales,Local Companies,139931337.0
1992-02-01,sales,Local Companies,140844042.0
1992-03-01,sales,Local Companies,236510550.0
1992-04-01,sales,Local Companies,85962106.0
1992-05-01,sales,Local Companies,95693428.0
1992-06-01,sales,Local Companies,86948920.0
1992-07-01,sales,Local Companies,142853483.0
1992-08-01,sales,Local Companies,232041653.0
1992-09-01,sales,Local Companies,86633634.0
1992-10-01,sales,Local Companies,161336725.0
1992-11-01,sales,Local Companies,93816126.0
1992-12-01,sales,Local Companies,85545591.0
1993-01-01,sales,Local Companies,145287639.0
1993-02-01,sales,Local Companies,87843790.0
1993-03-01,sales,Local Companies,196838076.0
1993-04-01,sales,Local Companies,87685499.0
1993-05-01,sales,Local Companies,1454532544.0
1993-06-01,sales,Local Companies,454562054.0
1993-07-01,sales,Local Companies,764142239.0
1993-08-01,sales,Local Companies,609669668.0
1993-09-01,sales,Local Companies,728056094.0
1993-10-01,sales,Local Companies,643882885.0
1993-11-01,sales,Local Companies,1428886447.0
1993-12-01,sales,Local Companies,1061982978.0
1994-01-01,sales,Local Companies,1587362227.0
1994-02-01,sales,Local Companies,1231800540.0
1994-03-01,sales,Local Companies,1165317201.0
1994-04-01,sales,Local Companies,517770798.0
1994-05-01,sales,Local Companies,379305867.0
1994-06-01,sales,Local Companies,782239009.0
1994-07-01,sales,Local Companies,584041180.0
1994-08-01,sales,Local Companies,936661953.0
1994-09-01,sales,Local Companies,1490852891.0
1994-10-01,sales,Local Companies,386639909.0
1994-11-01,sales,Local Companies,419687420.0
1994-12-01,sales,Local Companies,398481902.0
1995-01-01,sales,Local Companies,217584104.0
1995-02-01,sales,Local Companies,220987914.0
1995-03-01,sales,Local Companies,572632097.0
1995-04-01,sales,Local Companies,193796654.0
1995-05-01,sales,Local Companies,269766518.0
1995-06-01,sales,Local Companies,371007031.0
1995-07-01,sales,Local Companies,259829778.0
1995-08-01,sales,Local Companies,245262084.0
1995-09-01,sales,Local Companies,254450705.0
1995-10-01,sales,Local Companies,137508849.0
1995-11-01,sales,Local Companies,164017106.0
1995-12-01,sales,Local Companies,430299966.0
1996-01-01,sales,Local Companies,446412656.0
1996-02-01,sales,Local Companies,439111081.0
1996-03-01,sales,Local Companies,265110291.0
1996-04-01,sales,Local Companies,77693675.0
1996-05-01,sales,Local Companies,38441651.0
1996-06-01,sales,Local Companies,62824878.0
1996-07-01,sales,Local Companies,62946517.0
1996-08-01,sales,Local Companies,551953687.0
1996-09-01,sales,Local Companies,526149228.0
1996-10-01,sales,Local Companies,498202330.0
1996-11-01,sales,Local Companies,241518956.0
1996-12-01,sales,Local Companies,358991478.0
1997-01-01,sales,Local Companies,236352790.0
1997-02-01,sales,Local Companies,120359149.0
1997-03-01,sales,Local Companies,442409714.0
1997-04-01,sales,Local Companies,896481257.0
1997-05-01,sales,Local Companies,1108790719.0
1997-06-01,sales,Local Companies,1303089345.0
1997-07-01,sales,Local Companies,781274146.0
1997-08-01,sales,Local Companies,484259410.0
1997-09-01,sales,Local Companies,346056990.0
1997-10-01,sales,Local Companies,522385231.0
1997-11-01,sales,Local Companies,198172589.0
1997-12-01,sales,Local Companies,298932627.0
1998-01-01,sales,Local Companies,655119311.0
1998-02-01,sales,Local Companies,720384588.0
1998-03-01,sales,Local Companies,558748156.0
1998-04-01,sales,Local Companies,771091604.0
1998-05-01,sales,Local Companies,1171491072.0
1998-06-01,sales,Local Companies,489900909.0
1998-07-01,sales,Local Companies,385807221.0
1998-08-01,sales,Local Companies,551985944.0
1998-09-01,sales,Local Companies,282181883.0
1998-10-01,sales,Local Companies,287353508.0
1998-11-01,sales,Local Companies,704288011.0
1998-12-01,sales,Local Companies,193418931.0
1999-01-01,sales,Local Companies,224676019.0
1999-02-01,sales,Local Companies,163985839.0
1999-03-01,sales,Local Companies,101028898.0
1999-04-01,sales,Local Companies,83001258.0
1999-05-01,sales,Local Companies,1112538627.0
1999-06-01,sales,Local Companies,368931556.0
1999-07-01,sales,Local Companies,1208072412.0
1999-08-01,sales,Local Companies,623498725.0
1999-09-01,sales,Local Companies,264550835.0
1999-10-01,sales,Local Companies,438378063.0
1999-11-01,sales,Local Companies,685236243.0
1999-12-01,sales,Local Companies,564469428.0
2000-01-01,sales,Local Companies,292404124.0
2000-02-01,sales,Local Companies,485163246.0
2000-03-01,sales,Local Companies,257122381.0
2000-04-01,sales,Local Companies,288035505.0
2000-05-01,sales,Local Companies,428449291.0
2000-06-01,sales,Local Companies,653233414.0
2000-07-01,sales,Local Companies,518336053.0
2000-08-01,sales,Local Companies,168124488.0
2000-09-01,sales,Local Companies,189420634.0
2000-10-01,sales,Local Companies,176438538.0
2000-11-01,sales,Local Companies,133376488.0
2000-12-01,sales,Local Companies,77742215.0
2001-01-01,sales,Local Companies,435812583.0
2001-02-01,sales,Local Companies,194079729.0
2001-03-01,sales,Local Companies,163257124.0
2001-04-01,sales,Local Companies,83103754.0
2001-05-01,sales,Local Companies,143348139.0
2001-06-01,sales,Local Companies,215038212.0
2001-07-01,sales,Local Companies,150239250.0
2001-08-01,sales,Local Companies,529631182.0
2001-09-01,sales,Local Companies,258455446.0
2001-10-01,sales,Local Companies,1393433208.0
2001-11-01,sales,Local Companies,781400363.0
2001-12-01,sales,Local Companies,2299971695.0
2002-01-01,sales,Local Companies,307756329.0
2002-02-01,sales,Local Companies,567832803.0
2002-03-01,sales,Local Companies,1629209618.0
2002-04-01,sales,Local Companies,567632245.0
2002-05-01,sales,Local Companies,1965679977.0
2002-06-01,sales,Local Companies,2650668943.0
2002-07-01,sales,Local Companies,782317233.0
2002-08-01,sales,Local Companies,1216773556.0
2002-09-01,sales,Local Companies,2359125889.0
2002-10-01,sales,Local Companies,1213822413.0
2002-11-01,sales,Local Companies,359444745.0
2002-12-01,sales,Local Companies,481667428.0
2003-01-03,sales,Local Companies,754414314.0
2003-02-03,sales,Local Companies,515736537.0
2003-03-03,sales,Local Companies,571028030.0
2003-04-03,sales,Local Companies,711565409.0
2003-05-03,sales,Local Companies,3443676588.0
2003-06-03,sales,Local Companies,5257310803.0
2003-07-03,sales,Local Companies,2294443925.0
2003-08-03,sales,Local Companies,2366520540.0
2003-09-03,sales,Local Companies,5799620219.0
2003-10-03,sales,Local Companies,6306332553.0
2003-11-03,sales,Local Companies,2638973108.0
2003-12-03,sales,Local Companies,2496100014.0
2004-01-03,sales,Local Companies,2013791027.0
2004-02-03,sales,Local Companies,1986207379.0
2004-03-03,sales,Local Companies,2042694571.0
2004-04-03,sales,Local Companies,1366979929.0
2004-05-03,sales,Local Companies,879015677.0
2004-06-03,sales,Local Companies,2224982884.0
2004-07-03,sales,Local Companies,2761573464.0
2004-08-03,sales,Local Companies,1931458040.0
2004-09-03,sales,Local Companies,1178019437.0
2004-10-03,sales,Local Companies,1350948476.0
2004-11-03,sales,Local Companies,1713939723.0
2004-12-03,sales,Local Companies,1113386229.0
2005-01-03,sales,Local Companies,2087693720.0
2005-02-03,sales,Local Companies,2686170577.0
2005-03-03,sales,Local Companies,3869318454.0
2005-04-03,sales,Local Companies,2056093808.0
2005-05-03,sales,Local Companies,3279137683.0
2005-06-03,sales,Local Companies,1701499505.0
2005-07-03,sales,Local Companies,3517493231.0
2005-08-03,sales,Local Companies,5361933804.0
2005-09-03,sales,Local Companies,6184867395.0
2005-10-03,sales,Local Companies,4635976643.0
2005-11-03,sales,Local Companies,4334209331.0
2005-12-03,sales,Local Companies,1820444671.0
2006-01-03,sales,Local Companies,2453914208.0
2006-02-03,sales,Local Companies,2169384574.0
2006-03-03,sales,Local Companies,4014661761.0
2006-04-03,sales,Local Companies,1911822475.0
2006-05-03,sales,Local Companies,1666973360.0
2006-06-03,sales,Local Companies,1886288787.0
2006-07-03,sales,Local Companies,1293366628.0
2006-08-03,sales,Local Companies,1190400913.05
2006-09-03,sales,Local Companies,1985468552.5
2006-10-03,sales,Local Companies,3860153752.6
2006-11-03,sales,Local Companies,9440799413.0
2006-12-03,sales,Local Companies,1881490109.0
2007-01-03,sales,Local Companies,4693968145.0
2007-02-03,sales,Local Companies,4693948381.0
2007-03-03,sales,Local Companies,3700743429.25
2007-04-03,sales,Local Companies,397297247.9
2007-05-03,sales,Local Companies,1231481341.0
2007-06-03,sales,Local Companies,1151908466.95
2007-07-03,sales,Local Companies,731059043.0
2007-08-03,sales,Local Companies,4578531139.0
2007-09-03,sales,Local Companies,2234079008.0
2007-10-03,sales,Local Companies,3370386876.0
2007-11-03,sales,Local Companies,2884382179.0
2007-12-03,sales,Local Companies,3182100513.0
2008-01-03,sales,Local Companies,1124725068.0
2008-02-03,sales,Local Companies,2571372824.0
2008-03-03,sales,Local Companies,2388225281.0
2008-04-03,sales,Local Companies,3450914756.0
2008-05-03,sales,Local Companies,2400766222.0
2008-06-03,sales,Local Companies,3120181362.0
2008-07-03,sales,Local Companies,10632893414.0
2008-08-03,sales,Local Companies,1829586522.0
2008-09-03,sales,Local Companies,1467206436.0
2008-10-03,sales,Local Companies,925342845.0
2008-11-03,sales,Local Companies,1199363214.0
2008-12-03,sales,Local Companies,657108642.0
2009-01-03,sales,Local Companies,833917935.8
2009-02-03,sales,Local Companies,2509819349.2
2009-03-03,sales,Local Companies,6056541020.65
2009-04-03,sales,Local Companies,722332404.0
2009-05-03,sales,Local Companies,3407346396.0
2009-06-03,sales,Local Companies,5068168331.0
2009-07-03,sales,Local Companies,2998032730.0
2009-08-03,sales,Local Companies,2280126761.0
2009-09-03,sales,Local Companies,5917183956.0
2009-10-03,sales,Local Companies,6761450858.0
2009-11-03,sales,Local Companies,4191764147.0
2009-12-03,sales,Local Companies,8189598032.0
2010-01-03,sales,Local Companies,5587560146.5
2010-02-03,sales,Local Companies,6607086682.85
2010-03-03,sales,Local Companies,8916943706.0
2010-04-03,sales,Local Companies,7973380904.0
2010-05-03,sales,Local Companies,11234358013.0
2010-06-03,sales,Local Companies,18089048164.0
2010-07-03,sales,Local Companies,20072696606.0
2010-08-03,sales,Local Companies,20744955892.0
2010-09-03,sales,Local Companies,30768560398.0
2010-10-03,sales,Local Companies,32696497259.5
2010-11-03,sales,Local Companies,12111416736.0
2010-12-03,sales,Local Companies,18387653306.9
2011-01-03,sales,Local Companies,23770531576.0
2011-02-03,sales,Local Companies,18828885937.0
2011-03-03,sales,Local Companies,21425930870.0
2011-04-03,sales,Local Companies,11181484761.0
2011-05-03,sales,Local Companies,17101935615.0
2011-06-03,sales,Local Companies,19583261003.0
2011-07-03,sales,Local Companies,10516612962.0
2011-08-03,sales,Local Companies,18624536429.0
2011-09-03,sales,Local Companies,15667230846.0
2011-10-03,sales,Local Companies,7046626243.0
2011-11-03,sales,Local Companies,5523883690.0
2011-12-03,sales,Local Companies,3163604565.0
2012-01-03,sales,Local Companies,4560913176.0
2012-02-03,sales,Local Companies,12987344847.0
2012-03-03,sales,Local Companies,22706791054.0
2012-04-03,sales,Local Companies,2990619590.0
2012-05-03,sales,Local Companies,2795082668.0
2012-06-03,sales,Local Companies,11942950358.0
2012-07-03,sales,Local Companies,2961891105.0
2012-08-03,sales,Local Companies,7199091432.0
2012-09-03,sales,Local Companies,12939006969.0
2012-10-03,sales,Local Companies,5300599785.0
2012-11-03,sales,Local Companies,5266828324.0
2012-12-03,sales,Local Companies,6149471583.0
2013-01-03,sales,Local Companies,5604886787.0
2013-02-03,sales,Local Companies,3223483204.0
2013-03-03,sales,Local Companies,7505249766.0
2013-04-03,sales,Local Companies,5591561147.0
2013-05-03,sales,Local Companies,12354226998.0
2013-06-03,sales,Local Companies,3831823562.0
2013-07-03,sales,Local Companies,3707524908.0
2013-08-03,sales,Local Companies,4974002193.0
2013-09-03,sales,Local Companies,2208700203.0
2013-10-03,sales,Local Companies,5830155921.0
2013-11-03,sales,Local Companies,4076344707.0
2013-12-03,sales,Local Companies,4225977574.0
2014-01-03,sales,Local Companies,6996451164.0
2014-02-03,sales,Local Companies,3493428680.0
2014-03-03,sales,Local Companies,3207063813.0
2014-04-03,sales,Local Companies,6071311216.0
2014-05-03,sales,Local Companies,6523493947.0
2014-06-03,sales,Local Companies,4113284732.0
2014-07-03,sales,Local Companies,12840814248.0
2014-08-03,sales,Local Companies,10644222819.0
2014-09-03,sales,Local Companies,15183742866.0
2014-10-03,sales,Local Companies,16570945455.0
2014-11-03,sales,Local Companies,18011200406.0
2014-12-03,sales,Local Companies,13302555864.0
2015-01-03,sales,Local Companies,7691816995.0
2015-02-03,sales,Local Companies,5705232435.0
2015-03-03,sales,Local Companies,6812983686.0
2015-04-03,sales,Local Companies,3455039474.0
2015-05-03,sales,Local Companies,11716253441.0
2015-06-03,sales,Local Companies,3769763741.0
2015-07-03,sales,Local Companies,8960447488.0
2015-08-03,sales,Local Companies,9926368757.0
2015-09-03,sales,Local Companies,4204970436.0
2015-10-03,sales,Local Companies,5484718501.0
2015-11-03,sales,Local Companies,4543426910.0
2015-12-03,sales,Local Companies,2803159975.0
2016-01-03,sales,Local Companies,3158112230.0
2016-02-03,sales,Local Companies,2966779923.0
2016-03-03,sales,Local Companies,6557802930.0
2016-04-03,sales,Local Companies,4557475583.0
2016-05-03,sales,Local Companies,3406425338.0
2016-06-03,sales,Local Companies,3474636375.0
2016-07-03,sales,Local Companies,3692005745.0
2016-08-03,sales,Local Companies,6573026758.0
2016-09-03,sales,Local Companies,5342393871.0
2016-10-03,sales,Local Companies,3444202617.0
2016-11-03,sales,Local Companies,2721194395.0
2016-12-03,sales,Local Companies,5869997934.0
2017-01-03,sales,Local Companies,4645280169.0
2017-02-03,sales,Local Companies,4191326158.0
2017-03-03,sales,Local Companies,8475006630.0
2017-04-03,sales,Local Companies,7950260259.0
2017-05-03,sales,Local Companies,7817649212.0
2017-06-03,sales,Local Companies,4788829347.0
2017-07-03,sales,Local Companies,4320421606.0
2017-08-03,sales,Local Companies,4449424075.0
2017-09-03,sales,Local Companies,4918669290.0
2017-10-03,sales,Local Companies,5838017906.0
2017-11-03,sales,Local Companies,6099001821.0
2017-12-03,sales,Local Companies,2514046088.0
2018-01-03,sales,Local Companies,7146582499.0
2018-02-03,sales,Local Companies,7572038968.0
2018-03-03,sales,Local Companies,10325874211.0
2018-04-03,sales,Local Companies,3144557286.0
2018-05-03,sales,Local Companies,3295329990.0
2018-06-03,sales,Local Companies,2463505416.0
2018-07-03,sales,Local Companies,1724770720.0
2018-08-03,sales,Local Companies,2685217980.0
2018-09-03,sales,Local Companies,2896349979.0
2018-10-03,sales,Local Companies,2567312898.0
2018-11-03,sales,Local Companies,10509742830.0
2018-12-03,sales,Local Companies,3282597340.0
2019-01-03,sales,Local Companies,2508505744.0
2019-02-03,sales,Local Companies,3501128511.0
2019-03-03,sales,Local Companies,3002350127.0
2019-04-03,sales,Local Companies,1010167023.0
2019-05-03,sales,Local Companies,2599438125.0
2019-06-03,sales,Local Companies,6041350930.0
2019-07-03,sales,Local Companies,13563352805.0
2019-08-03,sales,Local Companies,4157966932.0
2019-09-03,sales,Local Companies,2619445839.0
2019-10-03,sales,Local Companies,4954735463.0
2019-11-03,sales,Local Companies,7853753848.0
2019-12-03,sales,Local Companies,3498833970.0
2020-01-03,sales,Local Companies,3560348017.0
2020-02-03,sales,Local Companies,3024936629.0
2020-03-03,sales,Local Companies,1493405302.0
2020-05-03,sales,Local Companies,6821713315.0
2020-06-03,sales,Local Companies,6432019469.0
2020-07-03,sales,Local Companies,6083500818.0
2020-08-03,sales,Local Companies,11106161910.0
2020-09-03,sales,Local Companies,16404855013.0
2020-10-03,sales,Local Companies,17166232243.0
2020-11-03,sales,Local Companies,16968557653.0
2020-12-03,sales,Local Companies,28885250806.0
2021-01-03,sales,Local Companies,64388843645.0
2021-02-03,sales,Local Companies,41580108679.0
2021-03-03,sales,Local Companies,10727860273.0
2021-04-03,sales,Local Companies,17432809483.0
2021-05-03,sales,Local Companies,10739571427.0
2021-06-03,sales,Local Companies,17111070288.0
2021-07-03,sales,Local Companies,16895540264.0
2021-08-03,sales,Local Companies,53603753882.0
2021-09-03,sales,Local Companies,52228561594.0
2021-10-03,sales,Local Companies,31142863371.0
2021-11-03,sales,Local Companies,52588993424.0
2021-12-03,sales,Local Companies,60398947680.0
2022-01-03,sales,Local Companies,59202582800.0
2022-02-03,sales,Local Companies,33705185192.0
2022-03-03,sales,Local Companies,25930210775.0
2022-04-03,sales,Local Companies,7895314331.0
2022-05-03,sales,Local Companies,10572144826.0
2022-06-03,sales,Local Companies,9709696608.0
2022-07-03,sales,Local Companies,8706642038.0
2022-08-03,sales,Local Companies,29672917243.0
2022-09-03,sales,Local Companies,41678351224.0
2022-10-03,sales,Local Companies,15103208377.0
2022-11-03,sales,Local Companies,12617788494.0
2022-12-03,sales,Local Companies,24027383251.0
2023-01-03,sales,Local Companies,14543763163.0
2023-02-03,sales,Local Companies,17449352609.0
2023-03-03,sales,Local Companies,18102538376.0
2023-04-03,sales,Local Companies,6390318467.0
2023-05-03,sales,Local Companies,5679749565.0
2023-06-03,sales,Local Companies,14754993574.0
2023-07-03,sales,Local Companies,34798400712.0
2023-08-03,sales,Local Companies,28602733606.0
2023-09-03,sales,Local Companies,10613012751.0
2023-10-03,sales,Local Companies,7133564084.0
2023-11-03,sales,Local Companies,9100096084.0
2023-12-03,sales,Local Companies,14038844257.0
2024-01-03,sales,Local Companies,5043607411.0
2024-02-03,sales,Local Companies,9383040063.0
2024-03-03,sales,Local Companies,13139356956.0
2024-04-03,sales,Local Companies,23434275331.0
2024-05-03,sales,Local Companies,15417216304.0
2024-06-03,sales,Local Companies,14593437134.0
2024-07-03,sales,Local Companies,9386311805.0
2024-08-03,sales,Local Companies,7017320673.0
2024-09-03,sales,Local Companies,13590005319.0
2024-10-03,sales,Local Companies,26884622562.0
2024-11-03,sales,Local Companies,40775787642.0
2024-12-03,sales,Local Companies,60692899826.0
2025-01-03,sales,Local Companies,57443845092.0
2025-02-03,sales,Local Companies,2593041787.0
2025-03-03,sales,Local Companies,20482409682.0
2025-04-03,sales,Local Companies,23138839382.0
2025-05-03,sales,Local Companies,46145726287.0
2025-06-03,sales,Local Companies,41201200126.0
2025-07-03,sales,Local Companies,73312976149.0
2025-08-03,sales,Local Companies,59221364916.0
2025-09-03,sales,Local Companies,65150699429.0
2025-10-03,sales,Local Companies,66991959826.0
2025-11-03,sales,Local Companies,40112283526.0
2025-12-03,sales,Local Companies,34332004679.0
1992-01-01,sales,Local Individuals,225154974.0
1992-02-01,sales,Local Individuals,134784444.0
1992-03-01,sales,Local Individuals,166296843.0
1992-04-01,sales,Local Individuals,151603777.0
1992-05-01,sales,Local Individuals,174541980.0
1992-06-01,sales,Local Individuals,178902487.0
1992-07-01,sales,Local Individuals,222536556.0
1992-08-01,sales,Local Individuals,128373684.0
1992-09-01,sales,Local Individuals,176599568.0
1992-10-01,sales,Local Individuals,208321739.0
1992-11-01,sales,Local Individuals,154356071.0
1992-12-01,sales,Local Individuals,134660678.0
1993-01-01,sales,Local Individuals,113277201.0
1993-02-01,sales,Local Individuals,142762750.0
1993-03-01,sales,Local Individuals,203548686.0
1993-04-01,sales,Local Individuals,208474939.0
1993-05-01,sales,Local Individuals,226243162.0
1993-06-01,sales,Local Individuals,475624930.0
1993-07-01,sales,Local Individuals,935209741.0
1993-08-01,sales,Local Individuals,725112866.0
1993-09-01,sales,Local Individuals,551110809.0
1993-10-01,sales,Local Individuals,541945377.0
1993-11-01,sales,Local Individuals,1495738218.0
1993-12-01,sales,Local Individuals,1221596701.0
1994-01-01,sales,Local Individuals,1881366487.0
1994-02-01,sales,Local Individuals,2473909892.0
1994-03-01,sales,Local Individuals,1435650695.0
1994-04-01,sales,Local Individuals,666071517.0
1994-05-01,sales,Local Individuals,639864719.0
1994-06-01,sales,Local Individuals,704567608.0
1994-07-01,sales,Local Individuals,599414915.0
1994-08-01,sales,Local Individuals,549641244.0
1994-09-01,sales,Local Individuals,1194930860.0
1994-10-01,sales,Local Individuals,525992252.0
1994-11-01,sales,Local Individuals,473165984.0
1994-12-01,sales,Local Individuals,341362227.0
1995-01-01,sales,Local Individuals,305636984.0
1995-02-01,sales,Local Individuals,306928629.0
1995-03-01,sales,Local Individuals,365428428.0
1995-04-01,sales,Local Individuals,196017294.0
1995-05-01,sales,Local Individuals,223895547.0
1995-06-01,sales,Local Individuals,299570841.0
1995-07-01,sales,Local Individuals,258429200.0
1995-08-01,sales,Local Individuals,253064060.0
1995-09-01,sales,Local Individuals,144139004.0
1995-10-01,sales,Local Individuals,121737753.0
1995-11-01,sales,Local Individuals,134078178.0
1995-12-01,sales,Local Individuals,129546991.0
1996-01-01,sales,Local Individuals,156232608.0
1996-02-01,sales,Local Individuals,170592966.0
1996-03-01,sales,Local Individuals,207081378.0
1996-04-01,sales,Local Individuals,81617966.0
1996-05-01,sales,Local Individuals,105855687.0
1996-06-01,sales,Local Individuals,97162336.0
1996-07-01,sales,Local Individuals,82656427.0
1996-08-01,sales,Local Individuals,121540456.0
1996-09-01,sales,Local Individuals,75935926.0
1996-10-01,sales,Local Individuals,158311710.0
1996-11-01,sales,Local Individuals,162458180.0
1996-12-01,sales,Local Individuals,109767272.0
1997-01-01,sales,Local Individuals,257723045.0
1997-02-01,sales,Local Individuals,150758787.0
1997-03-01,sales,Local Individuals,190953903.0
1997-04-01,sales,Local Individuals,467952963.0
1997-05-01,sales,Local Individuals,296215914.0
1997-06-01,sales,Local Individuals,475905502.0
1997-07-01,sales,Local Individuals,608326831.0
1997-08-01,sales,Local Individuals,539726149.0
1997-09-01,sales,Local Individuals,282082319.0
1997-10-01,sales,Local Individuals,257033766.0
1997-11-01,sales,Local Individuals,283540981.0
1997-12-01,sales,Local Individuals,264227258.0
1998-01-01,sales,Local Individuals,216565497.0
1998-02-01,sales,Local Individuals,285366851.0
1998-03-01,sales,Local Individuals,359084786.0
1998-04-01,sales,Local Individuals,479206696.0
1998-05-01,sales,Local Individuals,635626861.0
1998-06-01,sales,Local Individuals,376635522.0
1998-07-01,sales,Local Individuals,527393267.0
1998-08-01,sales,Local Individuals,315910875.0
1998-09-01,sales,Local Individuals,244634191.0
1998-10-01,sales,Local Individuals,147280561.0
1998-11-01,sales,Local Individuals,400684537.0
1998-12-01,sales,Local Individuals,266863800.0
1999-01-01,sales,Local Individuals,256942093.0
1999-02-01,sales,Local Individuals,209695998.0
1999-03-01,sales,Local Individuals,136629181.0
1999-04-01,sales,Local Individuals,113240873.0
1999-05-01,sales,Local Individuals,195991253.0
1999-06-01,sales,Local Individuals,127524385.0
1999-07-01,sales,Local Individuals,490440499.0
1999-08-01,sales,Local Individuals,423757369.0
1999-09-01,sales,Local Individuals,345986105.0
1999-10-01,sales,Local Individuals,221833806.0
1999-11-01,sales,Local Individuals,144708891.0
1999-12-01,sales,Local Individuals,336633660.0
2000-01-01,sales,Local Individuals,192170817.0
2000-02-01,sales,Local Individuals,271733960.0
2000-03-01,sales,Local Individuals,200279380.0
2000-04-01,sales,Local Individuals,88735948.0
2000-05-01,sales,Local Individuals,224516985.0
2000-06-01,sales,Local Individuals,472901577.0
2000-07-01,sales,Local Individuals,274135857.0
2000-08-01,sales,Local Individuals,193685318.0
2000-09-01,sales,Local Individuals,195733159.0
2000-10-01,sales,Local Individuals,159178749.0
2000-11-01,sales,Local Individuals,132647742.0
2000-12-01,sales,Local Individuals,129800173.0
2001-01-01,sales,Local Individuals,133093965.0
2001-02-01,sales,Local Individuals,129372771.0
2001-03-01,sales,Local Individuals,115729310.0
2001-04-01,sales,Local Individuals,67283152.0
2001-05-01,sales,Local Individuals,77730245.0
2001-06-01,sales,Local Individuals,192199796.0
2001-07-01,sales,Local Individuals,119495860.0
2001-08-01,sales,Local Individuals,273774246.0
2001-09-01,sales,Local Individuals,150597717.0
2001-10-01,sales,Local Individuals,738474285.0
2001-11-01,sales,Local Individuals,766722110.0
2001-12-01,sales,Local Individuals,1507975665.0
2002-01-01,sales,Local Individuals,501362818.25
2002-02-01,sales,Local Individuals,500895190.0
2002-03-01,sales,Local Individuals,528384979.0
2002-04-01,sales,Local Individuals,456094227.0
2002-05-01,sales,Local Individuals,1054735883.0
2002-06-01,sales,Local Individuals,1601278830.0
2002-07-01,sales,Local Individuals,954257357.0
2002-08-01,sales,Local Individuals,1105254130.0
2002-09-01,sales,Local Individuals,2254749062.0
2002-10-01,sales,Local Individuals,1455613634.0
2002-11-01,sales,Local Individuals,573529911.0
2002-12-01,sales,Local Individuals,398956901.0
2003-01-03,sales,Local Individuals,800495558.0
2003-02-03,sales,Local Individuals,403724696.0
2003-03-03,sales,Local Individuals,405105368.0
2003-04-03,sales,Local Individuals,1450353855.0
2003-05-03,sales,Local Individuals,1049322202.0
2003-06-03,sales,Local Individuals,3899225992.0
2003-07-03,sales,Local Individuals,1957858762.0
2003-08-03,sales,Local Individuals,1889660242.0
2003-09-03,sales,Local Individuals,4313879508.0
2003-10-03,sales,Local Individuals,5488063718.0
2003-11-03,sales,Local Individuals,4239392750.0
2003-12-03,sales,Local Individuals,1050401219.0
2004-01-03,sales,Local Individuals,2119942385.0
2004-02-03,sales,Local Individuals,1449316957.0
2004-03-03,sales,Local Individuals,1478049904.0
2004-04-03,sales,Local Individuals,1283537949.0
2004-05-03,sales,Local Individuals,1772922807.0
2004-06-03,sales,Local Individuals,1814449781.0
2004-07-03,sales,Local Individuals,4676162916.0
2004-08-03,sales,Local Individuals,3457211954.0
2004-09-03,sales,Local Individuals,3187782675.0
2004-10-03,sales,Local Individuals,3467920261.0
2004-11-03,sales,Local Individuals,1520795753.0
2004-12-03,sales,Local Individuals,2289823659.0
2005-01-03,sales,Local Individuals,2745280992.0
2005-02-03,sales,Local Individuals,4038553997.0
2005-03-03,sales,Local Individuals,7983944828.0
2005-04-03,sales,Local Individuals,4397922056.0
2005-05-03,sales,Local Individuals,5865229847.0
2005-06-03,sales,Local Individuals,2354023660.0
2005-07-03,sales,Local Individuals,2627862271.0
2005-08-03,sales,Local Individuals,4292328623.0
2005-09-03,sales,Local Individuals,5487741819.0
2005-10-03,sales,Local Individuals,5685681376.0
2005-11-03,sales,Local Individuals,3713391419.0
2005-12-03,sales,Local Individuals,1977103448.0
2006-01-03,sales,Local Individuals,1685129879.0
2006-02-03,sales,Local Individuals,3246102768.0
2006-03-03,sales,Local Individuals,4009117469.0
2006-04-03,sales,Local Individuals,2932450804.0
2006-05-03,sales,Local Individuals,1667477966.0
2006-06-03,sales,Local Individuals,3962478358.0
2006-07-03,sales,Local Individuals,3603354943.55
2006-08-03,sales,Local Individuals,1848015773.0
2006-09-03,sales,Local Individuals,3316095699.3
2006-10-03,sales,Local Individuals,3682018578.05
2006-11-03,sales,Local Individuals,7386327231.95
2006-12-03,sales,Local Individuals,2270531885.1
2007-01-03,sales,Local Individuals,6125807846.0
2007-02-03,sales,Local Individuals,4731446252.0
2007-03-03,sales,Local Individuals,3125325030.2
2007-04-03,sales,Local Individuals,1206836965.2
2007-05-03,sales,Local Individuals,2447593382.6
2007-06-03,sales,Local Individuals,1788225522.6
2007-07-03,sales,Local Individuals,1203558735.65
2007-08-03,sales,Local Individuals,2374380536.0
2007-09-03,sales,Local Individuals,2776847211.0
2007-10-03,sales,Local Individuals,5230329987.0
2007-11-03,sales,Local Individuals,3477675065.0
2007-12-03,sales,Local Individuals,2104950604.0
2008-01-03,sales,Local Individuals,1586508873.0
2008-02-03,sales,Local Individuals,2996935824.0
2008-03-03,sales,Local Individuals,3710483595.0
2008-04-03,sales,Local Individuals,3414329532.0
2008-05-03,sales,Local Individuals,2208042045.0
2008-06-03,sales,Local Individuals,2211730940.0
2008-07-03,sales,Local Individuals,2191199557.0
2008-08-03,sales,Local Individuals,2624092310.0
2008-09-03,sales,Local Individuals,2162722285.0
2008-10-03,sales,Local Individuals,1494273127.0
2008-11-03,sales,Local Individuals,1028867560.0
2008-12-03,sales,Local Individuals,375323686.0
2009-01-03,sales,Local Individuals,1432519634.8
2009-02-03,sales,Local Individuals,773329047.35
2009-03-03,sales,Local Individuals,732603852.7
2009-04-03,sales,Local Individuals,1045080738.0
2009-05-03,sales,Local Individuals,4287273690.0
2009-06-03,sales,Local Individuals,6336931703.0
2009-07-03,sales,Local Individuals,4065638575.0
2009-08-03,sales,Local Individuals,4111033267.0
2009-09-03,sales,Local Individuals,9556764712.0
2009-10-03,sales,Local Individuals,9005919508.0
2009-11-03,sales,Local Individuals,3108231191.0
2009-12-03,sales,Local Individuals,5229338262.0
2010-01-03,sales,Local Individuals,11186056452.0
2010-02-03,sales,Local Individuals,16247671938.0
2010-03-03,sales,Local Individuals,10583186503.0
2010-04-03,sales,Local Individuals,11577844734.0
2010-05-03,sales,Local Individuals,14074545475.0
2010-06-03,sales,Local Individuals,21848999912.0
2010-07-03,sales,Local Individuals,27890130303.0
2010-08-03,sales,Local Individuals,26117775661.0
2010-09-03,sales,Local Individuals,44082119948.0
2010-10-03,sales,Local Individuals,38292329366.0
2010-11-03,sales,Local Individuals,13095552018.0
2010-12-03,sales,Local Individuals,18142927661.0
2011-01-03,sales,Local Individuals,44106286247.0
2011-02-03,sales,Local Individuals,32640760756.0
2011-03-03,sales,Local Individuals,23366246875.0
2011-04-03,sales,Local Individuals,15465504106.0
2011-05-03,sales,Local Individuals,27845701399.0
2011-06-03,sales,Local Individuals,36784551731.0
2011-07-03,sales,Local Individuals,18869700528.0
2011-08-03,sales,Local Individuals,35739021813.0
2011-09-03,sales,Local Individuals,33022720302.0
2011-10-03,sales,Local Individuals,13857048895.0
2011-11-03,sales,Local Individuals,12828124348.0
2011-12-03,sales,Local Individuals,10617470049.0
2012-01-03,sales,Local Individuals,11267835512.0
2012-02-03,sales,Local Individuals,12130301998.0
2012-03-03,sales,Local Individuals,7945403254.0
2012-04-03,sales,Local Individuals,4486940277.0
2012-05-03,sales,Local Individuals,3789789809.0
2012-06-03,sales,Local Individuals,4182467068.0
2012-07-03,sales,Local Individuals,4474274562.0
2012-08-03,sales,Local Individuals,4462185786.0
2012-09-03,sales,Local Individuals,16929256378.0
2012-10-03,sales,Local Individuals,5892644745.0
2012-11-03,sales,Local Individuals,3501154978.0
2012-12-03,sales,Local Individuals,3032651420.0
2013-01-03,sales,Local Individuals,6044455366.0
2013-02-03,sales,Local Individuals,4861590045.0
2013-03-03,sales,Local Individuals,6085058280.0
2013-04-03,sales,Local Individuals,7712743717.0
2013-05-03,sales,Local Individuals,12101532612.0
2013-06-03,sales,Local Individuals,7084043845.0
2013-07-03,sales,Local Individuals,4269871902.0
2013-08-03,sales,Local Individuals,4384513841.0
2013-09-03,sales,Local Individuals,6165260890.0
2013-10-03,sales,Local Individuals,8757795518.0
2013-11-03,sales,Local Individuals,4287235870.0
2013-12-03,sales,Local Individuals,4750608187.0
2014-01-03,sales,Local Individuals,8157233849.0
2014-02-03,sales,Local Individuals,5467697132.0
2014-03-03,sales,Local Individuals,3242439005.0
2014-04-03,sales,Local Individuals,6776174014.0
2014-05-03,sales,Local Individuals,13579030199.0
2014-06-03,sales,Local Individuals,10544839761.0
2014-07-03,sales,Local Individuals,15921134482.0
2014-08-03,sales,Local Individuals,17056101881.0
2014-09-03,sales,Local Individuals,18948159311.0
2014-10-03,sales,Local Individuals,15736393345.0
2014-11-03,sales,Local Individuals,18563062401.0
2014-12-03,sales,Local Individuals,6516652733.0
2015-01-03,sales,Local Individuals,10351509546.0
2015-02-03,sales,Local Individuals,10978146830.0
2015-03-03,sales,Local Individuals,6550755474.0
2015-04-03,sales,Local Individuals,5207868955.0
2015-05-03,sales,Local Individuals,8889136614.0
2015-06-03,sales,Local Individuals,6544624329.0
2015-07-03,sales,Local Individuals,6994000357.0
2015-08-03,sales,Local Individuals,13212401165.0
2015-09-03,sales,Local Individuals,5864806160.0
2015-10-03,sales,Local Individuals,6864509637.0
2015-11-03,sales,Local Individuals,4222965211.0
2015-12-03,sales,Local Individuals,2758068109.0
2016-01-03,sales,Local Individuals,4338932606.0
2016-02-03,sales,Local Individuals,5157890530.0
2016-03-03,sales,Local Individuals,3760610093.0
2016-04-03,sales,Local Individuals,4591057514.0
2016-05-03,sales,Local Individuals,4189977669.0
2016-06-03,sales,Local Individuals,3426718580.0
2016-07-03,sales,Local Individuals,5024063562.0
2016-08-03,sales,Local Individuals,7357594685.0
2016-09-03,sales,Local Individuals,4948273632.0
2016-10-03,sales,Local Individuals,3394031894.0
2016-11-03,sales,Local Individuals,2528253203.0
2016-12-03,sales,Local Individuals,2292106443.0
2017-01-03,sales,Local Individuals,1801638314.0
2017-02-03,sales,Local Individuals,3460827743.0
2017-03-03,sales,Local Individuals,2965859948.0
2017-04-03,sales,Local Individuals,10051086804.0
2017-05-03,sales,Local Individuals,6256985944.0
2017-06-03,sales,Local Individuals,7008960390.0
2017-07-03,sales,Local Individuals,5581428260.0
2017-08-03,sales,Local Individuals,4599567809.0
2017-09-03,sales,Local Individuals,4352451902.0
2017-10-03,sales,Local Individuals,7876683902.0
2017-11-03,sales,Local Individuals,3359205072.0
2017-12-03,sales,Local Individuals,2663285174.0
2018-01-03,sales,Local Individuals,3653676033.0
2018-02-03,sales,Local Individuals,5258825401.0
2018-03-03,sales,Local Individuals,3922487277.0
2018-04-03,sales,Local Individuals,3979657316.0
2018-05-03,sales,Local Individuals,4845440197.0
2018-06-03,sales,Local Individuals,3151243330.0
2018-07-03,sales,Local Individuals,2669784719.0
2018-08-03,sales,Local Individuals,2844674748.0
2018-09-03,sales,Local Individuals,2522736516.0
2018-10-03,sales,Local Individuals,1908742172.0
2018-11-03,sales,Local Individuals,4314039518.0
2018-12-03,sales,Local Individuals,3090357455.0
2019-01-03,sales,Local Individuals,2844885469.0
2019-02-03,sales,Local Individuals,2542337554.0
2019-03-03,sales,Local Individuals,1775332623.0
2019-04-03,sales,Local Individuals,3451512006.0
2019-05-03,sales,Local Individuals,2821481323.0
2019-06-03,sales,Local Individuals,1742450196.0
2019-07-03,sales,Local Individuals,5484368561.0
2019-08-03,sales,Local Individuals,5516040504.0
2019-09-03,sales,Local Individuals,4409698622.0
2019-10-03,sales,Local Individuals,4730136780.0
2019-11-03,sales,Local Individuals,8049227145.0
2019-12-03,sales,Local Individuals,4459072990.0
2020-01-03,sales,Local Individuals,4041709727.0
2020-02-03,sales,Local Individuals,2442390966.0
2020-03-03,sales,Local Individuals,2201211107.0
2020-05-03,sales,Local Individuals,5380595402.0
2020-06-03,sales,Local Individuals,10212385845.0
2020-07-03,sales,Local Individuals,12425844948.0
2020-08-03,sales,Local Individuals,16001622080.0
2020-09-03,sales,Local Individuals,23236052299.0
2020-10-03,sales,Local Individuals,33720068520.0
2020-11-03,sales,Local Individuals,31859818634.0
2020-12-03,sales,Local Individuals,33264358307.0
2021-01-03,sales,Local Individuals,109423295962.0
2021-02-03,sales,Local Individuals,48627594498.0
2021-03-03,sales,Local Individuals,17079631943.0
2021-04-03,sales,Local Individuals,29709169525.0
2021-05-03,sales,Local Individuals,19915471901.0
2021-06-03,sales,Local Individuals,25692058445.0
2021-07-03,sales,Local Individuals,26700154210.0
2021-08-03,sales,Local Individuals,84459542352.0
2021-09-03,sales,Local Individuals,73128178476.0
2021-10-03,sales,Local Individuals,44172463354.0
2021-11-03,sales,Local Individuals,94676988684.0
2021-12-03,sales,Local Individuals,84068597775.0
2022-01-03,sales,Local Individuals,86939431754.0
2022-02-03,sales,Local Individuals,50651934686.0
2022-03-03,sales,Local Individuals,24962272081.0
2022-04-03,sales,Local Individuals,8888419743.0
2022-05-03,sales,Local Individuals,18131364623.0
2022-06-03,sales,Local Individuals,11923129317.0
2022-07-03,sales,Local Individuals,11010789968.0
2022-08-03,sales,Local Individuals,44006537665.0
2022-09-03,sales,Local Individuals,50460221938.0
2022-10-03,sales,Local Individuals,23815949403.0
2022-11-03,sales,Local Individuals,17469423230.0
2022-12-03,sales,Local Individuals,22643586163.0
2023-01-03,sales,Local Individuals,21386703785.0
2023-02-03,sales,Local Individuals,16884177936.0
2023-03-03,sales,Local Individuals,18089159790.0
2023-04-03,sales,Local Individuals,7608827831.0
2023-05-03,sales,Local Individuals,6719910969.0
2023-06-03,sales,Local Individuals,12351284373.0
2023-07-03,sales,Local Individuals,34359414028.0
2023-08-03,sales,Local Individuals,34296261951.0
2023-09-03,sales,Local Individuals,13701887574.0
2023-10-03,sales,Local Individuals,9791519811.0
2023-11-03,sales,Local Individuals,10841304988.0
2023-12-03,sales,Local Individuals,6302897143.0
2024-01-03,sales,Local Individuals,5567983568.0
2024-02-03,sales,Local Individuals,8281019435.0
2024-03-03,sales,Local Individuals,16508100366.0
2024-04-03,sales,Local Individuals,23891925825.0
2024-05-03,sales,Local Individuals,18209091649.0
2024-06-03,sales,Local Individuals,14752198367.0
2024-07-03,sales,Local Individuals,9307257235.0
2024-08-03,sales,Local Individuals,6633544999.0
2024-09-03,sales,Local Individuals,15752403250.0
2024-10-03,sales,Local Individuals,27732305019.0
2024-11-03,sales,Local Individuals,26878064340.0
2024-12-03,sales,Local Individuals,66275715827.0
2025-01-03,sales,Local Individuals,71294756350.0
2025-02-03,sales,Local Individuals,28372765706.0
2025-03-03,sales,Local Individuals,15947610098.0
2025-04-03,sales,Local Individuals,22026336312.0
2025-05-03,sales,Local Individuals,27690653821.0
2025-06-03,sales,Local Individuals,51298267881.0
2025-07-03,sales,Local Individuals,72304608989.0
2025-08-03,sales,Local Individuals,63733057976.0
2025-09-03,sales,Local Individuals,68575972064.0
2025-10-03,sales,Local Individuals,78921917935.0
2025-11-03,sales,Local Individuals,47978701882.0
2025-12-03,sales,Local Individuals,38714329595.0
