date,sector,market_cap,mom_return,month,regime
2021-02-01,Automobiles & Components,6343560000.0,-0.16242038216560506,2021-02-01,Crisis / Sell-off
2021-03-01,Automobiles & Components,6271200000.0,-0.011406844106463865,2021-03-01,Crisis / Sell-off
2021-04-01,Automobiles & Components,6753600000.0,0.07692307692307687,2021-04-01,Volatile Recovery
2021-05-01,Automobiles & Components,6834000000.0,0.011904761904761862,2021-05-01,Crisis / Sell-off
2021-06-01,Automobiles & Components,6777720000.0,-0.008235294117647007,2021-06-01,Bull / Stable Growth
2021-07-01,Automobiles & Components,7638000000.0,0.12692763938315532,2021-07-01,Bull / Stable Growth
2021-08-01,Automobiles & Components,6705360000.0,-0.12210526315789472,2021-08-01,Bull / Stable Growth
2021-09-01,Automobiles & Components,6834000000.0,0.01918465227817756,2021-09-01,Volatile Recovery
2021-10-01,Automobiles & Components,7927440000.0,0.15999999999999992,2021-10-01,Volatile Recovery
2021-11-01,Automobiles & Components,7927440000.0,0.0,2021-11-01,Volatile Recovery
2021-12-01,Automobiles & Components,7927440000.0,0.0,2021-12-01,Volatile Recovery
2022-01-01,Automobiles & Components,5182519680.0,-0.3462555780933063,2022-01-01,Volatile Recovery
2022-02-01,Automobiles & Components,6882240000.0,0.32797180231836576,2022-02-01,Crisis / Sell-off
2022-03-01,Automobiles & Components,4655160000.0,-0.32359813084112155,2022-03-01,Crisis / Sell-off
2022-04-01,Automobiles & Components,3674280000.0,-0.21070811744386875,2022-04-01,Crisis / Sell-off
2022-05-01,Automobiles & Components,4100400000.0,0.11597374179431075,2022-05-01,Crisis / Sell-off
2022-06-01,Automobiles & Components,3650160000.0,-0.1098039215686275,2022-06-01,Crisis / Sell-off
2022-07-01,Automobiles & Components,3819000000.0,0.04625550660792954,2022-07-01,Crisis / Sell-off
2022-08-01,Automobiles & Components,5459160000.0,0.42947368421052623,2022-08-01,Volatile Recovery
2022-09-01,Automobiles & Components,5459160000.0,0.0,2022-09-01,Volatile Recovery
2022-10-01,Automobiles & Components,5402880000.0,-0.010309278350515427,2022-10-01,Crisis / Sell-off
2022-11-01,Automobiles & Components,4824000000.0,-0.1071428571428571,2022-11-01,Crisis / Sell-off
2022-12-01,Automobiles & Components,4663200000.0,-0.033333333333333326,2022-12-01,Crisis / Sell-off
2023-01-01,Automobiles & Components,4703400000.0,0.008620689655172376,2023-01-01,Crisis / Sell-off
2023-02-01,Automobiles & Components,4703400000.0,0.0,2023-02-01,Crisis / Sell-off
2023-03-01,Automobiles & Components,4775760000.0,0.01538461538461533,2023-03-01,Crisis / Sell-off
2023-04-01,Automobiles & Components,4639080000.0,-0.028619528619528656,2023-04-01,Bull / Stable Growth
2023-05-01,Automobiles & Components,4422000000.0,-0.04679376083188913,2023-05-01,Bull / Stable Growth
2023-06-01,Automobiles & Components,4960680000.0,0.12181818181818183,2023-06-01,Volatile Recovery
2023-07-01,Automobiles & Components,5499360000.0,0.10858995137763361,2023-07-01,Volatile Recovery
2023-08-01,Automobiles & Components,5362680000.0,-0.024853801169590684,2023-08-01,Volatile Recovery
2023-09-01,Automobiles & Components,5386800000.0,0.004497751124437732,2023-09-01,Bull / Stable Growth
2023-10-01,Automobiles & Components,5137560000.0,-0.04626865671641789,2023-10-01,Bull / Stable Growth
2023-11-01,Automobiles & Components,5145600000.0,0.0015649452269170805,2023-11-01,Bull / Stable Growth
2023-12-01,Automobiles & Components,5105400000.0,-0.0078125,2023-12-01,Bull / Stable Growth
2024-01-01,Automobiles & Components,4984800000.0,-0.023622047244094446,2024-01-01,Bull / Stable Growth
2024-02-01,Automobiles & Components,5242080000.0,0.05161290322580636,2024-02-01,Bull / Stable Growth
2024-03-01,Automobiles & Components,5628000000.0,0.07361963190184051,2024-03-01,Bull / Stable Growth
2024-04-01,Automobiles & Components,5901360000.0,0.04857142857142849,2024-04-01,Bull / Stable Growth
2024-05-01,Automobiles & Components,6271200000.0,0.06267029972752036,2024-05-01,Bull / Stable Growth
2024-06-01,Automobiles & Components,6271200000.0,0.0,2024-06-01,Bull / Stable Growth
2024-07-01,Automobiles & Components,5748600000.0,-0.08333333333333337,2024-07-01,Bull / Stable Growth
2024-08-01,Automobiles & Components,5748600000.0,0.0,2024-08-01,Bull / Stable Growth
2024-09-01,Automobiles & Components,5909400000.0,0.027972027972027913,2024-09-01,Bull / Stable Growth
2024-10-01,Automobiles & Components,5965680000.0,0.00952380952380949,2024-10-01,Volatile Recovery
2024-11-01,Automobiles & Components,6070200000.0,0.017520215633423097,2024-11-01,Bull / Stable Growth
2024-12-01,Automobiles & Components,6713400000.0,0.10596026490066235,2024-12-01,Volatile Recovery
2025-01-01,Automobiles & Components,6906360000.0,0.028742514970059974,2025-01-01,Volatile Recovery
2025-02-01,Automobiles & Components,6448080000.0,-0.06635622817229336,2025-02-01,Volatile Recovery
2025-03-01,Automobiles & Components,6504360000.0,0.008728179551122262,2025-03-01,Bull / Stable Growth
2025-04-01,Automobiles & Components,6464160000.0,-0.006180469715698411,2025-04-01,Volatile Recovery
2025-05-01,Automobiles & Components,6874200000.0,0.06343283582089554,2025-05-01,Volatile Recovery
2025-06-01,Automobiles & Components,7187760000.0,0.04561403508771922,2025-06-01,Volatile Recovery
2025-07-01,Automobiles & Components,8301300000.0,0.15492170022371354,2025-07-01,Volatile Recovery
2025-08-01,Automobiles & Components,7879200000.0,-0.05084745762711862,2025-08-01,Volatile Recovery
2025-09-01,Automobiles & Components,7629960000.0,-0.031632653061224536,2025-09-01,Bull / Stable Growth
2025-10-01,Automobiles & Components,7396800000.0,-0.030558482613277094,2025-10-01,Bull / Stable Growth
2025-11-01,Automobiles & Components,7332480000.0,-0.008695652173912993,2025-11-01,Bull / Stable Growth
2025-12-01,Automobiles & Components,7203840000.0,-0.01754385964912286,2025-12-01,Bull / Stable Growth
2021-02-01,Banks,343493457641.85,-0.1475029029524635,2021-02-01,Crisis / Sell-off
2021-03-01,Banks,338241165177.2,-0.015290807867806233,2021-03-01,Crisis / Sell-off
2021-04-01,Banks,333431643891.0,-0.01421920742166427,2021-04-01,Volatile Recovery
2021-05-01,Banks,352984267008.1,0.05864057438858983,2021-05-01,Crisis / Sell-off
2021-06-01,Banks,354836753505.45,0.005248071006256794,2021-06-01,Bull / Stable Growth
2021-07-01,Banks,347315269975.65,-0.021197024985418977,2021-07-01,Bull / Stable Growth
2021-08-01,Banks,356944692238.55,0.02772530635803916,2021-08-01,Bull / Stable Growth
2021-09-01,Banks,355703173020.15,-0.0034781837225645873,2021-09-01,Volatile Recovery
2021-10-01,Banks,343540583741.45,-0.03419308626187323,2021-10-01,Volatile Recovery
2021-11-01,Banks,343540583741.45,0.0,2021-11-01,Volatile Recovery
2021-12-01,Banks,343540583741.45,0.0,2021-12-01,Volatile Recovery
2022-01-01,Banks,284978603991.92,-0.17046597264212604,2022-01-01,Volatile Recovery
2022-02-01,Banks,345043724985.1,0.21077063383636707,2022-02-01,Crisis / Sell-off
2022-03-01,Banks,286500015806.51,-0.16967040679009038,2022-03-01,Crisis / Sell-off
2022-04-01,Banks,239378479600.56,-0.16447306668832407,2022-04-01,Crisis / Sell-off
2022-05-01,Banks,228647826630.24,-0.044827141471638354,2022-05-01,Crisis / Sell-off
2022-06-01,Banks,211800705941.74,-0.07368152558801477,2022-06-01,Crisis / Sell-off
2022-07-01,Banks,218742207014.74,0.032773739077665676,2022-07-01,Crisis / Sell-off
2022-08-01,Banks,249719609687.9,0.14161602873044332,2022-08-01,Volatile Recovery
2022-09-01,Banks,249719609687.9,0.0,2022-09-01,Volatile Recovery
2022-10-01,Banks,224028206716.6,-0.10288099922712979,2022-10-01,Crisis / Sell-off
2022-11-01,Banks,225696024634.6,0.007444678250314363,2022-11-01,Crisis / Sell-off
2022-12-01,Banks,219847840003.0,-0.02591177510134779,2022-12-01,Crisis / Sell-off
2023-01-01,Banks,289886577141.5,0.31857823637268523,2023-01-01,Crisis / Sell-off
2023-02-01,Banks,289886577141.5,0.0,2023-02-01,Crisis / Sell-off
2023-03-01,Banks,313279961162.6,0.08069840367145087,2023-03-01,Crisis / Sell-off
2023-04-01,Banks,285419062526.95,-0.08893291014291682,2023-04-01,Bull / Stable Growth
2023-05-01,Banks,285791802894.75,0.0013059406912065974,2023-05-01,Bull / Stable Growth
2023-06-01,Banks,338022687886.2,0.18275851323379388,2023-06-01,Volatile Recovery
2023-07-01,Banks,470862320595.9,0.39299028577165296,2023-07-01,Volatile Recovery
2023-08-01,Banks,449194098041.2,-0.046018170507416634,2023-08-01,Volatile Recovery
2023-09-01,Banks,462710840402.85,0.030091095187119388,2023-09-01,Bull / Stable Growth
2023-10-01,Banks,427554572508.15,-0.0759789156097831,2023-10-01,Bull / Stable Growth
2023-11-01,Banks,438471222556.15,0.025532764119349682,2023-11-01,Bull / Stable Growth
2023-12-01,Banks,455379874416.45,0.0385627402449078,2023-12-01,Bull / Stable Growth
2024-01-01,Banks,431798519651.95,-0.0517839195127332,2024-01-01,Bull / Stable Growth
2024-02-01,Banks,443278056465.45,0.026585401040172707,2024-02-01,Bull / Stable Growth
2024-03-01,Banks,487211354808.9,0.09911002293630178,2024-03-01,Bull / Stable Growth
2024-04-01,Banks,546740041503.35,0.12218246990117665,2024-04-01,Bull / Stable Growth
2024-05-01,Banks,528966635285.6,-0.03250796515448029,2024-05-01,Bull / Stable Growth
2024-06-01,Banks,528966635285.6,0.0,2024-06-01,Bull / Stable Growth
2024-07-01,Banks,471301633058.6,-0.10901444132835614,2024-07-01,Bull / Stable Growth
2024-08-01,Banks,471301633058.6,0.0,2024-08-01,Bull / Stable Growth
2024-09-01,Banks,545205665484.15,0.15680835210762156,2024-09-01,Bull / Stable Growth
2024-10-01,Banks,616229417876.75,0.13026965214957897,2024-10-01,Volatile Recovery
2024-11-01,Banks,645191125906.35,0.04699825615172526,2024-11-01,Bull / Stable Growth
2024-12-01,Banks,805912287235.25,0.24910628010129954,2024-12-01,Volatile Recovery
2025-01-01,Banks,855819422651.75,0.061926261960480344,2025-01-01,Volatile Recovery
2025-02-01,Banks,828553985331.5,-0.03185886718458464,2025-02-01,Volatile Recovery
2025-03-01,Banks,802069678094.95,-0.0319644920010298,2025-03-01,Bull / Stable Growth
2025-04-01,Banks,756466860194.2,-0.05685642924323531,2025-04-01,Volatile Recovery
2025-05-01,Banks,808373603104.1,0.06861733889647792,2025-05-01,Volatile Recovery
2025-06-01,Banks,872347868498.2,0.07913947851394831,2025-06-01,Volatile Recovery
2025-07-01,Banks,962425874235.95,0.1032592718921006,2025-07-01,Volatile Recovery
2025-08-01,Banks,1059315910382.85,0.10067272580739695,2025-08-01,Volatile Recovery
2025-09-01,Banks,1070504637840.25,0.010562219775738457,2025-09-01,Bull / Stable Growth
2025-10-01,Banks,1099549205826.15,0.02713166011545498,2025-10-01,Bull / Stable Growth
2025-11-01,Banks,1110509398259.35,0.009967896275242305,2025-11-01,Bull / Stable Growth
2025-12-01,Banks,1088258687988.8,-0.020036489835589477,2025-12-01,Bull / Stable Growth
2021-02-01,Capital Goods,594766363253.9,-0.17422904990991905,2021-02-01,Crisis / Sell-off
2021-03-01,Capital Goods,562693430020.65,-0.05392526412856069,2021-03-01,Crisis / Sell-off
2021-04-01,Capital Goods,591016362021.7,0.05033457028281019,2021-04-01,Volatile Recovery
2021-05-01,Capital Goods,603489501646.3,0.02110455890245233,2021-05-01,Crisis / Sell-off
2021-06-01,Capital Goods,585248420768.4,-0.03022601193250085,2021-06-01,Bull / Stable Growth
2021-07-01,Capital Goods,616550461008.7,0.05348504862123682,2021-07-01,Bull / Stable Growth
2021-08-01,Capital Goods,636579626410.0,0.03248584936345944,2021-08-01,Bull / Stable Growth
2021-09-01,Capital Goods,679075516722.75,0.06675659815317392,2021-09-01,Volatile Recovery
2021-10-01,Capital Goods,882432887226.05,0.29946208557880594,2021-10-01,Volatile Recovery
2021-11-01,Capital Goods,882432887226.05,0.0,2021-11-01,Volatile Recovery
2021-12-01,Capital Goods,882432887226.05,0.0,2021-12-01,Volatile Recovery
2022-01-01,Capital Goods,354324340789.29,-0.598468794716936,2022-01-01,Volatile Recovery
2022-02-01,Capital Goods,851318602782.1,1.4026534583701182,2022-02-01,Crisis / Sell-off
2022-03-01,Capital Goods,606561150738.8,-0.2875039394692366,2022-03-01,Crisis / Sell-off
2022-04-01,Capital Goods,505706004585.7,-0.16627366594490434,2022-04-01,Crisis / Sell-off
2022-05-01,Capital Goods,525198375766.2,0.03854486797416845,2022-05-01,Crisis / Sell-off
2022-06-01,Capital Goods,497860632398.3,-0.05205222374882179,2022-06-01,Crisis / Sell-off
2022-07-01,Capital Goods,509836070887.35,0.024053796805266092,2022-07-01,Crisis / Sell-off
2022-08-01,Capital Goods,720413000932.55,0.41302870092871036,2022-08-01,Volatile Recovery
2022-09-01,Capital Goods,720413000932.55,0.0,2022-09-01,Volatile Recovery
2022-10-01,Capital Goods,619130387020.15,-0.14058965313131933,2022-10-01,Crisis / Sell-off
2022-11-01,Capital Goods,607780015686.2,-0.018332764102532484,2022-11-01,Crisis / Sell-off
2022-12-01,Capital Goods,578526967599.5,-0.048130980505623366,2022-12-01,Crisis / Sell-off
2023-01-01,Capital Goods,595180618659.75,0.028786300367900752,2023-01-01,Crisis / Sell-off
2023-02-01,Capital Goods,595180618659.75,0.0,2023-02-01,Crisis / Sell-off
2023-03-01,Capital Goods,600496876932.4,0.008932176394825131,2023-03-01,Crisis / Sell-off
2023-04-01,Capital Goods,586447725806.3,-0.02339587709076718,2023-04-01,Bull / Stable Growth
2023-05-01,Capital Goods,555586181631.8,-0.052624544041105836,2023-05-01,Bull / Stable Growth
2023-06-01,Capital Goods,620956744167.1,0.11766052629909085,2023-06-01,Volatile Recovery
2023-07-01,Capital Goods,708754593587.65,0.1413912486582536,2023-07-01,Volatile Recovery
2023-08-01,Capital Goods,705398191980.1,-0.00473563295097712,2023-08-01,Volatile Recovery
2023-09-01,Capital Goods,724407286234.2,0.026948033706664543,2023-09-01,Bull / Stable Growth
2023-10-01,Capital Goods,683695433516.75,-0.05620022533054403,2023-10-01,Bull / Stable Growth
2023-11-01,Capital Goods,669156563575.15,-0.02126512658833457,2023-11-01,Bull / Stable Growth
2023-12-01,Capital Goods,655078519441.6,-0.021038490690929335,2023-12-01,Bull / Stable Growth
2024-01-01,Capital Goods,633945859033.6,-0.032259736475581335,2024-01-01,Bull / Stable Growth
2024-02-01,Capital Goods,695380246888.6,0.09690794092203991,2024-02-01,Bull / Stable Growth
2024-03-01,Capital Goods,735960254837.6,0.058356572724880484,2024-03-01,Bull / Stable Growth
2024-04-01,Capital Goods,794882648557.7,0.08006192363350118,2024-04-01,Bull / Stable Growth
2024-05-01,Capital Goods,780958453549.75,-0.017517296462836507,2024-05-01,Bull / Stable Growth
2024-06-01,Capital Goods,780958453549.75,0.0,2024-06-01,Bull / Stable Growth
2024-07-01,Capital Goods,677250186739.5,-0.13279613830781511,2024-07-01,Bull / Stable Growth
2024-08-01,Capital Goods,677250186739.5,0.0,2024-08-01,Bull / Stable Growth
2024-09-01,Capital Goods,761063051641.5,0.12375465750035763,2024-09-01,Bull / Stable Growth
2024-10-01,Capital Goods,835792187893.1,0.09819046672995135,2024-10-01,Volatile Recovery
2024-11-01,Capital Goods,818231335241.4,-0.02101102750908468,2024-11-01,Bull / Stable Growth
2024-12-01,Capital Goods,972791634400.15,0.18889560018274132,2024-12-01,Volatile Recovery
2025-01-01,Capital Goods,1053014930287.2,0.08246709063911495,2025-01-01,Volatile Recovery
2025-02-01,Capital Goods,988183476828.9,-0.061567458915912754,2025-02-01,Volatile Recovery
2025-03-01,Capital Goods,953578515443.05,-0.03501876139125293,2025-03-01,Bull / Stable Growth
2025-04-01,Capital Goods,980279182485.15,0.0280004914222447,2025-04-01,Volatile Recovery
2025-05-01,Capital Goods,1033403883888.05,0.05419344035055529,2025-05-01,Volatile Recovery
2025-06-01,Capital Goods,1112587136976.5,0.0766237231376885,2025-06-01,Volatile Recovery
2025-07-01,Capital Goods,1208370992599.9,0.08609110463356284,2025-07-01,Volatile Recovery
2025-08-01,Capital Goods,1206275484624.75,-0.001734159449360173,2025-08-01,Volatile Recovery
2025-09-01,Capital Goods,1237538198127.15,0.025916727895805014,2025-09-01,Bull / Stable Growth
2025-10-01,Capital Goods,1258501266156.0,0.016939330083366233,2025-10-01,Bull / Stable Growth
2025-11-01,Capital Goods,1309100073365.25,0.04020560691512087,2025-11-01,Bull / Stable Growth
2025-12-01,Capital Goods,1359157049873.45,0.03823770048344777,2025-12-01,Bull / Stable Growth
2021-02-01,Commercial & Professional Services,3365625829.0,-0.10406206723929146,2021-02-01,Crisis / Sell-off
2021-03-01,Commercial & Professional Services,3002165667.25,-0.10799185061459782,2021-03-01,Crisis / Sell-off
2021-04-01,Commercial & Professional Services,2986670000.85,-0.005161496105640984,2021-04-01,Volatile Recovery
2021-05-01,Commercial & Professional Services,3030020010.25,0.01451449587254805,2021-05-01,Crisis / Sell-off
2021-06-01,Commercial & Professional Services,3282108458.65,0.08319695828649021,2021-06-01,Bull / Stable Growth
2021-07-01,Commercial & Professional Services,4103735013.4,0.2503349798159784,2021-07-01,Bull / Stable Growth
2021-08-01,Commercial & Professional Services,4578218746.5,0.11562241020696007,2021-08-01,Bull / Stable Growth
2021-09-01,Commercial & Professional Services,6175052421.25,0.34878929189889907,2021-09-01,Volatile Recovery
2021-10-01,Commercial & Professional Services,7154406179.3,0.15859845248921012,2021-10-01,Volatile Recovery
2021-11-01,Commercial & Professional Services,7154406179.3,0.0,2021-11-01,Volatile Recovery
2021-12-01,Commercial & Professional Services,7154406179.3,0.0,2021-12-01,Volatile Recovery
2022-01-01,Commercial & Professional Services,2075350974.93,-0.7099198839262637,2022-01-01,Volatile Recovery
2022-02-01,Commercial & Professional Services,5470005576.7,1.6357014513578836,2022-02-01,Crisis / Sell-off
2022-03-01,Commercial & Professional Services,3784768991.95,-0.3080868129144919,2022-03-01,Crisis / Sell-off
2022-04-01,Commercial & Professional Services,3656370907.65,-0.03392494616529984,2022-04-01,Crisis / Sell-off
2022-05-01,Commercial & Professional Services,4013474487.6,0.09766612550243581,2022-05-01,Crisis / Sell-off
2022-06-01,Commercial & Professional Services,4207879816.6,0.04843816239535914,2022-06-01,Crisis / Sell-off
2022-07-01,Commercial & Professional Services,3894242111.1,-0.07453580405569227,2022-07-01,Crisis / Sell-off
2022-08-01,Commercial & Professional Services,9355042712.85,1.402275576596725,2022-08-01,Volatile Recovery
2022-09-01,Commercial & Professional Services,9355042712.85,0.0,2022-09-01,Volatile Recovery
2022-10-01,Commercial & Professional Services,7645658840.95,-0.1827232567898388,2022-10-01,Crisis / Sell-off
2022-11-01,Commercial & Professional Services,7223306133.5,-0.055240851865883234,2022-11-01,Crisis / Sell-off
2022-12-01,Commercial & Professional Services,6310217498.8,-0.12640868569384156,2022-12-01,Crisis / Sell-off
2023-01-01,Commercial & Professional Services,6040645804.3,-0.04271987368918173,2023-01-01,Crisis / Sell-off
2023-02-01,Commercial & Professional Services,6040645804.3,0.0,2023-02-01,Crisis / Sell-off
2023-03-01,Commercial & Professional Services,5831077246.9,-0.034693071600195524,2023-03-01,Crisis / Sell-off
2023-04-01,Commercial & Professional Services,5699714855.1,-0.02252798003487877,2023-04-01,Bull / Stable Growth
2023-05-01,Commercial & Professional Services,5202129955.1,-0.08729996370867044,2023-05-01,Bull / Stable Growth
2023-06-01,Commercial & Professional Services,5889244326.6,0.13208327693282151,2023-06-01,Volatile Recovery
2023-07-01,Commercial & Professional Services,6335919312.6,0.07584589146395215,2023-07-01,Volatile Recovery
2023-08-01,Commercial & Professional Services,6252836951.0,-0.013112913454370823,2023-08-01,Volatile Recovery
2023-09-01,Commercial & Professional Services,6259099583.0,0.0010015664967879534,2023-09-01,Bull / Stable Growth
2023-10-01,Commercial & Professional Services,5676784611.35,-0.09303494279458246,2023-10-01,Bull / Stable Growth
2023-11-01,Commercial & Professional Services,5686407407.9,0.0016951139084544486,2023-11-01,Bull / Stable Growth
2023-12-01,Commercial & Professional Services,5479411902.7,-0.03640180703767826,2023-12-01,Bull / Stable Growth
2024-01-01,Commercial & Professional Services,5353705156.4,-0.022941649310587064,2024-01-01,Bull / Stable Growth
2024-02-01,Commercial & Professional Services,5229799981.15,-0.02314381753016037,2024-02-01,Bull / Stable Growth
2024-03-01,Commercial & Professional Services,5533198093.25,0.05801332999226583,2024-03-01,Bull / Stable Growth
2024-04-01,Commercial & Professional Services,5878098777.05,0.0623329723583812,2024-04-01,Bull / Stable Growth
2024-05-01,Commercial & Professional Services,5569775680.0,-0.0524528608219027,2024-05-01,Bull / Stable Growth
2024-06-01,Commercial & Professional Services,5569775680.0,0.0,2024-06-01,Bull / Stable Growth
2024-07-01,Commercial & Professional Services,5175737942.6,-0.07074571042688738,2024-07-01,Bull / Stable Growth
2024-08-01,Commercial & Professional Services,5175737942.6,0.0,2024-08-01,Bull / Stable Growth
2024-09-01,Commercial & Professional Services,5302624548.95,0.02451565511183107,2024-09-01,Bull / Stable Growth
2024-10-01,Commercial & Professional Services,5338324366.65,0.006732480749946479,2024-10-01,Volatile Recovery
2024-11-01,Commercial & Professional Services,5581958330.85,0.045638658775036145,2024-11-01,Bull / Stable Growth
2024-12-01,Commercial & Professional Services,6006656072.1,0.0760840042289117,2024-12-01,Volatile Recovery
2025-01-01,Commercial & Professional Services,7376438374.6,0.22804407078714384,2025-01-01,Volatile Recovery
2025-02-01,Commercial & Professional Services,7017999540.0,-0.04859239871565213,2025-02-01,Volatile Recovery
2025-03-01,Commercial & Professional Services,6930929530.8,-0.01240667069066237,2025-03-01,Bull / Stable Growth
2025-04-01,Commercial & Professional Services,7517411783.9,0.08461812380197498,2025-04-01,Volatile Recovery
2025-05-01,Commercial & Professional Services,7137930855.5,-0.050480263594543495,2025-05-01,Volatile Recovery
2025-06-01,Commercial & Professional Services,7109641156.5,-0.003963291263630264,2025-06-01,Volatile Recovery
2025-07-01,Commercial & Professional Services,7628262497.45,0.072946204953797,2025-07-01,Volatile Recovery
2025-08-01,Commercial & Professional Services,7265361825.4,-0.04757317569647235,2025-08-01,Volatile Recovery
2025-09-01,Commercial & Professional Services,7411159768.0,0.020067540489213442,2025-09-01,Bull / Stable Growth
2025-10-01,Commercial & Professional Services,8636950193.9,0.16539792208943238,2025-10-01,Bull / Stable Growth
2025-11-01,Commercial & Professional Services,8310740601.4,-0.03776907185714595,2025-11-01,Bull / Stable Growth
2025-12-01,Commercial & Professional Services,7909983668.0,-0.04822156683996248,2025-12-01,Bull / Stable Growth
2021-02-01,Consumer Durables & Apparel,54014474343.5,-0.12699803946154364,2021-02-01,Crisis / Sell-off
2021-03-01,Consumer Durables & Apparel,51870144833.4,-0.039699164643597906,2021-03-01,Crisis / Sell-off
2021-04-01,Consumer Durables & Apparel,55152289479.1,0.0632761804741786,2021-04-01,Volatile Recovery
2021-05-01,Consumer Durables & Apparel,56437647477.7,0.023305614521897278,2021-05-01,Crisis / Sell-off
2021-06-01,Consumer Durables & Apparel,55545832763.8,-0.015801769807155308,2021-06-01,Bull / Stable Growth
2021-07-01,Consumer Durables & Apparel,66325314987.6,0.1940646433304558,2021-07-01,Bull / Stable Growth
2021-08-01,Consumer Durables & Apparel,88701619578.7,0.3373720063792145,2021-08-01,Bull / Stable Growth
2021-09-01,Consumer Durables & Apparel,86341773974.2,-0.02660431247713846,2021-09-01,Volatile Recovery
2021-10-01,Consumer Durables & Apparel,93212124942.3,0.07957157528582814,2021-10-01,Volatile Recovery
2021-11-01,Consumer Durables & Apparel,93212124942.3,0.0,2021-11-01,Volatile Recovery
2021-12-01,Consumer Durables & Apparel,93212124942.3,0.0,2021-12-01,Volatile Recovery
2022-01-01,Consumer Durables & Apparel,32512174686.39,-0.6512023011328663,2022-01-01,Volatile Recovery
2022-02-01,Consumer Durables & Apparel,102866055454.0,2.1639241744435203,2022-02-01,Crisis / Sell-off
2022-03-01,Consumer Durables & Apparel,84581738017.5,-0.1777487953222474,2022-03-01,Crisis / Sell-off
2022-04-01,Consumer Durables & Apparel,81276001326.8,-0.039083338415392244,2022-04-01,Crisis / Sell-off
2022-05-01,Consumer Durables & Apparel,83821544991.4,0.031319745349733585,2022-05-01,Crisis / Sell-off
2022-06-01,Consumer Durables & Apparel,77416254847.0,-0.07641579673885956,2022-06-01,Crisis / Sell-off
2022-07-01,Consumer Durables & Apparel,88598740072.9,0.14444621801972035,2022-07-01,Crisis / Sell-off
2022-08-01,Consumer Durables & Apparel,97209022369.6,0.0971828977434146,2022-08-01,Volatile Recovery
2022-09-01,Consumer Durables & Apparel,97209022369.6,0.0,2022-09-01,Volatile Recovery
2022-10-01,Consumer Durables & Apparel,81856744210.8,-0.15793058899850732,2022-10-01,Crisis / Sell-off
2022-11-01,Consumer Durables & Apparel,77138038034.9,-0.0576459059225255,2022-11-01,Crisis / Sell-off
2022-12-01,Consumer Durables & Apparel,74113512306.4,-0.03920926439860439,2022-12-01,Crisis / Sell-off
2023-01-01,Consumer Durables & Apparel,78289913343.0,0.05635141159325885,2023-01-01,Crisis / Sell-off
2023-02-01,Consumer Durables & Apparel,78289913343.0,0.0,2023-02-01,Crisis / Sell-off
2023-03-01,Consumer Durables & Apparel,73177726513.6,-0.065298154144107,2023-03-01,Crisis / Sell-off
2023-04-01,Consumer Durables & Apparel,74866828253.7,0.02308218389083283,2023-04-01,Bull / Stable Growth
2023-05-01,Consumer Durables & Apparel,68401990619.3,-0.0863511622596419,2023-05-01,Bull / Stable Growth
2023-06-01,Consumer Durables & Apparel,72079657505.7,0.05376549502584682,2023-06-01,Volatile Recovery
2023-07-01,Consumer Durables & Apparel,82869738699.6,0.14969662131159178,2023-07-01,Volatile Recovery
2023-08-01,Consumer Durables & Apparel,83359639899.2,0.005911701995053642,2023-08-01,Volatile Recovery
2023-09-01,Consumer Durables & Apparel,85022520049.4,0.019948264558373507,2023-09-01,Bull / Stable Growth
2023-10-01,Consumer Durables & Apparel,78662576802.9,-0.07480304327376708,2023-10-01,Bull / Stable Growth
2023-11-01,Consumer Durables & Apparel,77275957759.9,-0.017627429704907382,2023-11-01,Bull / Stable Growth
2023-12-01,Consumer Durables & Apparel,76920203459.7,-0.0046036867159297,2023-12-01,Bull / Stable Growth
2024-01-01,Consumer Durables & Apparel,76081005359.5,-0.010909982845269894,2024-01-01,Bull / Stable Growth
2024-02-01,Consumer Durables & Apparel,77812980256.9,0.0227648792128341,2024-02-01,Bull / Stable Growth
2024-03-01,Consumer Durables & Apparel,79716836504.7,0.024467077877166732,2024-03-01,Bull / Stable Growth
2024-04-01,Consumer Durables & Apparel,86104602480.1,0.08013070080902418,2024-04-01,Bull / Stable Growth
2024-05-01,Consumer Durables & Apparel,90673393150.1,0.053060934472764165,2024-05-01,Bull / Stable Growth
2024-06-01,Consumer Durables & Apparel,90673393150.1,0.0,2024-06-01,Bull / Stable Growth
2024-07-01,Consumer Durables & Apparel,87574842992.8,-0.03417265031838712,2024-07-01,Bull / Stable Growth
2024-08-01,Consumer Durables & Apparel,87574842992.8,0.0,2024-08-01,Bull / Stable Growth
2024-09-01,Consumer Durables & Apparel,95227100729.6,0.08737963409685068,2024-09-01,Bull / Stable Growth
2024-10-01,Consumer Durables & Apparel,99014169193.6,0.03976880987643927,2024-10-01,Volatile Recovery
2024-11-01,Consumer Durables & Apparel,102783430486.2,0.038067897991751476,2024-11-01,Bull / Stable Growth
2024-12-01,Consumer Durables & Apparel,119496432263.1,0.16260404714886367,2024-12-01,Volatile Recovery
2025-01-01,Consumer Durables & Apparel,147605941251.4,0.2352330396476623,2025-01-01,Volatile Recovery
2025-02-01,Consumer Durables & Apparel,134654523298.8,-0.08774320222342102,2025-02-01,Volatile Recovery
2025-03-01,Consumer Durables & Apparel,125014263016.9,-0.07159254695446182,2025-03-01,Bull / Stable Growth
2025-04-01,Consumer Durables & Apparel,117979982585.3,-0.0562678230615099,2025-04-01,Volatile Recovery
2025-05-01,Consumer Durables & Apparel,121861961910.2,0.03290371162831218,2025-05-01,Volatile Recovery
2025-06-01,Consumer Durables & Apparel,118833030444.2,-0.024855430017055036,2025-06-01,Volatile Recovery
2025-07-01,Consumer Durables & Apparel,129203984779.1,0.08727333045478347,2025-07-01,Volatile Recovery
2025-08-01,Consumer Durables & Apparel,150089916526.1,0.16165083284937887,2025-08-01,Volatile Recovery
2025-09-01,Consumer Durables & Apparel,147178064968.6,-0.019400714084571002,2025-09-01,Bull / Stable Growth
2025-10-01,Consumer Durables & Apparel,169903266628.4,0.1544061723100405,2025-10-01,Bull / Stable Growth
2025-11-01,Consumer Durables & Apparel,161345821637.3,-0.050366571290334394,2025-11-01,Bull / Stable Growth
2025-12-01,Consumer Durables & Apparel,154240362657.9,-0.04403869221585932,2025-12-01,Bull / Stable Growth
2021-02-01,Consumer Services,108294596534.2,-0.09153261268757862,2021-02-01,Crisis / Sell-off
2021-03-01,Consumer Services,103521321267.0,-0.04407676301460317,2021-03-01,Crisis / Sell-off
2021-04-01,Consumer Services,100517782415.5,-0.02901372214669995,2021-04-01,Volatile Recovery
2021-05-01,Consumer Services,100329378770.3,-0.0018743314931204402,2021-05-01,Crisis / Sell-off
2021-06-01,Consumer Services,103092986413.3,0.027545347901806183,2021-06-01,Bull / Stable Growth
2021-07-01,Consumer Services,124402604837.7,0.20670289188218582,2021-07-01,Bull / Stable Growth
2021-08-01,Consumer Services,118767148284.0,-0.045300149149225755,2021-08-01,Bull / Stable Growth
2021-09-01,Consumer Services,150497948585.7,0.267168158536772,2021-09-01,Volatile Recovery
2021-10-01,Consumer Services,164578316638.6,0.09355853807457071,2021-10-01,Volatile Recovery
2021-11-01,Consumer Services,164578316638.6,0.0,2021-11-01,Volatile Recovery
2021-12-01,Consumer Services,164578316638.6,0.0,2021-12-01,Volatile Recovery
2022-01-01,Consumer Services,36996523967.16,-0.7752041415735147,2022-01-01,Volatile Recovery
2022-02-01,Consumer Services,156285196766.8,3.224321098531491,2022-02-01,Crisis / Sell-off
2022-03-01,Consumer Services,125756026954.8,-0.19534268403906418,2022-03-01,Crisis / Sell-off
2022-04-01,Consumer Services,108941057058.6,-0.1337110459305758,2022-04-01,Crisis / Sell-off
2022-05-01,Consumer Services,111390159427.6,0.022480985912249896,2022-05-01,Crisis / Sell-off
2022-06-01,Consumer Services,102542740414.8,-0.07942729463952813,2022-06-01,Crisis / Sell-off
2022-07-01,Consumer Services,115068130223.4,0.12214799173430513,2022-07-01,Crisis / Sell-off
2022-08-01,Consumer Services,186562328454.7,0.6213205871382197,2022-08-01,Volatile Recovery
2022-09-01,Consumer Services,186562328454.7,0.0,2022-09-01,Volatile Recovery
2022-10-01,Consumer Services,168507635790.9,-0.09677566105305102,2022-10-01,Crisis / Sell-off
2022-11-01,Consumer Services,168177084635.5,-0.0019616390310654985,2022-11-01,Crisis / Sell-off
2022-12-01,Consumer Services,162842101370.7,-0.031722414955419165,2022-12-01,Crisis / Sell-off
2023-01-01,Consumer Services,163265880480.0,0.0026023927825353788,2023-01-01,Crisis / Sell-off
2023-02-01,Consumer Services,163265880480.0,0.0,2023-02-01,Crisis / Sell-off
2023-03-01,Consumer Services,176693163131.8,0.08224181692049748,2023-03-01,Crisis / Sell-off
2023-04-01,Consumer Services,169564773735.0,-0.04034332325287959,2023-04-01,Bull / Stable Growth
2023-05-01,Consumer Services,157270621511.0,-0.07250416435676432,2023-05-01,Bull / Stable Growth
2023-06-01,Consumer Services,156147312490.7,-0.007142522929633244,2023-06-01,Volatile Recovery
2023-07-01,Consumer Services,188977677391.4,0.21025251332875383,2023-07-01,Volatile Recovery
2023-08-01,Consumer Services,204461494271.3,0.08193463425752023,2023-08-01,Volatile Recovery
2023-09-01,Consumer Services,237884709881.4,0.16346948714827803,2023-09-01,Bull / Stable Growth
2023-10-01,Consumer Services,213831411511.0,-0.10111325937002014,2023-10-01,Bull / Stable Growth
2023-11-01,Consumer Services,212718586426.4,-0.005204217082684148,2023-11-01,Bull / Stable Growth
2023-12-01,Consumer Services,207679603720.2,-0.023688492815099882,2023-12-01,Bull / Stable Growth
2024-01-01,Consumer Services,205564561135.3,-0.010184161309117035,2024-01-01,Bull / Stable Growth
2024-02-01,Consumer Services,204177700931.9,-0.006746591901544696,2024-02-01,Bull / Stable Growth
2024-03-01,Consumer Services,221771866802.9,0.08617084917058704,2024-03-01,Bull / Stable Growth
2024-04-01,Consumer Services,242500589359.4,0.09346867506383338,2024-04-01,Bull / Stable Growth
2024-05-01,Consumer Services,223302543385.5,-0.07916700748898953,2024-05-01,Bull / Stable Growth
2024-06-01,Consumer Services,223302543385.5,0.0,2024-06-01,Bull / Stable Growth
2024-07-01,Consumer Services,206432432616.3,-0.07554822490344937,2024-07-01,Bull / Stable Growth
2024-08-01,Consumer Services,206432432616.3,0.0,2024-08-01,Bull / Stable Growth
2024-09-01,Consumer Services,227627017943.2,0.10267081125907573,2024-09-01,Bull / Stable Growth
2024-10-01,Consumer Services,219201907677.3,-0.03701278671586494,2024-10-01,Volatile Recovery
2024-11-01,Consumer Services,248951202667.7,0.135716405507728,2024-11-01,Bull / Stable Growth
2024-12-01,Consumer Services,280594857548.3,0.12710786106479643,2024-12-01,Volatile Recovery
2025-01-01,Consumer Services,292715406410.8,0.043195905186586,2025-01-01,Volatile Recovery
2025-02-01,Consumer Services,265347079116.9,-0.09349807592802606,2025-02-01,Volatile Recovery
2025-03-01,Consumer Services,252016367070.8,-0.050238774402438735,2025-03-01,Bull / Stable Growth
2025-04-01,Consumer Services,258345981884.8,0.025115887859068264,2025-04-01,Volatile Recovery
2025-05-01,Consumer Services,259661133707.6,0.005090661032175259,2025-05-01,Volatile Recovery
2025-06-01,Consumer Services,269572248656.1,0.0381694203016949,2025-06-01,Volatile Recovery
2025-07-01,Consumer Services,294233065486.4,0.09148128916548992,2025-07-01,Volatile Recovery
2025-08-01,Consumer Services,324251149501.0,0.1020214501214427,2025-08-01,Volatile Recovery
2025-09-01,Consumer Services,358901953744.5,0.1068640906804037,2025-09-01,Bull / Stable Growth
2025-10-01,Consumer Services,350488321620.7,-0.023442703601969206,2025-10-01,Bull / Stable Growth
2025-11-01,Consumer Services,337327652217.9,-0.03754952331062977,2025-11-01,Bull / Stable Growth
2025-12-01,Consumer Services,320271238681.1,-0.050563342271692235,2025-12-01,Bull / Stable Growth
2021-02-01,Diversified Financials,475193791629.8,-0.21568011956269673,2021-02-01,Crisis / Sell-off
2021-03-01,Diversified Financials,417349126194.63,-0.12172857990584585,2021-03-01,Crisis / Sell-off
2021-04-01,Diversified Financials,433055402852.08,0.03763342408467252,2021-04-01,Volatile Recovery
2021-05-01,Diversified Financials,463144060820.78,0.06947992744239584,2021-05-01,Crisis / Sell-off
2021-06-01,Diversified Financials,647161378959.23,0.3973219861922357,2021-06-01,Bull / Stable Growth
2021-07-01,Diversified Financials,643237877154.23,-0.006062632803134571,2021-07-01,Bull / Stable Growth
2021-08-01,Diversified Financials,801915362020.43,0.24668554278583588,2021-08-01,Bull / Stable Growth
2021-09-01,Diversified Financials,853065986165.53,0.06378556462146534,2021-09-01,Volatile Recovery
2021-10-01,Diversified Financials,1254216367312.15,0.47024542960593463,2021-10-01,Volatile Recovery
2021-11-01,Diversified Financials,1254216367312.15,0.0,2021-11-01,Volatile Recovery
2021-12-01,Diversified Financials,1254216367312.15,0.0,2021-12-01,Volatile Recovery
2022-01-01,Diversified Financials,186180070001.57,-0.8515566573249531,2022-01-01,Volatile Recovery
2022-02-01,Diversified Financials,1286428012043.35,5.909590333876778,2022-02-01,Crisis / Sell-off
2022-03-01,Diversified Financials,836360787633.05,-0.3498580722720873,2022-03-01,Crisis / Sell-off
2022-04-01,Diversified Financials,593465054889.85,-0.29041980008485235,2022-04-01,Crisis / Sell-off
2022-05-01,Diversified Financials,744409909671.0,0.25434497539061685,2022-05-01,Crisis / Sell-off
2022-06-01,Diversified Financials,588185859064.5,-0.20986293784770393,2022-06-01,Crisis / Sell-off
2022-07-01,Diversified Financials,593800835134.4,0.009546261582742854,2022-07-01,Crisis / Sell-off
2022-08-01,Diversified Financials,814282231200.65,0.37130529804045587,2022-08-01,Volatile Recovery
2022-09-01,Diversified Financials,814282231200.65,0.0,2022-09-01,Volatile Recovery
2022-10-01,Diversified Financials,724970794355.5,-0.10968118107337466,2022-10-01,Crisis / Sell-off
2022-11-01,Diversified Financials,749423872924.35,0.03372974298997633,2022-11-01,Crisis / Sell-off
2022-12-01,Diversified Financials,758407444965.45,0.011987304335588922,2022-12-01,Crisis / Sell-off
2023-01-01,Diversified Financials,628962456027.6,-0.1706800082160942,2023-01-01,Crisis / Sell-off
2023-02-01,Diversified Financials,628962456027.6,0.0,2023-02-01,Crisis / Sell-off
2023-03-01,Diversified Financials,625710507044.5,-0.005170338788802464,2023-03-01,Crisis / Sell-off
2023-04-01,Diversified Financials,589369176996.6,-0.05808010196209712,2023-04-01,Bull / Stable Growth
2023-05-01,Diversified Financials,539539041686.95,-0.08454825473497307,2023-05-01,Bull / Stable Growth
2023-06-01,Diversified Financials,603417298008.8,0.1183941316315591,2023-06-01,Volatile Recovery
2023-07-01,Diversified Financials,767674159081.6,0.27221105794418987,2023-07-01,Volatile Recovery
2023-08-01,Diversified Financials,714395277102.9,-0.06940298999049244,2023-08-01,Volatile Recovery
2023-09-01,Diversified Financials,698767096110.8,-0.021876097859265253,2023-09-01,Bull / Stable Growth
2023-10-01,Diversified Financials,636196299729.0,-0.08954456603646166,2023-10-01,Bull / Stable Growth
2023-11-01,Diversified Financials,632857341200.3,-0.005248314914944041,2023-11-01,Bull / Stable Growth
2023-12-01,Diversified Financials,607013026565.1,-0.04083750468341385,2023-12-01,Bull / Stable Growth
2024-01-01,Diversified Financials,541229770540.4,-0.10837206640679053,2024-01-01,Bull / Stable Growth
2024-02-01,Diversified Financials,542004291315.5,0.0014310387514837597,2024-02-01,Bull / Stable Growth
2024-03-01,Diversified Financials,649822931247.8,0.19892580494263834,2024-03-01,Bull / Stable Growth
2024-04-01,Diversified Financials,748028205449.7,0.15112620604712212,2024-04-01,Bull / Stable Growth
2024-05-01,Diversified Financials,709869606750.9,-0.05101224582281594,2024-05-01,Bull / Stable Growth
2024-06-01,Diversified Financials,709869606750.9,0.0,2024-06-01,Bull / Stable Growth
2024-07-01,Diversified Financials,610579444353.9,-0.1398709868020055,2024-07-01,Bull / Stable Growth
2024-08-01,Diversified Financials,610579444353.9,0.0,2024-08-01,Bull / Stable Growth
2024-09-01,Diversified Financials,695110488441.55,0.13844397296587463,2024-09-01,Bull / Stable Growth
2024-10-01,Diversified Financials,716613519795.15,0.030934695578842764,2024-10-01,Volatile Recovery
2024-11-01,Diversified Financials,709003934193.8,-0.010618813895006074,2024-11-01,Bull / Stable Growth
2024-12-01,Diversified Financials,917724125282.1,0.29438509579729377,2024-12-01,Volatile Recovery
2025-01-01,Diversified Financials,976391190857.95,0.06392668990565786,2025-01-01,Volatile Recovery
2025-02-01,Diversified Financials,893765742273.65,-0.08462330401782647,2025-02-01,Volatile Recovery
2025-03-01,Diversified Financials,838303518049.55,-0.062054542483368946,2025-03-01,Bull / Stable Growth
2025-04-01,Diversified Financials,855702778161.9,0.0207553227890922,2025-04-01,Volatile Recovery
2025-05-01,Diversified Financials,937116165504.3,0.09514213278269446,2025-05-01,Volatile Recovery
2025-06-01,Diversified Financials,985630320522.65,0.051769627719784994,2025-06-01,Volatile Recovery
2025-07-01,Diversified Financials,1021858456441.15,0.03675631234567667,2025-07-01,Volatile Recovery
2025-08-01,Diversified Financials,1073323770366.6,0.05036442532822938,2025-08-01,Volatile Recovery
2025-09-01,Diversified Financials,1099291224269.05,0.024193495587618186,2025-09-01,Bull / Stable Growth
2025-10-01,Diversified Financials,1170980350445.9,0.0652139529491087,2025-10-01,Bull / Stable Growth
2025-11-01,Diversified Financials,1171814379234.85,0.000712248321359521,2025-11-01,Bull / Stable Growth
2025-12-01,Diversified Financials,1150879453826.45,-0.01786539385364927,2025-12-01,Bull / Stable Growth
2021-02-01,Energy,19308295423.6,-0.20973908307758304,2021-02-01,Crisis / Sell-off
2021-03-01,Energy,18192350261.2,-0.05779615123539117,2021-03-01,Crisis / Sell-off
2021-04-01,Energy,17351350072.0,-0.046228232038476924,2021-04-01,Volatile Recovery
2021-05-01,Energy,19181036741.0,0.10544923947748464,2021-05-01,Crisis / Sell-off
2021-06-01,Energy,19278988581.8,0.005106702110143191,2021-06-01,Bull / Stable Growth
2021-07-01,Energy,18171834877.1,-0.057427997324776214,2021-07-01,Bull / Stable Growth
2021-08-01,Energy,18227981439.0,0.003089757433948348,2021-08-01,Bull / Stable Growth
2021-09-01,Energy,19200795449.4,0.05336926711580903,2021-09-01,Volatile Recovery
2021-10-01,Energy,47993491687.2,1.4995574695682583,2021-10-01,Volatile Recovery
2021-11-01,Energy,47993491687.2,0.0,2021-11-01,Volatile Recovery
2021-12-01,Energy,47993491687.2,0.0,2021-12-01,Volatile Recovery
2022-01-01,Energy,13147220115.41,-0.726062437775987,2022-01-01,Volatile Recovery
2022-02-01,Energy,38210026396.8,1.9063198198084184,2022-02-01,Crisis / Sell-off
2022-03-01,Energy,23012345262.0,-0.3977406604480329,2022-03-01,Crisis / Sell-off
2022-04-01,Energy,19679937228.0,-0.1448095792088938,2022-04-01,Crisis / Sell-off
2022-05-01,Energy,37696841651.9,0.9154960310679301,2022-05-01,Crisis / Sell-off
2022-06-01,Energy,46156272277.5,0.22440688012316867,2022-06-01,Crisis / Sell-off
2022-07-01,Energy,55858261886.7,0.2101987255571649,2022-07-01,Crisis / Sell-off
2022-08-01,Energy,161027274021.55,1.8827834698503394,2022-08-01,Volatile Recovery
2022-09-01,Energy,161027274021.55,0.0,2022-09-01,Volatile Recovery
2022-10-01,Energy,104912174944.95,-0.3484819538650962,2022-10-01,Crisis / Sell-off
2022-11-01,Energy,107298052593.9,0.022741666066897537,2022-11-01,Crisis / Sell-off
2022-12-01,Energy,113708623030.35,0.059745450000967315,2022-12-01,Crisis / Sell-off
2023-01-01,Energy,114816011774.4,0.009738828195592575,2023-01-01,Crisis / Sell-off
2023-02-01,Energy,114816011774.4,0.0,2023-02-01,Crisis / Sell-off
2023-03-01,Energy,101832570858.5,-0.11308040329262559,2023-03-01,Crisis / Sell-off
2023-04-01,Energy,97045127048.75,-0.04701289351127469,2023-04-01,Bull / Stable Growth
2023-05-01,Energy,77530961582.75,-0.20108341407185937,2023-05-01,Bull / Stable Growth
2023-06-01,Energy,77724043619.4,0.0024903861980856146,2023-06-01,Volatile Recovery
2023-07-01,Energy,82119510236.0,0.05655221231313923,2023-07-01,Volatile Recovery
2023-08-01,Energy,74695590383.2,-0.09040384960242331,2023-08-01,Volatile Recovery
2023-09-01,Energy,74899241259.25,0.002726410956861658,2023-09-01,Bull / Stable Growth
2023-10-01,Energy,69307116932.75,-0.07466196229069777,2023-10-01,Bull / Stable Growth
2023-11-01,Energy,67266888536.75,-0.029437502038638708,2023-11-01,Bull / Stable Growth
2023-12-01,Energy,67552504988.8,0.00424601848343209,2023-12-01,Bull / Stable Growth
2024-01-01,Energy,68576254405.15,0.015154869778992497,2024-01-01,Bull / Stable Growth
2024-02-01,Energy,69204202112.4,0.009156926296091772,2024-02-01,Bull / Stable Growth
2024-03-01,Energy,75017674025.75,0.08400460862055592,2024-03-01,Bull / Stable Growth
2024-04-01,Energy,84696925598.15,0.12902628211423317,2024-04-01,Bull / Stable Growth
2024-05-01,Energy,81031864091.65,-0.04327266285778919,2024-05-01,Bull / Stable Growth
2024-06-01,Energy,81031864091.65,0.0,2024-06-01,Bull / Stable Growth
2024-07-01,Energy,68264867525.0,-0.15755526186846758,2024-07-01,Bull / Stable Growth
2024-08-01,Energy,68264867525.0,0.0,2024-08-01,Bull / Stable Growth
2024-09-01,Energy,73526658973.2,0.07707905455574227,2024-09-01,Bull / Stable Growth
2024-10-01,Energy,74352241138.85,0.011228337818952605,2024-10-01,Volatile Recovery
2024-11-01,Energy,70603297595.7,-0.050421392626874506,2024-11-01,Bull / Stable Growth
2024-12-01,Energy,79075665250.35,0.1199996026129806,2024-12-01,Volatile Recovery
2025-01-01,Energy,84394589508.05,0.06726373076799952,2025-01-01,Volatile Recovery
2025-02-01,Energy,79233378413.2,-0.06115571063187297,2025-02-01,Volatile Recovery
2025-03-01,Energy,78225647003.2,-0.01271852128713613,2025-03-01,Bull / Stable Growth
2025-04-01,Energy,79259978396.0,0.013222407642824452,2025-04-01,Volatile Recovery
2025-05-01,Energy,80776009917.8,0.019127326962235403,2025-05-01,Volatile Recovery
2025-06-01,Energy,79329176772.9,-0.01791166890234297,2025-06-01,Volatile Recovery
2025-07-01,Energy,85327604457.4,0.07561439470967946,2025-07-01,Volatile Recovery
2025-08-01,Energy,84565238709.4,-0.008934573434328796,2025-08-01,Volatile Recovery
2025-09-01,Energy,89478846371.4,0.05810434330925407,2025-09-01,Bull / Stable Growth
2025-10-01,Energy,97332425215.75,0.08777022908579024,2025-10-01,Bull / Stable Growth
2025-11-01,Energy,95361462387.15,-0.020249807032251654,2025-11-01,Bull / Stable Growth
2025-12-01,Energy,95681982111.2,0.0033611032803666507,2025-12-01,Bull / Stable Growth
2021-02-01,Food & Staples Retailing,96084793104.2,-0.03802955973835376,2021-02-01,Crisis / Sell-off
2021-03-01,Food & Staples Retailing,95346619603.5,-0.007682521623369465,2021-03-01,Crisis / Sell-off
2021-04-01,Food & Staples Retailing,94193941978.0,-0.012089339195174631,2021-04-01,Volatile Recovery
2021-05-01,Food & Staples Retailing,97276466404.25,0.032725293808915534,2021-05-01,Crisis / Sell-off
2021-06-01,Food & Staples Retailing,98734437323.5,0.014987909955437084,2021-06-01,Bull / Stable Growth
2021-07-01,Food & Staples Retailing,100514505406.5,0.018028847191053243,2021-07-01,Bull / Stable Growth
2021-08-01,Food & Staples Retailing,96924774198.0,-0.03571356386804503,2021-08-01,Bull / Stable Growth
2021-09-01,Food & Staples Retailing,97159241896.2,0.0024190688102199154,2021-09-01,Volatile Recovery
2021-10-01,Food & Staples Retailing,90012716565.25,-0.07355476629371993,2021-10-01,Volatile Recovery
2021-11-01,Food & Staples Retailing,90012716565.25,0.0,2021-11-01,Volatile Recovery
2021-12-01,Food & Staples Retailing,90012716565.25,0.0,2021-12-01,Volatile Recovery
2022-01-01,Food & Staples Retailing,27064838346.17,-0.6993220582721691,2022-01-01,Volatile Recovery
2022-02-01,Food & Staples Retailing,84953884454.0,2.138902341385017,2022-02-01,Crisis / Sell-off
2022-03-01,Food & Staples Retailing,78060059276.3,-0.08114785123725332,2022-03-01,Crisis / Sell-off
2022-04-01,Food & Staples Retailing,70064770624.4,-0.10242483449314366,2022-04-01,Crisis / Sell-off
2022-05-01,Food & Staples Retailing,74078338064.95,0.057283673446470784,2022-05-01,Crisis / Sell-off
2022-06-01,Food & Staples Retailing,70847591774.05,-0.04361256441886374,2022-06-01,Crisis / Sell-off
2022-07-01,Food & Staples Retailing,71272685138.15,0.006000110285409699,2022-07-01,Crisis / Sell-off
2022-08-01,Food & Staples Retailing,93477293964.35,0.31154444066699827,2022-08-01,Volatile Recovery
2022-09-01,Food & Staples Retailing,93477293964.35,0.0,2022-09-01,Volatile Recovery
2022-10-01,Food & Staples Retailing,87542683551.8,-0.06348718668314601,2022-10-01,Crisis / Sell-off
2022-11-01,Food & Staples Retailing,89853355470.1,0.026394803363924302,2022-11-01,Crisis / Sell-off
2022-12-01,Food & Staples Retailing,96334645517.95,0.07213186434653229,2022-12-01,Crisis / Sell-off
2023-01-01,Food & Staples Retailing,93252891096.95,-0.031990094575328865,2023-01-01,Crisis / Sell-off
2023-02-01,Food & Staples Retailing,93252891096.95,0.0,2023-02-01,Crisis / Sell-off
2023-03-01,Food & Staples Retailing,96890744378.7,0.039010621965252845,2023-03-01,Crisis / Sell-off
2023-04-01,Food & Staples Retailing,98727083214.7,0.018952675487997395,2023-04-01,Bull / Stable Growth
2023-05-01,Food & Staples Retailing,100015106925.6,0.013046305724427887,2023-05-01,Bull / Stable Growth
2023-06-01,Food & Staples Retailing,104357542609.3,0.0434177977425978,2023-06-01,Volatile Recovery
2023-07-01,Food & Staples Retailing,124311628727.75,0.19120885390292575,2023-07-01,Volatile Recovery
2023-08-01,Food & Staples Retailing,131504667808.7,0.05786296225514986,2023-08-01,Volatile Recovery
2023-09-01,Food & Staples Retailing,141244262536.5,0.07406273016839382,2023-09-01,Bull / Stable Growth
2023-10-01,Food & Staples Retailing,153668753067.75,0.0879645679628176,2023-10-01,Bull / Stable Growth
2023-11-01,Food & Staples Retailing,145494863783.0,-0.05319161587226695,2023-11-01,Bull / Stable Growth
2023-12-01,Food & Staples Retailing,144711412271.3,-0.005384736555845038,2023-12-01,Bull / Stable Growth
2024-01-01,Food & Staples Retailing,140262724076.85,-0.030741792403419677,2024-01-01,Bull / Stable Growth
2024-02-01,Food & Staples Retailing,140223153148.45,-0.00028212006190830863,2024-02-01,Bull / Stable Growth
2024-03-01,Food & Staples Retailing,146199322700.7,0.04261899278447401,2024-03-01,Bull / Stable Growth
2024-04-01,Food & Staples Retailing,146875319394.9,0.004623801818725903,2024-04-01,Bull / Stable Growth
2024-05-01,Food & Staples Retailing,153055228287.95,0.04207588394367501,2024-05-01,Bull / Stable Growth
2024-06-01,Food & Staples Retailing,153055228287.95,0.0,2024-06-01,Bull / Stable Growth
2024-07-01,Food & Staples Retailing,152818284911.9,-0.0015480907036004021,2024-07-01,Bull / Stable Growth
2024-08-01,Food & Staples Retailing,152818284911.9,0.0,2024-08-01,Bull / Stable Growth
2024-09-01,Food & Staples Retailing,155041888002.6,0.01455063503678189,2024-09-01,Bull / Stable Growth
2024-10-01,Food & Staples Retailing,159510124778.3,0.028819545693516302,2024-10-01,Volatile Recovery
2024-11-01,Food & Staples Retailing,166652326282.65,0.04477585052533062,2024-11-01,Bull / Stable Growth
2024-12-01,Food & Staples Retailing,175504407007.9,0.05311705466527039,2024-12-01,Volatile Recovery
2025-01-01,Food & Staples Retailing,178260374927.9,0.015703126588017424,2025-01-01,Volatile Recovery
2025-02-01,Food & Staples Retailing,183943065502.5,0.03187859655797576,2025-02-01,Volatile Recovery
2025-03-01,Food & Staples Retailing,192046777035.0,0.04405554246017429,2025-03-01,Bull / Stable Growth
2025-04-01,Food & Staples Retailing,197288851933.9,0.02729582333966807,2025-04-01,Volatile Recovery
2025-05-01,Food & Staples Retailing,228653414888.05,0.15897787759775928,2025-05-01,Volatile Recovery
2025-06-01,Food & Staples Retailing,261697354271.5,0.14451539855474493,2025-06-01,Volatile Recovery
2025-07-01,Food & Staples Retailing,274265546201.3,0.048025674408465724,2025-07-01,Volatile Recovery
2025-08-01,Food & Staples Retailing,328469596500.7,0.19763346526805958,2025-08-01,Volatile Recovery
2025-09-01,Food & Staples Retailing,339870985747.7,0.03471063796607954,2025-09-01,Bull / Stable Growth
2025-10-01,Food & Staples Retailing,345543792743.55,0.016691059942554487,2025-10-01,Bull / Stable Growth
2025-11-01,Food & Staples Retailing,340034533734.0,-0.01594373600465382,2025-11-01,Bull / Stable Growth
2025-12-01,Food & Staples Retailing,333670422844.2,-0.01871607221747207,2025-12-01,Bull / Stable Growth
2021-02-01,"Food, Beverage & Tobacco",829803444549.95,-0.10470612112442024,2021-02-01,Crisis / Sell-off
2021-03-01,"Food, Beverage & Tobacco",796094751523.25,-0.040622503133838084,2021-03-01,Crisis / Sell-off
2021-04-01,"Food, Beverage & Tobacco",790708309554.2,-0.00676608149814284,2021-04-01,Volatile Recovery
2021-05-01,"Food, Beverage & Tobacco",796222273187.8,0.006973448447391339,2021-05-01,Crisis / Sell-off
2021-06-01,"Food, Beverage & Tobacco",816216492128.1,0.02511135346697846,2021-06-01,Bull / Stable Growth
2021-07-01,"Food, Beverage & Tobacco",839181913648.9,0.028136434073909644,2021-07-01,Bull / Stable Growth
2021-08-01,"Food, Beverage & Tobacco",868285235030.6,0.03468058701974863,2021-08-01,Bull / Stable Growth
2021-09-01,"Food, Beverage & Tobacco",872886428025.6,0.005299172218260484,2021-09-01,Volatile Recovery
2021-10-01,"Food, Beverage & Tobacco",1020108421140.4,0.16866110915231491,2021-10-01,Volatile Recovery
2021-11-01,"Food, Beverage & Tobacco",1020108421140.4,0.0,2021-11-01,Volatile Recovery
2021-12-01,"Food, Beverage & Tobacco",1020108421140.4,0.0,2021-12-01,Volatile Recovery
2022-01-01,"Food, Beverage & Tobacco",242884052846.51,-0.7619036880658382,2022-01-01,Volatile Recovery
2022-02-01,"Food, Beverage & Tobacco",937940539177.7,2.861680205782918,2022-02-01,Crisis / Sell-off
2022-03-01,"Food, Beverage & Tobacco",715210345090.1,-0.23746728580776488,2022-03-01,Crisis / Sell-off
2022-04-01,"Food, Beverage & Tobacco",661655196336.75,-0.07488027699963329,2022-04-01,Crisis / Sell-off
2022-05-01,"Food, Beverage & Tobacco",749787568155.45,0.13319984836005871,2022-05-01,Crisis / Sell-off
2022-06-01,"Food, Beverage & Tobacco",675065695102.2,-0.09965739127560225,2022-06-01,Crisis / Sell-off
2022-07-01,"Food, Beverage & Tobacco",714619738688.45,0.05859288047552447,2022-07-01,Crisis / Sell-off
2022-08-01,"Food, Beverage & Tobacco",857309113460.0,0.19967175134768822,2022-08-01,Volatile Recovery
2022-09-01,"Food, Beverage & Tobacco",857309113460.0,0.0,2022-09-01,Volatile Recovery
2022-10-01,"Food, Beverage & Tobacco",764738281214.15,-0.10797836018824625,2022-10-01,Crisis / Sell-off
2022-11-01,"Food, Beverage & Tobacco",763278711460.45,-0.0019085872769214474,2022-11-01,Crisis / Sell-off
2022-12-01,"Food, Beverage & Tobacco",753626261590.2,-0.0126460357472582,2022-12-01,Crisis / Sell-off
2023-01-01,"Food, Beverage & Tobacco",806418936714.35,0.07005153325303981,2023-01-01,Crisis / Sell-off
2023-02-01,"Food, Beverage & Tobacco",806418936714.35,0.0,2023-02-01,Crisis / Sell-off
2023-03-01,"Food, Beverage & Tobacco",829868704992.15,0.029078890896762744,2023-03-01,Crisis / Sell-off
2023-04-01,"Food, Beverage & Tobacco",817094090260.25,-0.015393537140336977,2023-04-01,Bull / Stable Growth
2023-05-01,"Food, Beverage & Tobacco",808548018363.1,-0.01045910379112891,2023-05-01,Bull / Stable Growth
2023-06-01,"Food, Beverage & Tobacco",866095380667.7,0.0711737101540415,2023-06-01,Volatile Recovery
2023-07-01,"Food, Beverage & Tobacco",952796431550.4,0.10010566136013743,2023-07-01,Volatile Recovery
2023-08-01,"Food, Beverage & Tobacco",964289129352.35,0.012062070576029482,2023-08-01,Volatile Recovery
2023-09-01,"Food, Beverage & Tobacco",1002793181922.7,0.03992998717740459,2023-09-01,Bull / Stable Growth
2023-10-01,"Food, Beverage & Tobacco",959291795681.7,-0.04338021740195008,2023-10-01,Bull / Stable Growth
2023-11-01,"Food, Beverage & Tobacco",952223082132.15,-0.007368679250015608,2023-11-01,Bull / Stable Growth
2023-12-01,"Food, Beverage & Tobacco",961920331498.3,0.010183799939439186,2023-12-01,Bull / Stable Growth
2024-01-01,"Food, Beverage & Tobacco",898248340949.7,-0.06619258213351598,2024-01-01,Bull / Stable Growth
2024-02-01,"Food, Beverage & Tobacco",919847557613.95,0.024045929927812182,2024-02-01,Bull / Stable Growth
2024-03-01,"Food, Beverage & Tobacco",998673809748.15,0.08569490833749938,2024-03-01,Bull / Stable Growth
2024-04-01,"Food, Beverage & Tobacco",1076285267026.95,0.0777145215196664,2024-04-01,Bull / Stable Growth
2024-05-01,"Food, Beverage & Tobacco",1038722186060.9,-0.034900673749638345,2024-05-01,Bull / Stable Growth
2024-06-01,"Food, Beverage & Tobacco",1038722186060.9,0.0,2024-06-01,Bull / Stable Growth
2024-07-01,"Food, Beverage & Tobacco",976279760390.0,-0.060114654821899594,2024-07-01,Bull / Stable Growth
2024-08-01,"Food, Beverage & Tobacco",976279760390.0,0.0,2024-08-01,Bull / Stable Growth
2024-09-01,"Food, Beverage & Tobacco",1026860280149.0,0.051809452383601906,2024-09-01,Bull / Stable Growth
2024-10-01,"Food, Beverage & Tobacco",1096149429540.9,0.06747670616088675,2024-10-01,Volatile Recovery
2024-11-01,"Food, Beverage & Tobacco",1139734905555.25,0.03976234885475871,2024-11-01,Bull / Stable Growth
2024-12-01,"Food, Beverage & Tobacco",1335058607698.45,0.1713764325293199,2024-12-01,Volatile Recovery
2025-01-01,"Food, Beverage & Tobacco",1433816739395.15,0.07397288113587175,2025-01-01,Volatile Recovery
2025-02-01,"Food, Beverage & Tobacco",1365598726102.45,-0.04757791663213351,2025-02-01,Volatile Recovery
2025-03-01,"Food, Beverage & Tobacco",1332744583189.75,-0.02405841649140139,2025-03-01,Bull / Stable Growth
2025-04-01,"Food, Beverage & Tobacco",1374112136263.75,0.03103937063093687,2025-04-01,Volatile Recovery
2025-05-01,"Food, Beverage & Tobacco",1474823832790.7,0.07329219637109663,2025-05-01,Volatile Recovery
2025-06-01,"Food, Beverage & Tobacco",1532141536384.7,0.038864101813124385,2025-06-01,Volatile Recovery
2025-07-01,"Food, Beverage & Tobacco",1597458148252.25,0.04263092561387882,2025-07-01,Volatile Recovery
2025-08-01,"Food, Beverage & Tobacco",1721657728045.6,0.0777482527033555,2025-08-01,Volatile Recovery
2025-09-01,"Food, Beverage & Tobacco",1849425550401.3,0.0742120923772347,2025-09-01,Bull / Stable Growth
2025-10-01,"Food, Beverage & Tobacco",1900608862207.2,0.027675248562881505,2025-10-01,Bull / Stable Growth
2025-11-01,"Food, Beverage & Tobacco",1892712455567.85,-0.004154672113955926,2025-11-01,Bull / Stable Growth
2025-12-01,"Food, Beverage & Tobacco",1861248977054.9,-0.016623485738889276,2025-12-01,Bull / Stable Growth
2021-02-01,Health Care Equipment & Services,60834942351.9,-0.08063385793527855,2021-02-01,Crisis / Sell-off
2021-03-01,Health Care Equipment & Services,58088162121.8,-0.04515135749141075,2021-03-01,Crisis / Sell-off
2021-04-01,Health Care Equipment & Services,60250157185.3,0.03721920240765586,2021-04-01,Volatile Recovery
2021-05-01,Health Care Equipment & Services,69379532423.4,0.1515245049074727,2021-05-01,Crisis / Sell-off
2021-06-01,Health Care Equipment & Services,63601829232.8,-0.08327676749593249,2021-06-01,Bull / Stable Growth
2021-07-01,Health Care Equipment & Services,65678296137.8,0.03264791170391601,2021-07-01,Bull / Stable Growth
2021-08-01,Health Care Equipment & Services,67661059202.7,0.030189014963785787,2021-08-01,Bull / Stable Growth
2021-09-01,Health Care Equipment & Services,74168376055.1,0.0961752140607981,2021-09-01,Volatile Recovery
2021-10-01,Health Care Equipment & Services,81392432358.8,0.09740076145570731,2021-10-01,Volatile Recovery
2021-11-01,Health Care Equipment & Services,81392432358.8,0.0,2021-11-01,Volatile Recovery
2021-12-01,Health Care Equipment & Services,81392432358.8,0.0,2021-12-01,Volatile Recovery
2022-01-01,Health Care Equipment & Services,24155148196.43,-0.703226117018502,2022-01-01,Volatile Recovery
2022-02-01,Health Care Equipment & Services,99705955035.6,3.1277310420449416,2022-02-01,Crisis / Sell-off
2022-03-01,Health Care Equipment & Services,76478958107.1,-0.23295496161896045,2022-03-01,Crisis / Sell-off
2022-04-01,Health Care Equipment & Services,70344695712.0,-0.08020849848019207,2022-04-01,Crisis / Sell-off
2022-05-01,Health Care Equipment & Services,71929261392.6,0.022525730825354806,2022-05-01,Crisis / Sell-off
2022-06-01,Health Care Equipment & Services,66981112712.3,-0.06879187391195796,2022-06-01,Crisis / Sell-off
2022-07-01,Health Care Equipment & Services,68812389945.6,0.027340203217670833,2022-07-01,Crisis / Sell-off
2022-08-01,Health Care Equipment & Services,71204124481.2,0.034757324044271565,2022-08-01,Volatile Recovery
2022-09-01,Health Care Equipment & Services,71204124481.2,0.0,2022-09-01,Volatile Recovery
2022-10-01,Health Care Equipment & Services,77478825867.1,0.08812272367110863,2022-10-01,Crisis / Sell-off
2022-11-01,Health Care Equipment & Services,76259216950.9,-0.015741189964494473,2022-11-01,Crisis / Sell-off
2022-12-01,Health Care Equipment & Services,75412648864.6,-0.011101190389157245,2022-12-01,Crisis / Sell-off
2023-01-01,Health Care Equipment & Services,76091951408.6,0.009007806438673827,2023-01-01,Crisis / Sell-off
2023-02-01,Health Care Equipment & Services,76091951408.6,0.0,2023-02-01,Crisis / Sell-off
2023-03-01,Health Care Equipment & Services,76081991183.7,-0.000130897219950743,2023-03-01,Crisis / Sell-off
2023-04-01,Health Care Equipment & Services,74350503704.7,-0.022758177750886177,2023-04-01,Bull / Stable Growth
2023-05-01,Health Care Equipment & Services,68324643646.0,-0.08104666086235379,2023-05-01,Bull / Stable Growth
2023-06-01,Health Care Equipment & Services,71864506741.65,0.0518094629807444,2023-06-01,Volatile Recovery
2023-07-01,Health Care Equipment & Services,72707149928.85,0.011725443134665614,2023-07-01,Volatile Recovery
2023-08-01,Health Care Equipment & Services,73191944784.5,0.006667774161473794,2023-08-01,Volatile Recovery
2023-09-01,Health Care Equipment & Services,75648464894.5,0.03356271126874355,2023-09-01,Bull / Stable Growth
2023-10-01,Health Care Equipment & Services,76432021466.0,0.01035786479729306,2023-10-01,Bull / Stable Growth
2023-11-01,Health Care Equipment & Services,76309420143.7,-0.0016040570424339373,2023-11-01,Bull / Stable Growth
2023-12-01,Health Care Equipment & Services,74503976062.85,-0.023659517756131843,2023-12-01,Bull / Stable Growth
2024-01-01,Health Care Equipment & Services,75106859526.5,0.00809196361737019,2024-01-01,Bull / Stable Growth
2024-02-01,Health Care Equipment & Services,69628611902.8,-0.07293937808392992,2024-02-01,Bull / Stable Growth
2024-03-01,Health Care Equipment & Services,73255029733.4,0.05208229392340025,2024-03-01,Bull / Stable Growth
2024-04-01,Health Care Equipment & Services,70691972528.95,-0.034988139569089416,2024-04-01,Bull / Stable Growth
2024-05-01,Health Care Equipment & Services,71263585579.2,0.008085968318622294,2024-05-01,Bull / Stable Growth
2024-06-01,Health Care Equipment & Services,71263585579.2,0.0,2024-06-01,Bull / Stable Growth
2024-07-01,Health Care Equipment & Services,63416149713.75,-0.1101184539294422,2024-07-01,Bull / Stable Growth
2024-08-01,Health Care Equipment & Services,63416149713.75,0.0,2024-08-01,Bull / Stable Growth
2024-09-01,Health Care Equipment & Services,62781933335.6,-0.010000865410668247,2024-09-01,Bull / Stable Growth
2024-10-01,Health Care Equipment & Services,63019439663.4,0.0037830362204747114,2024-10-01,Volatile Recovery
2024-11-01,Health Care Equipment & Services,63405055072.25,0.006118991392333184,2024-11-01,Bull / Stable Growth
2024-12-01,Health Care Equipment & Services,67331226197.1,0.06192205211991575,2024-12-01,Volatile Recovery
2025-01-01,Health Care Equipment & Services,70829020152.2,0.051949060675960945,2025-01-01,Volatile Recovery
2025-02-01,Health Care Equipment & Services,68559841748.7,-0.03203741063513099,2025-02-01,Volatile Recovery
2025-03-01,Health Care Equipment & Services,67932744985.5,-0.00914670669017248,2025-03-01,Bull / Stable Growth
2025-04-01,Health Care Equipment & Services,68698927592.6,0.011278546263124412,2025-04-01,Volatile Recovery
2025-05-01,Health Care Equipment & Services,71306576253.5,0.03795763270664043,2025-05-01,Volatile Recovery
2025-06-01,Health Care Equipment & Services,81548819697.35,0.14363673004630173,2025-06-01,Volatile Recovery
2025-07-01,Health Care Equipment & Services,86773437806.0,0.06406736637072097,2025-07-01,Volatile Recovery
2025-08-01,Health Care Equipment & Services,95066082094.85,0.095566621520631,2025-08-01,Volatile Recovery
2025-09-01,Health Care Equipment & Services,97509402884.35,0.025701288363416896,2025-09-01,Bull / Stable Growth
2025-10-01,Health Care Equipment & Services,106798525084.45,0.09526386097469253,2025-10-01,Bull / Stable Growth
2025-11-01,Health Care Equipment & Services,99187324558.55,-0.07126690672817348,2025-11-01,Bull / Stable Growth
2025-12-01,Health Care Equipment & Services,97247117440.05,-0.019561038944595155,2025-12-01,Bull / Stable Growth
2021-02-01,Household & Personal Products,7062988692.1,-0.07252735337413274,2021-02-01,Crisis / Sell-off
2021-03-01,Household & Personal Products,6878882677.9,-0.02606630453846326,2021-03-01,Crisis / Sell-off
2021-04-01,Household & Personal Products,7339147713.4,0.06690985397653426,2021-04-01,Volatile Recovery
2021-05-01,Household & Personal Products,7308463377.7,-0.004180912675183723,2021-05-01,Crisis / Sell-off
2021-06-01,Household & Personal Products,7994442747.1,0.09386095735159605,2021-06-01,Bull / Stable Growth
2021-07-01,Household & Personal Products,8730866803.9,0.09211699678093743,2021-07-01,Bull / Stable Growth
2021-08-01,Household & Personal Products,10050293239.0,0.15112204374835092,2021-08-01,Bull / Stable Growth
2021-09-01,Household & Personal Products,10234399253.2,0.018318471891504595,2021-09-01,Volatile Recovery
2021-10-01,Household & Personal Products,10893500332.9,0.06440056356936807,2021-10-01,Volatile Recovery
2021-11-01,Household & Personal Products,10893500332.9,0.0,2021-11-01,Volatile Recovery
2021-12-01,Household & Personal Products,10893500332.9,0.0,2021-12-01,Volatile Recovery
2022-01-01,Household & Personal Products,2548031053.3,-0.7660962064136019,2022-01-01,Volatile Recovery
2022-02-01,Household & Personal Products,9267230540.8,2.63701632631119,2022-02-01,Crisis / Sell-off
2022-03-01,Household & Personal Products,8285331798.4,-0.10595384867971969,2022-03-01,Crisis / Sell-off
2022-04-01,Household & Personal Products,7487539070.2,-0.09628977421930929,2022-04-01,Crisis / Sell-off
2022-05-01,Household & Personal Products,8193278791.3,0.09425523052144147,2022-05-01,Crisis / Sell-off
2022-06-01,Household & Personal Products,7763698091.5,-0.052430865681776684,2022-06-01,Crisis / Sell-off
2022-07-01,Household & Personal Products,8684228162.5,0.11856850435848765,2022-07-01,Crisis / Sell-off
2022-08-01,Household & Personal Products,10310497954.6,0.18726705029728663,2022-08-01,Volatile Recovery
2022-09-01,Household & Personal Products,10310497954.6,0.0,2022-09-01,Volatile Recovery
2022-10-01,Household & Personal Products,9543389562.1,-0.07440071234947065,2022-10-01,Crisis / Sell-off
2022-11-01,Household & Personal Products,9328599212.2,-0.022506715093451035,2022-11-01,Crisis / Sell-off
2022-12-01,Household & Personal Products,9267230540.8,-0.006578551613595218,2022-12-01,Crisis / Sell-off
2023-01-01,Household & Personal Products,8899018512.4,-0.03973269325489481,2023-01-01,Crisis / Sell-off
2023-02-01,Household & Personal Products,8899018512.4,0.0,2023-02-01,Crisis / Sell-off
2023-03-01,Household & Personal Products,8714912498.2,-0.020688350512302334,2023-03-01,Crisis / Sell-off
2023-04-01,Household & Personal Products,8469437812.6,-0.028167200261701053,2023-04-01,Bull / Stable Growth
2023-05-01,Household & Personal Products,8162594455.6,-0.03622948344263277,2023-05-01,Bull / Stable Growth
2023-06-01,Household & Personal Products,8346700469.8,0.022554840277982047,2023-06-01,Volatile Recovery
2023-07-01,Household & Personal Products,9297914876.5,0.11396292584616874,2023-07-01,Volatile Recovery
2023-08-01,Household & Personal Products,8377384805.5,-0.09900392542059,2023-08-01,Volatile Recovery
2023-09-01,Household & Personal Products,8745596833.9,0.04395309955897653,2023-09-01,Bull / Stable Growth
2023-10-01,Household & Personal Products,8377384805.5,-0.04210256148245051,2023-10-01,Bull / Stable Growth
2023-11-01,Household & Personal Products,8377384805.5,0.0,2023-11-01,Bull / Stable Growth
2023-12-01,Household & Personal Products,8254647462.7,-0.014651033186325546,2023-12-01,Bull / Stable Growth
2024-01-01,Household & Personal Products,8223963127.0,-0.0037172194013920246,2024-01-01,Bull / Stable Growth
2024-02-01,Household & Personal Products,8408069141.2,0.02238653205965413,2024-02-01,Bull / Stable Growth
2024-03-01,Household & Personal Products,8377384805.5,-0.003649391457742013,2024-03-01,Bull / Stable Growth
2024-04-01,Household & Personal Products,8346700469.8,-0.0036627582965813588,2024-04-01,Bull / Stable Growth
2024-05-01,Household & Personal Products,8101225784.2,-0.029409787315140434,2024-05-01,Bull / Stable Growth
2024-06-01,Household & Personal Products,8101225784.2,0.0,2024-06-01,Bull / Stable Growth
2024-07-01,Household & Personal Products,7733013755.8,-0.04545139688837352,2024-07-01,Bull / Stable Growth
2024-08-01,Household & Personal Products,7733013755.8,0.0,2024-08-01,Bull / Stable Growth
2024-09-01,Household & Personal Products,7763698091.5,0.003967966005101964,2024-09-01,Bull / Stable Growth
2024-10-01,Household & Personal Products,7825066762.9,0.007904566957232406,2024-10-01,Volatile Recovery
2024-11-01,Household & Personal Products,8070541448.5,0.03137029919844747,2024-11-01,Bull / Stable Growth
2024-12-01,Household & Personal Products,8868334176.7,0.0988524417216492,2024-12-01,Volatile Recovery
2025-01-01,Household & Personal Products,8653021161.3,-0.024278856785268532,2025-01-01,Volatile Recovery
2025-02-01,Household & Personal Products,8070018783.0,-0.06737558679590827,2025-02-01,Volatile Recovery
2025-03-01,Household & Personal Products,8070018783.0,0.0,2025-03-01,Bull / Stable Growth
2025-04-01,Household & Personal Products,7732491090.3,-0.04182489555179514,2025-04-01,Volatile Recovery
2025-05-01,Household & Personal Products,7947281440.2,0.027777639494398265,2025-05-01,Volatile Recovery
2025-06-01,Household & Personal Products,7763175426.0,-0.023165910957768543,2025-06-01,Volatile Recovery
2025-07-01,Household & Personal Products,8254124797.2,0.06324079313675424,2025-07-01,Volatile Recovery
2025-08-01,Household & Personal Products,8254124797.2,0.0,2025-08-01,Volatile Recovery
2025-09-01,Household & Personal Products,8591652489.9,0.04089200260389769,2025-09-01,Bull / Stable Growth
2025-10-01,Household & Personal Products,9634919903.7,0.12142802738197611,2025-10-01,Bull / Stable Growth
2025-11-01,Household & Personal Products,8438230811.4,-0.12420332543090973,2025-11-01,Bull / Stable Growth
2025-12-01,Household & Personal Products,8376862140.0,-0.007272694095673549,2025-12-01,Bull / Stable Growth
2021-02-01,Insurance,105182519045.0,-0.04717932765224542,2021-02-01,Crisis / Sell-off
2021-03-01,Insurance,107552426510.8,0.022531381519642846,2021-03-01,Crisis / Sell-off
2021-04-01,Insurance,101734762225.7,-0.05409142753758156,2021-04-01,Volatile Recovery
2021-05-01,Insurance,102060341484.0,0.003200275413999698,2021-05-01,Crisis / Sell-off
2021-06-01,Insurance,101848296102.3,-0.002077647190052212,2021-06-01,Bull / Stable Growth
2021-07-01,Insurance,102688995917.9,0.00825443181450547,2021-07-01,Bull / Stable Growth
2021-08-01,Insurance,97044376494.5,-0.05496810415706932,2021-08-01,Bull / Stable Growth
2021-09-01,Insurance,99862374901.2,0.029038245269778384,2021-09-01,Volatile Recovery
2021-10-01,Insurance,167413345377.4,0.6764406568843604,2021-10-01,Volatile Recovery
2021-11-01,Insurance,167413345377.4,0.0,2021-11-01,Volatile Recovery
2021-12-01,Insurance,167413345377.4,0.0,2021-12-01,Volatile Recovery
2022-01-01,Insurance,77897403154.04,-0.5347001579925672,2022-01-01,Volatile Recovery
2022-02-01,Insurance,178014807364.1,1.2852470063999513,2022-02-01,Crisis / Sell-off
2022-03-01,Insurance,129272004011.7,-0.27381319607140675,2022-03-01,Crisis / Sell-off
2022-04-01,Insurance,118375875818.6,-0.08428838306021635,2022-04-01,Crisis / Sell-off
2022-05-01,Insurance,130169373219.0,0.09962754082151348,2022-05-01,Crisis / Sell-off
2022-06-01,Insurance,115182362442.7,-0.1151346926368425,2022-06-01,Crisis / Sell-off
2022-07-01,Insurance,117100916119.7,0.016656661977691556,2022-07-01,Crisis / Sell-off
2022-08-01,Insurance,132687428007.3,0.13310324465495693,2022-08-01,Volatile Recovery
2022-09-01,Insurance,132687428007.3,0.0,2022-09-01,Volatile Recovery
2022-10-01,Insurance,121426330456.5,-0.08486936343494766,2022-10-01,Crisis / Sell-off
2022-11-01,Insurance,123557324878.0,0.017549689704766447,2022-11-01,Crisis / Sell-off
2022-12-01,Insurance,149625750923.0,0.2109824413141015,2022-12-01,Crisis / Sell-off
2023-01-01,Insurance,153875357702.8,0.02840157361674267,2023-01-01,Crisis / Sell-off
2023-02-01,Insurance,153875357702.8,0.0,2023-02-01,Crisis / Sell-off
2023-03-01,Insurance,149926557210.0,-0.02566233184930644,2023-03-01,Crisis / Sell-off
2023-04-01,Insurance,137698650589.1,-0.08155931042805542,2023-04-01,Bull / Stable Growth
2023-05-01,Insurance,130207368659.1,-0.054403452016057674,2023-05-01,Bull / Stable Growth
2023-06-01,Insurance,144813190746.2,0.11217354468885676,2023-06-01,Volatile Recovery
2023-07-01,Insurance,158609674509.4,0.09527090517175152,2023-07-01,Volatile Recovery
2023-08-01,Insurance,156222560866.9,-0.015050239841192803,2023-08-01,Volatile Recovery
2023-09-01,Insurance,159240068686.8,0.019315442040864328,2023-09-01,Bull / Stable Growth
2023-10-01,Insurance,151064636817.4,-0.051340293538052806,2023-10-01,Bull / Stable Growth
2023-11-01,Insurance,145531685876.3,-0.036626380982784146,2023-11-01,Bull / Stable Growth
2023-12-01,Insurance,144575022155.1,-0.0065735768498768055,2023-12-01,Bull / Stable Growth
2024-01-01,Insurance,137799308840.8,-0.046866417264187166,2024-01-01,Bull / Stable Growth
2024-02-01,Insurance,142200796874.0,0.0319412925233542,2024-02-01,Bull / Stable Growth
2024-03-01,Insurance,150051824319.9,0.05521085407739701,2024-03-01,Bull / Stable Growth
2024-04-01,Insurance,158965154210.2,0.059401676258846514,2024-04-01,Bull / Stable Growth
2024-05-01,Insurance,153398128362.7,-0.03502041611043072,2024-05-01,Bull / Stable Growth
2024-06-01,Insurance,153398128362.7,0.0,2024-06-01,Bull / Stable Growth
2024-07-01,Insurance,145971190350.4,-0.048416092761832785,2024-07-01,Bull / Stable Growth
2024-08-01,Insurance,145971190350.4,0.0,2024-08-01,Bull / Stable Growth
2024-09-01,Insurance,142774661987.3,-0.021898351006296668,2024-09-01,Bull / Stable Growth
2024-10-01,Insurance,151001004478.7,0.05761766392507206,2024-10-01,Volatile Recovery
2024-11-01,Insurance,159148901131.7,0.05395922153716093,2024-11-01,Bull / Stable Growth
2024-12-01,Insurance,183298905319.9,0.15174471213103247,2024-12-01,Volatile Recovery
2025-01-01,Insurance,200338572648.5,0.09296109706090028,2025-01-01,Volatile Recovery
2025-02-01,Insurance,209030050371.8,0.04338394552979796,2025-02-01,Volatile Recovery
2025-03-01,Insurance,183518274850.5,-0.12204836326605872,2025-03-01,Bull / Stable Growth
2025-04-01,Insurance,183128207771.2,-0.002125494475238243,2025-04-01,Volatile Recovery
2025-05-01,Insurance,190105977898.1,0.038103196726623434,2025-05-01,Volatile Recovery
2025-06-01,Insurance,196515421635.0,0.03371510884489681,2025-06-01,Volatile Recovery
2025-07-01,Insurance,217800397015.7,0.10831198489975957,2025-07-01,Volatile Recovery
2025-08-01,Insurance,226076353197.35,0.03799789300224932,2025-08-01,Volatile Recovery
2025-09-01,Insurance,227979475996.05,0.008418053333683506,2025-09-01,Bull / Stable Growth
2025-10-01,Insurance,252163189662.7,0.10607846851560021,2025-10-01,Bull / Stable Growth
2025-11-01,Insurance,234868916138.0,-0.06858365627367446,2025-11-01,Bull / Stable Growth
2025-12-01,Insurance,234685839297.1,-0.0007794851865047248,2025-12-01,Bull / Stable Growth
2021-02-01,Materials,169707699998.05,-0.14816344174153118,2021-02-01,Crisis / Sell-off
2021-03-01,Materials,157457322750.85,-0.07218515864242303,2021-03-01,Crisis / Sell-off
2021-04-01,Materials,169919697291.2,0.0791476339278907,2021-04-01,Volatile Recovery
2021-05-01,Materials,168042533806.4,-0.01104735657328193,2021-05-01,Crisis / Sell-off
2021-06-01,Materials,169042825154.75,0.005952608102794077,2021-06-01,Bull / Stable Growth
2021-07-01,Materials,181847276407.05,0.07574678925638034,2021-07-01,Bull / Stable Growth
2021-08-01,Materials,183203880973.3,0.0074601313423763305,2021-08-01,Bull / Stable Growth
2021-09-01,Materials,177884144605.9,-0.029037247132200683,2021-09-01,Volatile Recovery
2021-10-01,Materials,211495305036.65,0.1889497262682691,2021-10-01,Volatile Recovery
2021-11-01,Materials,211495305036.65,0.0,2021-11-01,Volatile Recovery
2021-12-01,Materials,211495305036.65,0.0,2021-12-01,Volatile Recovery
2022-01-01,Materials,96598256611.96,-0.5432605154274204,2022-01-01,Volatile Recovery
2022-02-01,Materials,183258995663.8,0.897125290779941,2022-02-01,Crisis / Sell-off
2022-03-01,Materials,133146782356.15,-0.2734502234181396,2022-03-01,Crisis / Sell-off
2022-04-01,Materials,117239670564.45,-0.11947049346750704,2022-04-01,Crisis / Sell-off
2022-05-01,Materials,124918938628.85,0.06550059401760677,2022-05-01,Crisis / Sell-off
2022-06-01,Materials,113397632900.55,-0.09223025631470716,2022-06-01,Crisis / Sell-off
2022-07-01,Materials,131609591614.55,0.16060263559444787,2022-07-01,Crisis / Sell-off
2022-08-01,Materials,190195392943.5,0.44514841669391747,2022-08-01,Volatile Recovery
2022-09-01,Materials,190195392943.5,0.0,2022-09-01,Volatile Recovery
2022-10-01,Materials,166020727345.15,-0.12710437000717156,2022-10-01,Crisis / Sell-off
2022-11-01,Materials,161241686878.05,-0.028785806106996437,2022-11-01,Crisis / Sell-off
2022-12-01,Materials,155006610736.7,-0.038669132418998275,2022-12-01,Crisis / Sell-off
2023-01-01,Materials,160831709476.45,0.03757967942183282,2023-01-01,Crisis / Sell-off
2023-02-01,Materials,160831709476.45,0.0,2023-02-01,Crisis / Sell-off
2023-03-01,Materials,163434726519.05,0.01618472533229598,2023-03-01,Crisis / Sell-off
2023-04-01,Materials,160259123206.75,-0.019430407355500612,2023-04-01,Bull / Stable Growth
2023-05-01,Materials,148389277443.95,-0.07406658370074026,2023-05-01,Bull / Stable Growth
2023-06-01,Materials,165501580482.75,0.11532034749117015,2023-06-01,Volatile Recovery
2023-07-01,Materials,184565064615.2,0.11518611530381717,2023-07-01,Volatile Recovery
2023-08-01,Materials,177312796286.15,-0.03929383030407341,2023-08-01,Volatile Recovery
2023-09-01,Materials,183181946188.3,0.03310054336224155,2023-09-01,Bull / Stable Growth
2023-10-01,Materials,169351073903.35,-0.07550346839711308,2023-10-01,Bull / Stable Growth
2023-11-01,Materials,164567558737.65,-0.028246146041152387,2023-11-01,Bull / Stable Growth
2023-12-01,Materials,166010834125.8,0.008770108757892192,2023-12-01,Bull / Stable Growth
2024-01-01,Materials,164416520720.2,-0.009603670832662892,2024-01-01,Bull / Stable Growth
2024-02-01,Materials,168005747328.35,0.02183008491134575,2024-02-01,Bull / Stable Growth
2024-03-01,Materials,184566983038.7,0.09857541169697459,2024-03-01,Bull / Stable Growth
2024-04-01,Materials,193720226178.1,0.049593069078236685,2024-04-01,Bull / Stable Growth
2024-05-01,Materials,200288704742.6,0.03390703538855644,2024-05-01,Bull / Stable Growth
2024-06-01,Materials,200288704742.6,0.0,2024-06-01,Bull / Stable Growth
2024-07-01,Materials,180163690802.7,-0.10048002440159343,2024-07-01,Bull / Stable Growth
2024-08-01,Materials,180163690802.7,0.0,2024-08-01,Bull / Stable Growth
2024-09-01,Materials,196439147764.55,0.09033705342811538,2024-09-01,Bull / Stable Growth
2024-10-01,Materials,203477327964.2,0.03582880642551922,2024-10-01,Volatile Recovery
2024-11-01,Materials,210088684258.25,0.03249185725110948,2024-11-01,Bull / Stable Growth
2024-12-01,Materials,250656672787.8,0.1930993507469545,2024-12-01,Volatile Recovery
2025-01-01,Materials,272275661901.15,0.0862494059021206,2025-01-01,Volatile Recovery
2025-02-01,Materials,264057414819.75,-0.030183553770529947,2025-02-01,Volatile Recovery
2025-03-01,Materials,254625249570.5,-0.035720130243979575,2025-03-01,Bull / Stable Growth
2025-04-01,Materials,263729812557.45,0.03575671698823091,2025-04-01,Volatile Recovery
2025-05-01,Materials,278879336929.9,0.057443351684595356,2025-05-01,Volatile Recovery
2025-06-01,Materials,299106994499.7,0.0725319336759771,2025-06-01,Volatile Recovery
2025-07-01,Materials,316932828216.95,0.05959684676403598,2025-07-01,Volatile Recovery
2025-08-01,Materials,333944806017.75,0.053676919164570736,2025-08-01,Volatile Recovery
2025-09-01,Materials,357005351938.45,0.06905496209297013,2025-09-01,Bull / Stable Growth
2025-10-01,Materials,363961150036.2,0.019483736196059143,2025-10-01,Bull / Stable Growth
2025-11-01,Materials,361541554131.75,-0.00664795103600857,2025-11-01,Bull / Stable Growth
2025-12-01,Materials,374955800276.85,0.03710291664070153,2025-12-01,Bull / Stable Growth
2021-02-01,Real Estate,58233822250.85,-0.13139604715796516,2021-02-01,Crisis / Sell-off
2021-03-01,Real Estate,57644646523.15,-0.010117414672903391,2021-03-01,Crisis / Sell-off
2021-04-01,Real Estate,55737602454.25,-0.033082761087521506,2021-04-01,Volatile Recovery
2021-05-01,Real Estate,55830168023.3,0.0016607382623963218,2021-05-01,Crisis / Sell-off
2021-06-01,Real Estate,69488344280.75,0.24463792141463614,2021-06-01,Bull / Stable Growth
2021-07-01,Real Estate,70095780845.95,0.008741560494603284,2021-07-01,Bull / Stable Growth
2021-08-01,Real Estate,70274815566.05,0.0025541440289176265,2021-08-01,Bull / Stable Growth
2021-09-01,Real Estate,71342203915.8,0.015188774828541307,2021-09-01,Volatile Recovery
2021-10-01,Real Estate,76132563654.6,0.06714622587849561,2021-10-01,Volatile Recovery
2021-11-01,Real Estate,76132563654.6,0.0,2021-11-01,Volatile Recovery
2021-12-01,Real Estate,76132563654.6,0.0,2021-12-01,Volatile Recovery
2022-01-01,Real Estate,15546270920.1,-0.7957999813242769,2022-01-01,Volatile Recovery
2022-02-01,Real Estate,71279149501.3,3.584967666370856,2022-02-01,Crisis / Sell-off
2022-03-01,Real Estate,59221033302.8,-0.16916750947316062,2022-03-01,Crisis / Sell-off
2022-04-01,Real Estate,53386916506.4,-0.09851426885055992,2022-04-01,Crisis / Sell-off
2022-05-01,Real Estate,54322002275.35,0.01751526085680366,2022-05-01,Crisis / Sell-off
2022-06-01,Real Estate,50708668545.35,-0.06651694670024422,2022-06-01,Crisis / Sell-off
2022-07-01,Real Estate,51646951125.05,0.018503396098063174,2022-07-01,Crisis / Sell-off
2022-08-01,Real Estate,57893012017.9,0.12093764988618094,2022-08-01,Volatile Recovery
2022-09-01,Real Estate,57893012017.9,0.0,2022-09-01,Volatile Recovery
2022-10-01,Real Estate,45282913139.6,-0.21781728811071488,2022-10-01,Crisis / Sell-off
2022-11-01,Real Estate,45189963146.0,-0.0020526504845977955,2022-11-01,Crisis / Sell-off
2022-12-01,Real Estate,45544339383.2,0.007841923571724863,2022-12-01,Crisis / Sell-off
2023-01-01,Real Estate,48509292920.55,0.06510037421782644,2023-01-01,Crisis / Sell-off
2023-02-01,Real Estate,48509292920.55,0.0,2023-02-01,Crisis / Sell-off
2023-03-01,Real Estate,53259517511.1,0.09792401217494673,2023-03-01,Crisis / Sell-off
2023-04-01,Real Estate,47317055132.1,-0.11157559543721951,2023-04-01,Bull / Stable Growth
2023-05-01,Real Estate,45052647904.2,-0.0478560472873516,2023-05-01,Bull / Stable Growth
2023-06-01,Real Estate,46204454666.7,0.025565795043816397,2023-06-01,Volatile Recovery
2023-07-01,Real Estate,53265817352.6,0.1528286122374516,2023-07-01,Volatile Recovery
2023-08-01,Real Estate,50748768111.6,-0.04725449389686576,2023-08-01,Volatile Recovery
2023-09-01,Real Estate,51336569238.0,0.011582569356312078,2023-09-01,Bull / Stable Growth
2023-10-01,Real Estate,48094436874.4,-0.06315444159443617,2023-10-01,Bull / Stable Growth
2023-11-01,Real Estate,47001275753.2,-0.022729471270343082,2023-11-01,Bull / Stable Growth
2023-12-01,Real Estate,46016509790.5,-0.020951898579751882,2023-12-01,Bull / Stable Growth
2024-02-01,Real Estate M & D,47890489152.8,0.04342307399065959,2024-02-01,Bull / Stable Growth
2024-03-01,Real Estate M & D,51271844081.8,0.07060598020227782,2024-03-01,Bull / Stable Growth
2024-04-01,Real Estate M & D,52511932783.1,0.024186543774815883,2024-04-01,Bull / Stable Growth
2024-05-01,Real Estate M & D,53539191816.5,0.01956239237361701,2024-05-01,Bull / Stable Growth
2024-06-01,Real Estate M & D,53539191816.5,0.0,2024-06-01,Bull / Stable Growth
2024-07-01,Real Estate M & D,50070549242.6,-0.0647869804570157,2024-07-01,Bull / Stable Growth
2024-08-01,Real Estate M & D,50070549242.6,0.0,2024-08-01,Bull / Stable Growth
2024-09-01,Real Estate M & D,52250502320.0,0.04353763061071625,2024-09-01,Bull / Stable Growth
2024-10-01,Real Estate M & D,53063502296.6,0.015559658577460223,2024-10-01,Volatile Recovery
2024-11-01,Real Estate M & D,55128092663.6,0.038907917450678564,2024-11-01,Bull / Stable Growth
2024-12-01,Real Estate M & D,69128062152.3,0.25395345299047345,2024-12-01,Volatile Recovery
2025-01-01,Real Estate M & D,71623794967.1,0.03610303452889374,2025-01-01,Volatile Recovery
2025-02-01,Real Estate M & D,69848420209.9,-0.024787499154652726,2025-02-01,Volatile Recovery
2025-03-01,Real Estate M & D,67292967056.7,-0.03658569722150706,2025-03-01,Bull / Stable Growth
2025-04-01,Real Estate M & D,65937025056.6,-0.020149832284219293,2025-04-01,Volatile Recovery
2025-05-01,Real Estate M & D,73685401369.1,0.11751176680853948,2025-05-01,Volatile Recovery
2025-06-01,Real Estate M & D,83773920767.1,0.13691340768390825,2025-06-01,Volatile Recovery
2025-07-01,Real Estate M & D,105103835848.8,0.2546128304177062,2025-07-01,Volatile Recovery
2025-08-01,Real Estate M & D,124232546453.2,0.18199821585882092,2025-08-01,Volatile Recovery
2025-09-01,Real Estate M & D,133605583722.2,0.07544751787351434,2025-09-01,Bull / Stable Growth
2025-10-01,Real Estate M & D,144648724160.95,0.08265478231592116,2025-10-01,Bull / Stable Growth
2025-11-01,Real Estate M & D,139208235636.0,-0.03761172838895144,2025-11-01,Bull / Stable Growth
2025-12-01,Real Estate M & D,138148349548.8,-0.0076136737338686755,2025-12-01,Bull / Stable Growth
2021-02-01,Retailing,55836342763.0,-0.15600949496702832,2021-02-01,Crisis / Sell-off
2021-03-01,Retailing,53867118539.15,-0.0352677866494312,2021-03-01,Crisis / Sell-off
2021-04-01,Retailing,55742672689.8,0.03481816368712698,2021-04-01,Volatile Recovery
2021-05-01,Retailing,57524809267.0,0.03197077734534415,2021-05-01,Crisis / Sell-off
2021-06-01,Retailing,57823571197.6,0.0051936187952106305,2021-06-01,Bull / Stable Growth
2021-07-01,Retailing,61233324900.0,0.05896823097881443,2021-07-01,Bull / Stable Growth
2021-08-01,Retailing,55847616036.2,-0.0879538857737252,2021-08-01,Bull / Stable Growth
2021-09-01,Retailing,57022536054.6,0.021037961900440383,2021-09-01,Volatile Recovery
2021-10-01,Retailing,72602275025.8,0.2732207307700618,2021-10-01,Volatile Recovery
2021-11-01,Retailing,72602275025.8,0.0,2021-11-01,Volatile Recovery
2021-12-01,Retailing,72602275025.8,0.0,2021-12-01,Volatile Recovery
2022-01-01,Retailing,24285208227.58,-0.6655034815513703,2022-01-01,Volatile Recovery
2022-02-01,Retailing,73577729751.5,2.029734357720677,2022-02-01,Crisis / Sell-off
2022-03-01,Retailing,51502811926.7,-0.3000217307513483,2022-03-01,Crisis / Sell-off
2022-04-01,Retailing,46872637927.0,-0.08990138259421188,2022-04-01,Crisis / Sell-off
2022-05-01,Retailing,46198397725.1,-0.014384515822430832,2022-05-01,Crisis / Sell-off
2022-06-01,Retailing,43484489123.7,-0.05874464775919086,2022-06-01,Crisis / Sell-off
2022-07-01,Retailing,44604474157.0,0.025755966227727578,2022-07-01,Crisis / Sell-off
2022-08-01,Retailing,52890265619.4,0.18576144252335447,2022-08-01,Volatile Recovery
2022-09-01,Retailing,52890265619.4,0.0,2022-09-01,Volatile Recovery
2022-10-01,Retailing,49469798149.8,-0.06467102083044518,2022-10-01,Crisis / Sell-off
2022-11-01,Retailing,47896165672.7,-0.031809963572822175,2022-11-01,Crisis / Sell-off
2022-12-01,Retailing,47771297163.6,-0.0026070669195795704,2022-12-01,Crisis / Sell-off
2023-01-01,Retailing,50043545667.1,0.04756514138015433,2023-01-01,Crisis / Sell-off
2023-02-01,Retailing,50043545667.1,0.0,2023-02-01,Crisis / Sell-off
2023-03-01,Retailing,4095091564.8,-0.9181694360339414,2023-03-01,Crisis / Sell-off
2023-04-01,Retailing,51282515064.1,11.52292268746977,2023-04-01,Bull / Stable Growth
2023-05-01,Retailing,49755144747.2,-0.02978345182545905,2023-05-01,Bull / Stable Growth
2023-06-01,Retailing,51698361353.2,0.039055591454376204,2023-06-01,Volatile Recovery
2023-07-01,Retailing,58069386811.0,0.12323457245140812,2023-07-01,Volatile Recovery
2023-08-01,Retailing,58728238854.3,0.011345944558436294,2023-08-01,Volatile Recovery
2023-09-01,Retailing,59393667793.2,0.011330646923550125,2023-09-01,Bull / Stable Growth
2023-10-01,Retailing,54418792695.7,-0.08376103518007649,2023-10-01,Bull / Stable Growth
2023-11-01,Retailing,50528543672.6,-0.07148723502290033,2023-11-01,Bull / Stable Growth
2023-12-01,Retailing,48433102577.6,-0.04147044309405434,2023-12-01,Bull / Stable Growth
2024-01-01,Retailing,48696676178.3,0.005442013554215475,2024-01-01,Bull / Stable Growth
2024-02-01,Retailing,49582901784.7,0.018198893147350237,2024-02-01,Bull / Stable Growth
2024-03-01,Retailing,54766917929.7,0.10455249609049,2024-03-01,Bull / Stable Growth
2024-04-01,Retailing,62071294652.1,0.13337206106387178,2024-04-01,Bull / Stable Growth
2024-05-01,Retailing,60581386539.2,-0.024003174434345298,2024-05-01,Bull / Stable Growth
2024-06-01,Retailing,60581386539.2,0.0,2024-06-01,Bull / Stable Growth
2024-07-01,Retailing,58247705643.7,-0.038521417696340765,2024-07-01,Bull / Stable Growth
2024-08-01,Retailing,58247705643.7,0.0,2024-08-01,Bull / Stable Growth
2024-09-01,Retailing,60778234736.8,0.04344427072508572,2024-09-01,Bull / Stable Growth
2024-10-01,Retailing,65352687668.0,0.07526465602381593,2024-10-01,Volatile Recovery
2024-11-01,Retailing,73549509816.6,0.1254244077954514,2024-11-01,Bull / Stable Growth
2024-12-01,Retailing,86208376232.5,0.17211353885927472,2024-12-01,Volatile Recovery
2025-01-01,Retailing,101494797617.9,0.17731944450703052,2025-01-01,Volatile Recovery
2025-02-01,Retailing,95454992405.6,-0.05950852018088837,2025-02-01,Volatile Recovery
2025-03-01,Retailing,95604151341.9,0.0015626101112260482,2025-03-01,Bull / Stable Growth
2025-04-01,Retailing,106288511205.8,0.11175623353101649,2025-04-01,Volatile Recovery
2025-05-01,Retailing,115065232520.8,0.08257450608190542,2025-05-01,Volatile Recovery
2025-06-01,Retailing,125414461280.2,0.08994227476600458,2025-06-01,Volatile Recovery
2025-07-01,Retailing,164022788747.5,0.3078458980981593,2025-07-01,Volatile Recovery
2025-08-01,Retailing,172954208828.5,0.05445231207932455,2025-08-01,Volatile Recovery
2025-09-01,Retailing,215911029852.6,0.24837106489091365,2025-09-01,Bull / Stable Growth
2025-10-01,Retailing,241749036291.9,0.11966969198812727,2025-10-01,Bull / Stable Growth
2025-11-01,Retailing,231329903213.2,-0.04309896427516424,2025-11-01,Bull / Stable Growth
2025-12-01,Retailing,226357212967.2,-0.021496097897110267,2025-12-01,Bull / Stable Growth
2022-02-01,Software & Services,6142637347.2,1.2540084799446887,2022-02-01,Crisis / Sell-off
2022-03-01,Software & Services,4980516768.0,-0.18918918918918914,2022-03-01,Crisis / Sell-off
2022-04-01,Software & Services,5450898907.2,0.09444444444444433,2022-04-01,Crisis / Sell-off
2022-05-01,Software & Services,5478568444.8,0.005076142131979822,2022-05-01,Crisis / Sell-off
2022-06-01,Software & Services,5312551219.2,-0.030303030303030387,2022-06-01,Crisis / Sell-off
2022-07-01,Software & Services,6087298272.0,0.14583333333333348,2022-07-01,Crisis / Sell-off
2022-08-01,Software & Services,5948950584.0,-0.022727272727272707,2022-08-01,Volatile Recovery
2022-09-01,Software & Services,5948950584.0,0.0,2022-09-01,Volatile Recovery
2022-10-01,Software & Services,5395559832.0,-0.09302325581395354,2022-10-01,Crisis / Sell-off
2022-11-01,Software & Services,4703821392.0,-0.1282051282051282,2022-11-01,Crisis / Sell-off
2022-12-01,Software & Services,4703821392.0,0.0,2022-12-01,Crisis / Sell-off
2023-01-01,Software & Services,4565473704.0,-0.02941176470588236,2023-01-01,Crisis / Sell-off
2023-02-01,Software & Services,4565473704.0,0.0,2023-02-01,Crisis / Sell-off
2023-03-01,Software & Services,255432299172.0,54.94869573954729,2023-03-01,Crisis / Sell-off
2023-04-01,Software & Services,3818396188.8,-0.9850512397955248,2023-04-01,Bull / Stable Growth
2023-05-01,Software & Services,3458692200.0,-0.09420289855072472,2023-05-01,Bull / Stable Growth
2023-06-01,Software & Services,3348014049.6,-0.03200000000000003,2023-06-01,Volatile Recovery
2023-07-01,Software & Services,3735387576.0,0.11570247933884303,2023-07-01,Volatile Recovery
2023-08-01,Software & Services,3375683587.2,-0.09629629629629632,2023-08-01,Volatile Recovery
2023-09-01,Software & Services,3403353124.8,0.00819672131147553,2023-09-01,Bull / Stable Growth
2023-10-01,Software & Services,3292674974.4,-0.0325203252032521,2023-10-01,Bull / Stable Growth
2023-11-01,Software & Services,3348014049.6,0.01680672268907557,2023-11-01,Bull / Stable Growth
2023-12-01,Software & Services,3181996824.0,-0.04958677685950408,2023-12-01,Bull / Stable Growth
2024-01-01,Software & Services,3181996824.0,0.0,2024-01-01,Bull / Stable Growth
2024-02-01,Software & Services,3015979598.4,-0.05217391304347818,2024-02-01,Bull / Stable Growth
2024-03-01,Software & Services,3043649136.0,0.00917431192660545,2024-03-01,Bull / Stable Growth
2024-04-01,Software & Services,3126657748.8,0.027272727272727337,2024-04-01,Bull / Stable Growth
2024-05-01,Software & Services,3624709425.6,0.1592920353982299,2024-05-01,Bull / Stable Growth
2024-06-01,Software & Services,3624709425.6,0.0,2024-06-01,Bull / Stable Growth
2024-07-01,Software & Services,3137802349.0,-0.13432996122700291,2024-07-01,Bull / Stable Growth
2024-08-01,Software & Services,3137802349.0,0.0,2024-08-01,Bull / Stable Growth
2024-09-01,Software & Services,3137802349.0,0.0,2024-09-01,Bull / Stable Growth
2024-10-01,Software & Services,3337480680.3,0.06363636363636371,2024-10-01,Volatile Recovery
2024-11-01,Software & Services,3280429728.5,-0.017094017094017144,2024-11-01,Bull / Stable Growth
2024-12-01,Software & Services,3480108059.8,0.0608695652173914,2024-12-01,Volatile Recovery
2025-01-01,Software & Services,3508633535.7,0.008196721311475308,2025-01-01,Volatile Recovery
2025-02-01,Software & Services,3280429728.5,-0.06504065040650397,2025-02-01,Volatile Recovery
2025-03-01,Software & Services,3194853300.8,-0.02608695652173909,2025-03-01,Bull / Stable Growth
2025-04-01,Software & Services,3337480680.3,0.044642857142857206,2025-04-01,Volatile Recovery
2025-05-01,Software & Services,3337480680.3,0.0,2025-05-01,Volatile Recovery
2025-06-01,Software & Services,3308955204.4,-0.008547008547008628,2025-06-01,Volatile Recovery
2025-07-01,Software & Services,3537159011.6,0.06896551724137923,2025-07-01,Volatile Recovery
2025-08-01,Software & Services,3451582583.9,-0.024193548387096753,2025-08-01,Volatile Recovery
2025-09-01,Software & Services,3423057108.0,-0.008264462809917328,2025-09-01,Bull / Stable Growth
2025-10-01,Software & Services,3423057108.0,0.0,2025-10-01,Bull / Stable Growth
2025-11-01,Software & Services,4991958282.5,0.45833333333333326,2025-11-01,Bull / Stable Growth
2025-12-01,Software & Services,4991958282.5,0.0,2025-12-01,Bull / Stable Growth
2021-02-01,Telecommunication,166616503633.5,-0.043516338807908284,2021-02-01,Crisis / Sell-off
2021-03-01,Telecommunication,165278440365.0,-0.008030796705729037,2021-03-01,Crisis / Sell-off
2021-04-01,Telecommunication,162911346723.0,-0.014321853695935971,2021-04-01,Volatile Recovery
2021-05-01,Telecommunication,167792651565.0,0.029962951876518096,2021-05-01,Crisis / Sell-off
2021-06-01,Telecommunication,160329735561.0,-0.04447701335185705,2021-06-01,Bull / Stable Growth
2021-07-01,Telecommunication,156672773058.0,-0.022809009758571253,2021-07-01,Bull / Stable Growth
2021-08-01,Telecommunication,147864085804.5,-0.05622347189986254,2021-08-01,Bull / Stable Growth
2021-09-01,Telecommunication,155346381054.0,0.050602519258075906,2021-09-01,Volatile Recovery
2021-10-01,Telecommunication,159415189804.5,0.026191847681894975,2021-10-01,Volatile Recovery
2021-11-01,Telecommunication,159415189804.5,0.0,2021-11-01,Volatile Recovery
2021-12-01,Telecommunication,159415189804.5,0.0,2021-12-01,Volatile Recovery
2022-01-01,Telecommunication,24828475122.33,-0.844252764414868,2022-01-01,Volatile Recovery
2022-02-01,Telecommunication,181136499808.5,6.295514481499153,2022-02-01,Crisis / Sell-off
2022-03-01,Telecommunication,144995689050.0,-0.19952251918695885,2022-03-01,Crisis / Sell-off
2022-04-01,Telecommunication,143473063545.0,-0.010501177758981073,2022-04-01,Crisis / Sell-off
2022-05-01,Telecommunication,138811922547.0,-0.03248791712416488,2022-05-01,Crisis / Sell-off
2022-06-01,Telecommunication,123850963792.5,-0.10777862938563076,2022-06-01,Crisis / Sell-off
2022-07-01,Telecommunication,129936613545.0,0.049136878439605125,2022-07-01,Crisis / Sell-off
2022-08-01,Telecommunication,150885004623.0,0.16122007882516565,2022-08-01,Volatile Recovery
2022-09-01,Telecommunication,150885004623.0,0.0,2022-09-01,Volatile Recovery
2022-10-01,Telecommunication,177107986531.5,0.17379448656293262,2022-10-01,Crisis / Sell-off
2022-11-01,Telecommunication,195670686684.0,0.10481006823031369,2022-11-01,Crisis / Sell-off
2022-12-01,Telecommunication,192835422592.5,-0.014489978747193932,2022-12-01,Crisis / Sell-off
2023-01-01,Telecommunication,227178070714.5,0.17809304774140444,2023-01-01,Crisis / Sell-off
2023-02-01,Telecommunication,227178070714.5,0.0,2023-02-01,Crisis / Sell-off
2023-03-01,Telecommunication,270636818100.0,0.19129816204890493,2023-03-01,Crisis / Sell-off
2023-04-01,Telecommunication,253702901355.0,-0.06257063197788171,2023-04-01,Bull / Stable Growth
2023-05-01,Telecommunication,239241071080.5,-0.05700301493306115,2023-05-01,Bull / Stable Growth
2023-06-01,Telecommunication,257314825141.5,0.07554620107397247,2023-06-01,Volatile Recovery
2023-07-01,Telecommunication,267600323355.0,0.03997242758105335,2023-07-01,Volatile Recovery
2023-08-01,Telecommunication,255480403507.5,-0.04529112556946224,2023-08-01,Volatile Recovery
2023-09-01,Telecommunication,242951407324.5,-0.04904092842734298,2023-09-01,Bull / Stable Growth
2023-10-01,Telecommunication,256028472867.0,0.053825848084236405,2023-10-01,Bull / Stable Growth
2023-11-01,Telecommunication,256519622745.0,0.0019183408489693576,2023-11-01,Bull / Stable Growth
2023-12-01,Telecommunication,241900256745.0,-0.05699121900913118,2023-12-01,Bull / Stable Growth
2024-01-01,Telecommunication,251466014745.0,0.0395442242547257,2024-01-01,Bull / Stable Growth
2024-02-01,Telecommunication,254349383172.0,0.011466235029508498,2024-02-01,Bull / Stable Growth
2024-03-01,Telecommunication,258934791568.5,0.01802799102288044,2024-03-01,Bull / Stable Growth
2024-04-01,Telecommunication,257877029629.5,-0.00408505142392257,2024-04-01,Bull / Stable Growth
2024-05-01,Telecommunication,239064232941.2,-0.07295258796539161,2024-05-01,Bull / Stable Growth
2024-06-01,Telecommunication,239064232941.2,0.0,2024-06-01,Bull / Stable Growth
2024-07-01,Telecommunication,198802702447.8,-0.16841302439124262,2024-07-01,Bull / Stable Growth
2024-08-01,Telecommunication,198802702447.8,0.0,2024-08-01,Bull / Stable Growth
2024-09-01,Telecommunication,204503389444.2,0.028675098105856334,2024-09-01,Bull / Stable Growth
2024-10-01,Telecommunication,221028785434.6,0.08080744302240062,2024-10-01,Volatile Recovery
2024-11-01,Telecommunication,212999383937.6,-0.03632740179616023,2024-11-01,Bull / Stable Growth
2024-12-01,Telecommunication,233081689429.8,0.09428339707350175,2024-12-01,Volatile Recovery
2025-01-01,Telecommunication,246085382917.2,0.05579028330887614,2025-01-01,Volatile Recovery
2025-02-01,Telecommunication,241014171417.8,-0.020607528327297397,2025-02-01,Volatile Recovery
2025-03-01,Telecommunication,240397848414.2,-0.002557206491113684,2025-03-01,Bull / Stable Growth
2025-04-01,Telecommunication,236951010914.8,-0.014338054696151903,2025-04-01,Volatile Recovery
2025-05-01,Telecommunication,276552109393.8,0.16712778867712563,2025-05-01,Volatile Recovery
2025-06-01,Telecommunication,286364316385.4,0.035480499545305744,2025-06-01,Volatile Recovery
2025-07-01,Telecommunication,288186779884.8,0.0063641431390746295,2025-07-01,Volatile Recovery
2025-08-01,Telecommunication,364483597343.4,0.26474780518765995,2025-08-01,Volatile Recovery
2025-09-01,Telecommunication,366085916838.0,0.004396136084802604,2025-09-01,Bull / Stable Growth
2025-10-01,Telecommunication,390262138826.0,0.06603974880218733,2025-10-01,Bull / Stable Growth
2025-11-01,Telecommunication,421451009827.2,0.07991774732497348,2025-11-01,Bull / Stable Growth
2025-12-01,Telecommunication,423070932821.2,0.0038436804189037055,2025-12-01,Bull / Stable Growth
2021-02-01,Transportation,91109240277.0,-0.07958055972779243,2021-02-01,Crisis / Sell-off
2021-03-01,Transportation,87590393277.0,-0.03862228451583649,2021-03-01,Crisis / Sell-off
2021-04-01,Transportation,91481446343.0,0.04442328571005216,2021-04-01,Volatile Recovery
2021-05-01,Transportation,90182574827.0,-0.014198196114324824,2021-05-01,Crisis / Sell-off
2021-06-01,Transportation,98561840700.0,0.09291446700290162,2021-06-01,Bull / Stable Growth
2021-07-01,Transportation,131627137657.0,0.3354776729225595,2021-07-01,Bull / Stable Growth
2021-08-01,Transportation,328930936382.0,1.4989598819594727,2021-08-01,Bull / Stable Growth
2021-09-01,Transportation,390548868987.5,0.18732787278464058,2021-09-01,Volatile Recovery
2021-10-01,Transportation,734514598967.5,0.8807239177819999,2021-10-01,Volatile Recovery
2021-11-01,Transportation,734514598967.5,0.0,2021-11-01,Volatile Recovery
2021-12-01,Transportation,734514598967.5,0.0,2021-12-01,Volatile Recovery
2022-01-01,Transportation,84543808610.51,-0.884898395853054,2022-01-01,Volatile Recovery
2022-02-01,Transportation,579796453667.5,5.857941027220567,2022-02-01,Crisis / Sell-off
2022-03-01,Transportation,407132446515.0,-0.29780107494675856,2022-03-01,Crisis / Sell-off
2022-04-01,Transportation,332220880680.0,-0.18399802441744229,2022-04-01,Crisis / Sell-off
2022-05-01,Transportation,423865841200.0,0.27585551014258414,2022-05-01,Crisis / Sell-off
2022-06-01,Transportation,338589564250.0,-0.20118695271262166,2022-06-01,Crisis / Sell-off
2022-07-01,Transportation,343321918407.5,0.013976668678441051,2022-07-01,Crisis / Sell-off
2022-08-01,Transportation,426531184350.0,0.24236514326981062,2022-08-01,Volatile Recovery
2022-09-01,Transportation,426531184350.0,0.0,2022-09-01,Volatile Recovery
2022-10-01,Transportation,294751368985.0,-0.30895704745673425,2022-10-01,Crisis / Sell-off
2022-11-01,Transportation,378251647810.0,0.28329055472257836,2022-11-01,Crisis / Sell-off
2022-12-01,Transportation,357238937737.5,-0.05555219704701697,2022-12-01,Crisis / Sell-off
2023-01-01,Transportation,349893325500.0,-0.020562182510176386,2023-01-01,Crisis / Sell-off
2023-02-01,Transportation,349893325500.0,0.0,2023-02-01,Crisis / Sell-off
2023-03-01,Transportation,43963694434.6,-0.8743511486771702,2023-03-01,Crisis / Sell-off
2023-04-01,Transportation,313548710875.0,6.131991860725724,2023-04-01,Bull / Stable Growth
2023-05-01,Transportation,260669923660.0,-0.16864616367719898,2023-05-01,Bull / Stable Growth
2023-06-01,Transportation,258872933010.0,-0.006893739886707717,2023-06-01,Volatile Recovery
2023-07-01,Transportation,293207401547.5,0.13263058496800695,2023-07-01,Volatile Recovery
2023-08-01,Transportation,270583966972.5,-0.07715847026915856,2023-08-01,Volatile Recovery
2023-09-01,Transportation,266754635545.0,-0.014152100253187472,2023-09-01,Bull / Stable Growth
2023-10-01,Transportation,249083394407.5,-0.06624530104752002,2023-10-01,Bull / Stable Growth
2023-11-01,Transportation,254864148400.0,0.023208106691539276,2023-11-01,Bull / Stable Growth
2023-12-01,Transportation,280770328387.5,0.10164701528298603,2023-12-01,Bull / Stable Growth
2024-01-01,Transportation,256359714610.0,-0.08694157220135501,2024-01-01,Bull / Stable Growth
2024-02-01,Transportation,289586777175.0,0.1296110920374065,2024-02-01,Bull / Stable Growth
2024-03-01,Transportation,294981349662.5,0.01862851798733889,2024-03-01,Bull / Stable Growth
2024-04-01,Transportation,295117416747.5,0.00046127351832803143,2024-04-01,Bull / Stable Growth
2024-05-01,Transportation,295078416747.5,-0.00013215079079309522,2024-05-01,Bull / Stable Growth
2024-06-01,Transportation,295078416747.5,0.0,2024-06-01,Bull / Stable Growth
2024-07-01,Transportation,295026030650.0,-0.00017753279984833448,2024-07-01,Bull / Stable Growth
2024-08-01,Transportation,295026030650.0,0.0,2024-08-01,Bull / Stable Growth
2024-09-01,Transportation,830499427.5,-0.9971849960979028,2024-09-01,Bull / Stable Growth
2024-10-01,Transportation,17741630768.4,20.362604453330587,2024-10-01,Volatile Recovery
2024-11-01,Transportation,18772089164.7,0.05808137987717399,2024-11-01,Bull / Stable Growth
2024-12-01,Transportation,23395592145.0,0.24629666627592361,2024-12-01,Volatile Recovery
2025-01-01,Transportation,26000199557.1,0.11132898008980896,2025-01-01,Volatile Recovery
2025-02-01,Transportation,25180700046.9,-0.031518970014067116,2025-02-01,Volatile Recovery
2025-03-01,Transportation,25189037428.8,0.0003311020696195044,2025-03-01,Bull / Stable Growth
2025-04-01,Transportation,24862767486.0,-0.012952854737789954,2025-04-01,Volatile Recovery
2025-05-01,Transportation,26482924842.0,0.065163999016292,2025-05-01,Volatile Recovery
2025-06-01,Transportation,26993215356.9,0.01926866152226192,2025-06-01,Volatile Recovery
2025-07-01,Transportation,29295292558.5,0.08528354889042666,2025-07-01,Volatile Recovery
2025-08-01,Transportation,42221177522.25,0.44122737255271294,2025-08-01,Volatile Recovery
2025-09-01,Transportation,50384841884.25,0.1933547295713829,2025-09-01,Bull / Stable Growth
2025-10-01,Transportation,52406247417.0,0.04011931877039143,2025-10-01,Bull / Stable Growth
2025-11-01,Transportation,52246233025.5,-0.0030533457247330364,2025-11-01,Bull / Stable Growth
2025-12-01,Transportation,51626177945.25,-0.0118679384970658,2025-12-01,Bull / Stable Growth
2021-02-01,Utilities,24174743829.9,-0.09596429801625139,2021-02-01,Crisis / Sell-off
2021-03-01,Utilities,24319788262.5,0.005999833281401967,2021-03-01,Crisis / Sell-off
2021-04-01,Utilities,48515771945.7,0.9949093068589374,2021-04-01,Volatile Recovery
2021-05-01,Utilities,51521611732.4,0.06195593033259805,2021-05-01,Crisis / Sell-off
2021-06-01,Utilities,51370100439.9,-0.0029407327800019534,2021-06-01,Bull / Stable Growth
2021-07-01,Utilities,52596465274.9,0.023873125115547955,2021-07-01,Bull / Stable Growth
2021-08-01,Utilities,51329028341.9,-0.0240973785286831,2021-08-01,Bull / Stable Growth
2021-09-01,Utilities,52605310209.4,0.0248647190240725,2021-09-01,Volatile Recovery
2021-10-01,Utilities,54976832272.8,0.04508141961258194,2021-10-01,Volatile Recovery
2021-11-01,Utilities,54976832272.8,0.0,2021-11-01,Volatile Recovery
2021-12-01,Utilities,54976832272.8,0.0,2021-12-01,Volatile Recovery
2022-01-01,Utilities,19181884223.41,-0.6510914974470017,2022-01-01,Volatile Recovery
2022-02-01,Utilities,54170221400.5,1.8240302552962682,2022-02-01,Crisis / Sell-off
2022-03-01,Utilities,47000484673.9,-0.1323556843822281,2022-03-01,Crisis / Sell-off
2022-04-01,Utilities,44075311734.3,-0.06223708031726716,2022-04-01,Crisis / Sell-off
2022-05-01,Utilities,42503588905.4,-0.0356599367549536,2022-05-01,Crisis / Sell-off
2022-06-01,Utilities,41156728330.1,-0.03168816116440665,2022-06-01,Crisis / Sell-off
2022-07-01,Utilities,44226599626.1,0.07458977961945656,2022-07-01,Crisis / Sell-off
2022-08-01,Utilities,48170181405.5,0.08916764600353155,2022-08-01,Volatile Recovery
2022-09-01,Utilities,48170181405.5,0.0,2022-09-01,Volatile Recovery
2022-10-01,Utilities,44191920469.9,-0.08258762619369675,2022-10-01,Crisis / Sell-off
2022-11-01,Utilities,42456432163.9,-0.03927161996008022,2022-11-01,Crisis / Sell-off
2022-12-01,Utilities,41366307990.4,-0.025676301986272798,2022-12-01,Crisis / Sell-off
2023-01-01,Utilities,45406209289.6,0.09766163565135066,2023-01-01,Crisis / Sell-off
2023-02-01,Utilities,45406209289.6,0.0,2023-02-01,Crisis / Sell-off
2023-03-01,Utilities,49436759547.5,0.08876649958143878,2023-03-01,Crisis / Sell-off
2023-04-01,Utilities,44049838904.7,-0.1089658928317121,2023-04-01,Bull / Stable Growth
2023-05-01,Utilities,42732413675.6,-0.029907606062991365,2023-05-01,Bull / Stable Growth
2023-06-01,Utilities,43666485018.6,0.02185861416794599,2023-06-01,Volatile Recovery
2023-07-01,Utilities,46043667809.4,0.054439527014538136,2023-07-01,Volatile Recovery
2023-08-01,Utilities,48327322382.6,0.04959758164039618,2023-08-01,Volatile Recovery
2023-09-01,Utilities,47108861023.2,-0.025212680929301845,2023-09-01,Bull / Stable Growth
2023-10-01,Utilities,47072461073.2,-0.0007726773521880004,2023-10-01,Bull / Stable Growth
2023-11-01,Utilities,47516749642.6,0.009438396873048704,2023-11-01,Bull / Stable Growth
2023-12-01,Utilities,48447619302.5,0.019590347969959954,2023-12-01,Bull / Stable Growth
2024-01-01,Utilities,48610309122.2,0.0033580560209611754,2024-01-01,Bull / Stable Growth
2024-02-01,Utilities,51025339281.3,0.049681440063031435,2024-02-01,Bull / Stable Growth
2024-03-01,Utilities,49865107385.9,-0.022738347490522393,2024-03-01,Bull / Stable Growth
2024-04-01,Utilities,53550179863.2,0.07390082305010726,2024-04-01,Bull / Stable Growth
2024-05-01,Utilities,56643513915.4,0.05776514775678199,2024-05-01,Bull / Stable Growth
2024-06-01,Utilities,56643513915.4,0.0,2024-06-01,Bull / Stable Growth
2024-07-01,Utilities,56983407478.2,0.006000573398529774,2024-07-01,Bull / Stable Growth
2024-08-01,Utilities,56983407478.2,0.0,2024-08-01,Bull / Stable Growth
2024-09-01,Utilities,59693965556.3,0.047567497242718915,2024-09-01,Bull / Stable Growth
2024-10-01,Utilities,63851519415.8,0.06964780812859273,2024-10-01,Volatile Recovery
2024-11-01,Utilities,64897148684.3,0.016375949673035572,2024-11-01,Bull / Stable Growth
2024-12-01,Utilities,71233092238.2,0.0976305382031799,2024-12-01,Volatile Recovery
2025-01-01,Utilities,76817797684.0,0.07840043539209307,2025-01-01,Volatile Recovery
2025-02-01,Utilities,74869077401.3,-0.025368083197546354,2025-02-01,Volatile Recovery
2025-03-01,Utilities,73110404928.3,-0.023489971214330274,2025-03-01,Bull / Stable Growth
2025-04-01,Utilities,72666093824.1,-0.00607726225337879,2025-04-01,Volatile Recovery
2025-05-01,Utilities,78156501684.8,0.07555666710240971,2025-05-01,Volatile Recovery
2025-06-01,Utilities,80722492352.8,0.03283144220487855,2025-06-01,Volatile Recovery
2025-07-01,Utilities,86712268351.6,0.07420206963657061,2025-07-01,Volatile Recovery
2025-08-01,Utilities,91667849974.9,0.05714971730650786,2025-08-01,Volatile Recovery
2025-09-01,Utilities,110696402742.8,0.20758153238142163,2025-09-01,Bull / Stable Growth
2025-10-01,Utilities,148483737482.1,0.34136009665190126,2025-10-01,Bull / Stable Growth
2025-11-01,Utilities,135672368362.8,-0.08628129475017043,2025-11-01,Bull / Stable Growth
2025-12-01,Utilities,130641412108.0,-0.03708165719748313,2025-12-01,Bull / Stable Growth
