date,sector,market_cap
2020-01-01,Automobiles & Components,3545640000.0
2020-02-01,Automobiles & Components,3031080000.0
2020-03-01,Automobiles & Components,2661240000.0
2020-05-01,Automobiles & Components,3207960000.0
2020-06-01,Automobiles & Components,3392880000.0
2020-07-01,Automobiles & Components,3730560000.0
2020-08-01,Automobiles & Components,5137560000.0
2020-09-01,Automobiles & Components,6399840000.0
2020-10-01,Automobiles & Components,6407880000.0
2020-11-01,Automobiles & Components,7541520000.0
2020-12-01,Automobiles & Components,6954600000.0
2021-01-01,Automobiles & Components,7573680000.0
2021-02-01,Automobiles & Components,6343560000.0
2021-03-01,Automobiles & Components,6271200000.0
2021-04-01,Automobiles & Components,6753600000.0
2021-05-01,Automobiles & Components,6834000000.0
2021-06-01,Automobiles & Components,6777720000.0
2021-07-01,Automobiles & Components,7638000000.0
2021-08-01,Automobiles & Components,6705360000.0
2021-09-01,Automobiles & Components,6834000000.0
2021-10-01,Automobiles & Components,7927440000.0
2021-11-01,Automobiles & Components,7927440000.0
2021-12-01,Automobiles & Components,7927440000.0
2022-01-01,Automobiles & Components,5182519680.0
2022-02-01,Automobiles & Components,6882240000.0
2022-03-01,Automobiles & Components,4655160000.0
2022-04-01,Automobiles & Components,3674280000.0
2022-05-01,Automobiles & Components,4100400000.0
2022-06-01,Automobiles & Components,3650160000.0
2022-07-01,Automobiles & Components,3819000000.0
2022-08-01,Automobiles & Components,5459160000.0
2022-09-01,Automobiles & Components,5459160000.0
2022-10-01,Automobiles & Components,5402880000.0
2022-11-01,Automobiles & Components,4824000000.0
2022-12-01,Automobiles & Components,4663200000.0
2023-01-01,Automobiles & Components,4703400000.0
2023-02-01,Automobiles & Components,4703400000.0
2023-03-01,Automobiles & Components,4775760000.0
2023-04-01,Automobiles & Components,4639080000.0
2023-05-01,Automobiles & Components,4422000000.0
2023-06-01,Automobiles & Components,4960680000.0
2023-07-01,Automobiles & Components,5499360000.0
2023-08-01,Automobiles & Components,5362680000.0
2023-09-01,Automobiles & Components,5386800000.0
2023-10-01,Automobiles & Components,5137560000.0
2023-11-01,Automobiles & Components,5145600000.0
2023-12-01,Automobiles & Components,5105400000.0
2024-01-01,Automobiles & Components,4984800000.0
2024-02-01,Automobiles & Components,5242080000.0
2024-03-01,Automobiles & Components,5628000000.0
2024-04-01,Automobiles & Components,5901360000.0
2024-05-01,Automobiles & Components,6271200000.0
2024-06-01,Automobiles & Components,6271200000.0
2024-07-01,Automobiles & Components,5748600000.0
2024-08-01,Automobiles & Components,5748600000.0
2024-09-01,Automobiles & Components,5909400000.0
2024-10-01,Automobiles & Components,5965680000.0
2024-11-01,Automobiles & Components,6070200000.0
2024-12-01,Automobiles & Components,6713400000.0
2025-01-01,Automobiles & Components,6906360000.0
2025-02-01,Automobiles & Components,6448080000.0
2025-03-01,Automobiles & Components,6504360000.0
2025-04-01,Automobiles & Components,6464160000.0
2025-05-01,Automobiles & Components,6874200000.0
2025-06-01,Automobiles & Components,7187760000.0
2025-07-01,Automobiles & Components,8301300000.0
2025-08-01,Automobiles & Components,7879200000.0
2025-09-01,Automobiles & Components,7629960000.0
2025-10-01,Automobiles & Components,7396800000.0
2025-11-01,Automobiles & Components,7332480000.0
2025-12-01,Automobiles & Components,7203840000.0
2020-01-01,Banks,352989476976.3
2020-02-01,Banks,333408522550.3
2020-03-01,Banks,246449942294.4
2020-05-01,Banks,254499956911.2
2020-06-01,Banks,289288156985.4
2020-07-01,Banks,277858904941.1
2020-08-01,Banks,297575310163.4
2020-09-01,Banks,309830782595.7
2020-10-01,Banks,291785067659.2
2020-11-01,Banks,302292483850.3
2020-12-01,Banks,318887100149.5
2021-01-01,Banks,402926249052.9
2021-02-01,Banks,343493457641.85
2021-03-01,Banks,338241165177.2
2021-04-01,Banks,333431643891.0
2021-05-01,Banks,352984267008.1
2021-06-01,Banks,354836753505.45
2021-07-01,Banks,347315269975.65
2021-08-01,Banks,356944692238.55
2021-09-01,Banks,355703173020.15
2021-10-01,Banks,343540583741.45
2021-11-01,Banks,343540583741.45
2021-12-01,Banks,343540583741.45
2022-01-01,Banks,284978603991.92
2022-02-01,Banks,345043724985.1
2022-03-01,Banks,286500015806.51
2022-04-01,Banks,239378479600.56
2022-05-01,Banks,228647826630.24
2022-06-01,Banks,211800705941.74
2022-07-01,Banks,218742207014.74
2022-08-01,Banks,249719609687.9
2022-09-01,Banks,249719609687.9
2022-10-01,Banks,224028206716.6
2022-11-01,Banks,225696024634.6
2022-12-01,Banks,219847840003.0
2023-01-01,Banks,289886577141.5
2023-02-01,Banks,289886577141.5
2023-03-01,Banks,313279961162.6
2023-04-01,Banks,285419062526.95
2023-05-01,Banks,285791802894.75
2023-06-01,Banks,338022687886.2
2023-07-01,Banks,470862320595.9
2023-08-01,Banks,449194098041.2
2023-09-01,Banks,462710840402.85
2023-10-01,Banks,427554572508.15
2023-11-01,Banks,438471222556.15
2023-12-01,Banks,455379874416.45
2024-01-01,Banks,431798519651.95
2024-02-01,Banks,443278056465.45
2024-03-01,Banks,487211354808.9
2024-04-01,Banks,546740041503.35
2024-05-01,Banks,528966635285.6
2024-06-01,Banks,528966635285.6
2024-07-01,Banks,471301633058.6
2024-08-01,Banks,471301633058.6
2024-09-01,Banks,545205665484.15
2024-10-01,Banks,616229417876.75
2024-11-01,Banks,645191125906.35
2024-12-01,Banks,805912287235.25
2025-01-01,Banks,855819422651.75
2025-02-01,Banks,828553985331.5
2025-03-01,Banks,802069678094.95
2025-04-01,Banks,756466860194.2
2025-05-01,Banks,808373603104.1
2025-06-01,Banks,872347868498.2
2025-07-01,Banks,962425874235.95
2025-08-01,Banks,1059315910382.85
2025-09-01,Banks,1070504637840.25
2025-10-01,Banks,1099549205826.15
2025-11-01,Banks,1110509398259.35
2025-12-01,Banks,1088258687988.8
2005-01-01,"Banks, Finance & Insurance",68032097743.25
2005-02-01,"Banks, Finance & Insurance",71335487786.5
2005-03-01,"Banks, Finance & Insurance",77369417490.75
2005-04-01,"Banks, Finance & Insurance",81637098598.5
2005-05-01,"Banks, Finance & Insurance",85512982981.75
2005-06-01,"Banks, Finance & Insurance",84510338308.75
2005-07-01,"Banks, Finance & Insurance",86180774883.25
2005-08-01,"Banks, Finance & Insurance",92816044735.75
2005-09-01,"Banks, Finance & Insurance",103785638907.75
2005-10-01,"Banks, Finance & Insurance",112303872147.75
2005-11-01,"Banks, Finance & Insurance",105392509532.25
2005-12-01,"Banks, Finance & Insurance",91673580069.75
2006-01-01,"Banks, Finance & Insurance",100559188970.0
2006-02-01,"Banks, Finance & Insurance",104830534313.0
2006-03-01,"Banks, Finance & Insurance",106320464241.0
2006-04-01,"Banks, Finance & Insurance",105238902261.5
2006-05-01,"Banks, Finance & Insurance",103076834307.5
2006-06-01,"Banks, Finance & Insurance",98362297051.75
2006-07-01,"Banks, Finance & Insurance",100820791441.5
2006-08-01,"Banks, Finance & Insurance",103249511002.25
2006-09-01,"Banks, Finance & Insurance",110197733352.25
2006-10-01,"Banks, Finance & Insurance",118521485539.25
2006-11-01,"Banks, Finance & Insurance",125112380132.5
2006-12-01,"Banks, Finance & Insurance",125110797361.5
2007-01-01,"Banks, Finance & Insurance",138033423881.5
2007-02-01,"Banks, Finance & Insurance",142266870831.75
2007-03-01,"Banks, Finance & Insurance",133479448663.0
2007-04-01,"Banks, Finance & Insurance",137354117890.25
2007-05-01,"Banks, Finance & Insurance",121655801777.0
2007-06-01,"Banks, Finance & Insurance",130848715668.0
2007-07-01,"Banks, Finance & Insurance",128398280457.25
2007-08-01,"Banks, Finance & Insurance",132977430724.25
2007-09-01,"Banks, Finance & Insurance",131795372991.25
2007-10-01,"Banks, Finance & Insurance",139547857365.25
2007-11-01,"Banks, Finance & Insurance",138890487278.75
2007-12-01,"Banks, Finance & Insurance",142158403207.5
2008-01-01,"Banks, Finance & Insurance",135552794769.0
2008-02-01,"Banks, Finance & Insurance",139889383770.75
2008-03-01,"Banks, Finance & Insurance",139617354433.25
2008-04-01,"Banks, Finance & Insurance",140802595176.5
2008-05-01,"Banks, Finance & Insurance",135796942305.75
2008-06-01,"Banks, Finance & Insurance",128184327273.5
2008-07-01,"Banks, Finance & Insurance",130915731361.5
2008-08-01,"Banks, Finance & Insurance",131697319593.25
2008-09-01,"Banks, Finance & Insurance",118826123545.0
2008-10-01,"Banks, Finance & Insurance",100267714609.5
2008-11-01,"Banks, Finance & Insurance",90367134644.0
2008-12-01,"Banks, Finance & Insurance",82049659845.25
2009-01-01,"Banks, Finance & Insurance",105960797180.75
2009-02-01,"Banks, Finance & Insurance",96842259478.75
2009-03-01,"Banks, Finance & Insurance",91989059524.75
2009-04-01,"Banks, Finance & Insurance",102160095884.0
2009-05-01,"Banks, Finance & Insurance",131053913115.75
2009-06-01,"Banks, Finance & Insurance",139694557108.0
2009-07-01,"Banks, Finance & Insurance",147354574428.0
2009-08-01,"Banks, Finance & Insurance",154284155210.75
2009-09-01,"Banks, Finance & Insurance",179062538014.25
2009-10-01,"Banks, Finance & Insurance",185450797854.5
2009-11-01,"Banks, Finance & Insurance",177475127062.75
2009-12-01,"Banks, Finance & Insurance",195325938193.0
2010-01-01,"Banks, Finance & Insurance",204093616872.0
2010-02-01,"Banks, Finance & Insurance",213791066429.25
2010-03-01,"Banks, Finance & Insurance",216587842405.0
2010-04-01,"Banks, Finance & Insurance",254104576597.0
2010-05-01,"Banks, Finance & Insurance",261579433974.25
2010-06-01,"Banks, Finance & Insurance",306675106624.75
2010-07-01,"Banks, Finance & Insurance",330375236468.75
2010-08-01,"Banks, Finance & Insurance",368441078608.6
2010-09-01,"Banks, Finance & Insurance",530064044588.7
2010-10-01,"Banks, Finance & Insurance",507297887135.1
2010-11-01,"Banks, Finance & Insurance",479695695892.2
2010-12-01,"Banks, Finance & Insurance",489116806382.4
2011-01-01,"Banks, Finance & Insurance",527969519465.3
2011-02-01,"Banks, Finance & Insurance",528033683714.4
2011-03-01,"Banks, Finance & Insurance",534693957812.4
2011-04-01,"Banks, Finance & Insurance",531646966868.0
2011-05-01,"Banks, Finance & Insurance",563124003053.6
2011-06-01,"Banks, Finance & Insurance",519376627907.0
2011-07-01,"Banks, Finance & Insurance",567989002610.1
2011-08-01,"Banks, Finance & Insurance",550937169824.0
2011-09-01,"Banks, Finance & Insurance",556259778998.4
2011-10-01,"Banks, Finance & Insurance",510495075143.3
2011-11-01,"Banks, Finance & Insurance",506910453063.2
2011-12-01,"Banks, Finance & Insurance",499180051844.5
2012-01-01,"Banks, Finance & Insurance",476350878242.5
2012-02-01,"Banks, Finance & Insurance",448477728784.5
2012-03-01,"Banks, Finance & Insurance",438845911567.0
2012-04-01,"Banks, Finance & Insurance",438602206055.9
2012-05-01,"Banks, Finance & Insurance",388225063029.7
2012-06-01,"Banks, Finance & Insurance",419219262541.6
2012-07-01,"Banks, Finance & Insurance",417133605648.8
2012-08-01,"Banks, Finance & Insurance",451883474167.8
2012-09-01,"Banks, Finance & Insurance",548136010551.6
2012-10-01,"Banks, Finance & Insurance",493820647062.2
2012-11-01,"Banks, Finance & Insurance",467176328084.8
2012-12-01,"Banks, Finance & Insurance",490560824544.9
2013-01-01,"Banks, Finance & Insurance",513519174356.7
2013-02-01,"Banks, Finance & Insurance",510542028922.0
2013-03-01,"Banks, Finance & Insurance",526647776335.9
2013-04-01,"Banks, Finance & Insurance",538245550178.2
2013-05-01,"Banks, Finance & Insurance",556124446351.5
2013-06-01,"Banks, Finance & Insurance",528573912191.2
2013-07-01,"Banks, Finance & Insurance",522620604243.4
2013-08-01,"Banks, Finance & Insurance",499434508813.9
2013-09-01,"Banks, Finance & Insurance",500516169098.7
2013-10-01,"Banks, Finance & Insurance",510512507446.4
2013-11-01,"Banks, Finance & Insurance",499423355747.8
2013-12-01,"Banks, Finance & Insurance",512792352293.0
2014-01-01,"Banks, Finance & Insurance",566415870939.1
2014-02-01,"Banks, Finance & Insurance",537914831374.1
2014-03-01,"Banks, Finance & Insurance",536542253890.6
2014-04-01,"Banks, Finance & Insurance",562456646215.3
2014-05-01,"Banks, Finance & Insurance",567396913673.1
2014-06-01,"Banks, Finance & Insurance",594480526300.5
2014-07-01,"Banks, Finance & Insurance",629186484023.3
2014-08-01,"Banks, Finance & Insurance",660533163970.3
2014-09-01,"Banks, Finance & Insurance",703950824800.8
2014-10-01,"Banks, Finance & Insurance",745063750682.1
2014-11-01,"Banks, Finance & Insurance",723425244625.7
2014-12-01,"Banks, Finance & Insurance",753694515102.1
2015-01-01,"Banks, Finance & Insurance",739406834566.6
2015-02-01,"Banks, Finance & Insurance",776931968387.9
2015-03-01,"Banks, Finance & Insurance",726248436805.5
2015-04-01,"Banks, Finance & Insurance",773231873338.1
2015-05-01,"Banks, Finance & Insurance",790298395760.1
2015-06-01,"Banks, Finance & Insurance",758492447921.4
2015-07-01,"Banks, Finance & Insurance",790607739830.5
2015-08-01,"Banks, Finance & Insurance",782777512879.8
2015-09-01,"Banks, Finance & Insurance",730931375778.6
2015-10-01,"Banks, Finance & Insurance",733245233066.9
2015-11-01,"Banks, Finance & Insurance",697588622524.5
2015-12-01,"Banks, Finance & Insurance",699843602459.4
2016-01-01,"Banks, Finance & Insurance",638450803484.0
2016-02-01,"Banks, Finance & Insurance",623615165718.5
2016-03-01,"Banks, Finance & Insurance",618251791010.1
2016-04-01,"Banks, Finance & Insurance",669529770612.4
2016-05-01,"Banks, Finance & Insurance",660323334529.1
2016-06-01,"Banks, Finance & Insurance",632556759541.3
2016-07-01,"Banks, Finance & Insurance",650483991234.4
2016-08-01,"Banks, Finance & Insurance",669007106798.5
2016-09-01,"Banks, Finance & Insurance",680819331626.3
2016-10-01,"Banks, Finance & Insurance",664540630639.7
2016-11-01,"Banks, Finance & Insurance",637343431206.1
2016-12-01,"Banks, Finance & Insurance",653858175254.5
2017-01-01,"Banks, Finance & Insurance",633463737703.7
2017-02-01,"Banks, Finance & Insurance",635474440678.3
2017-03-01,"Banks, Finance & Insurance",613272432460.6
2017-04-01,"Banks, Finance & Insurance",670333525040.9
2017-05-01,"Banks, Finance & Insurance",708194449454.7
2017-06-01,"Banks, Finance & Insurance",757108343785.9
2017-07-01,"Banks, Finance & Insurance",758540498627.4
2017-08-01,"Banks, Finance & Insurance",756315345470.0
2017-09-01,"Banks, Finance & Insurance",761626153161.8
2017-10-01,"Banks, Finance & Insurance",815617981292.7
2017-11-01,"Banks, Finance & Insurance",777630503052.7
2017-12-01,"Banks, Finance & Insurance",769974550674.5
2018-01-01,"Banks, Finance & Insurance",780234108250.1
2018-02-01,"Banks, Finance & Insurance",805064671090.5
2018-03-01,"Banks, Finance & Insurance",809698587934.15
2018-04-01,"Banks, Finance & Insurance",817559927096.8
2018-05-01,"Banks, Finance & Insurance",810458606905.7
2018-06-01,"Banks, Finance & Insurance",769382889780.7
2018-07-01,"Banks, Finance & Insurance",765094389724.8
2018-08-01,"Banks, Finance & Insurance",761713855446.3
2018-09-01,"Banks, Finance & Insurance",737713106430.6
2018-10-01,"Banks, Finance & Insurance",745155246446.0
2018-11-01,"Banks, Finance & Insurance",756718598984.3
2018-12-01,"Banks, Finance & Insurance",784242027257.3
2019-01-01,"Banks, Finance & Insurance",779379176151.2
2019-02-01,"Banks, Finance & Insurance",739676018931.7
2019-03-01,"Banks, Finance & Insurance",706744080791.6
2019-04-01,"Banks, Finance & Insurance",696684821334.6
2019-05-01,"Banks, Finance & Insurance",668538528622.3
2019-06-01,"Banks, Finance & Insurance",676217261812.2
2019-07-01,"Banks, Finance & Insurance",788357334986.3
2019-08-01,"Banks, Finance & Insurance",783971908102.9
2019-09-01,"Banks, Finance & Insurance",747199183474.0
2019-10-01,"Banks, Finance & Insurance",730560627005.1
2019-11-01,"Banks, Finance & Insurance",747803148137.6
2019-12-01,"Banks, Finance & Insurance",757326933294.7
2005-01-01,"Beverage, Food & Tobacco",36455513999.5
2005-02-01,"Beverage, Food & Tobacco",38084774354.75
2005-03-01,"Beverage, Food & Tobacco",38034066103.0
2005-04-01,"Beverage, Food & Tobacco",39443093019.0
2005-05-01,"Beverage, Food & Tobacco",41048991950.5
2005-06-01,"Beverage, Food & Tobacco",40847703787.75
2005-07-01,"Beverage, Food & Tobacco",43968910162.5
2005-08-01,"Beverage, Food & Tobacco",45957811497.25
2005-09-01,"Beverage, Food & Tobacco",57805426624.5
2005-10-01,"Beverage, Food & Tobacco",59496342676.5
2005-11-01,"Beverage, Food & Tobacco",53939411616.5
2005-12-01,"Beverage, Food & Tobacco",45416551004.0
2006-01-01,"Beverage, Food & Tobacco",49914694017.0
2006-02-01,"Beverage, Food & Tobacco",52894078894.25
2006-03-01,"Beverage, Food & Tobacco",54281602739.0
2006-04-01,"Beverage, Food & Tobacco",54822468035.0
2006-05-01,"Beverage, Food & Tobacco",52761158549.75
2006-06-01,"Beverage, Food & Tobacco",53927652005.5
2006-07-01,"Beverage, Food & Tobacco",56834506627.75
2006-08-01,"Beverage, Food & Tobacco",57206127705.25
2006-09-01,"Beverage, Food & Tobacco",62614416679.75
2006-10-01,"Beverage, Food & Tobacco",68078629905.5
2006-11-01,"Beverage, Food & Tobacco",78336000336.0
2006-12-01,"Beverage, Food & Tobacco",77048390028.25
2007-01-01,"Beverage, Food & Tobacco",83684029315.75
2007-02-01,"Beverage, Food & Tobacco",84045955302.5
2007-03-01,"Beverage, Food & Tobacco",75330117593.0
2007-04-01,"Beverage, Food & Tobacco",77830405319.0
2007-05-01,"Beverage, Food & Tobacco",69128676793.25
2007-06-01,"Beverage, Food & Tobacco",71433127315.0
2007-07-01,"Beverage, Food & Tobacco",68357663993.25
2007-08-01,"Beverage, Food & Tobacco",72137153545.0
2007-09-01,"Beverage, Food & Tobacco",77213337412.5
2007-10-01,"Beverage, Food & Tobacco",76828884602.5
2007-11-01,"Beverage, Food & Tobacco",74975299577.0
2007-12-01,"Beverage, Food & Tobacco",76608975589.0
2008-01-01,"Beverage, Food & Tobacco",76052735835.75
2008-02-01,"Beverage, Food & Tobacco",80245272097.75
2008-03-01,"Beverage, Food & Tobacco",84042070243.25
2008-04-01,"Beverage, Food & Tobacco",87696099181.5
2008-05-01,"Beverage, Food & Tobacco",87692127121.0
2008-06-01,"Beverage, Food & Tobacco",84334593382.75
2008-07-01,"Beverage, Food & Tobacco",82943346803.5
2008-08-01,"Beverage, Food & Tobacco",83373793281.25
2008-09-01,"Beverage, Food & Tobacco",76465351229.75
2008-10-01,"Beverage, Food & Tobacco",64913776173.75
2008-11-01,"Beverage, Food & Tobacco",61819799500.0
2008-12-01,"Beverage, Food & Tobacco",60395241646.0
2009-01-01,"Beverage, Food & Tobacco",75393126448.5
2009-02-01,"Beverage, Food & Tobacco",74465436340.0
2009-03-01,"Beverage, Food & Tobacco",72529556761.0
2009-04-01,"Beverage, Food & Tobacco",82515168160.0
2009-05-01,"Beverage, Food & Tobacco",92988934052.75
2009-06-01,"Beverage, Food & Tobacco",97619386564.0
2009-07-01,"Beverage, Food & Tobacco",99660889695.75
2009-08-01,"Beverage, Food & Tobacco",114050640578.0
2009-09-01,"Beverage, Food & Tobacco",117236712095.0
2009-10-01,"Beverage, Food & Tobacco",121505504651.0
2009-11-01,"Beverage, Food & Tobacco",117714743025.0
2009-12-01,"Beverage, Food & Tobacco",130713770285.0
2010-01-01,"Beverage, Food & Tobacco",145071834479.0
2010-02-01,"Beverage, Food & Tobacco",156410933556.0
2010-03-01,"Beverage, Food & Tobacco",158753939095.0
2010-04-01,"Beverage, Food & Tobacco",184529864963.25
2010-05-01,"Beverage, Food & Tobacco",195489633672.0
2010-06-01,"Beverage, Food & Tobacco",201513794694.25
2010-07-01,"Beverage, Food & Tobacco",221255902846.0
2010-08-01,"Beverage, Food & Tobacco",237889628138.0
2010-09-01,"Beverage, Food & Tobacco",273543784501.0
2010-10-01,"Beverage, Food & Tobacco",267323274589.5
2010-11-01,"Beverage, Food & Tobacco",263272821745.0
2010-12-01,"Beverage, Food & Tobacco",271238019654.0
2011-01-01,"Beverage, Food & Tobacco",289023613426.6
2011-02-01,"Beverage, Food & Tobacco",294132242554.3
2011-03-01,"Beverage, Food & Tobacco",291907466322.4
2011-04-01,"Beverage, Food & Tobacco",305773739831.8
2011-05-01,"Beverage, Food & Tobacco",304719405165.9
2011-06-01,"Beverage, Food & Tobacco",284673337745.2
2011-07-01,"Beverage, Food & Tobacco",280125607794.3
2011-08-01,"Beverage, Food & Tobacco",296772693207.8
2011-09-01,"Beverage, Food & Tobacco",299232619375.1
2011-10-01,"Beverage, Food & Tobacco",288788469893.0
2011-11-01,"Beverage, Food & Tobacco",290622672157.6
2011-12-01,"Beverage, Food & Tobacco",301815880834.1
2012-01-01,"Beverage, Food & Tobacco",290173477480.5
2012-02-01,"Beverage, Food & Tobacco",285768363999.2
2012-03-01,"Beverage, Food & Tobacco",291549436723.5
2012-04-01,"Beverage, Food & Tobacco",340098172783.7
2012-05-01,"Beverage, Food & Tobacco",317887296078.6
2012-06-01,"Beverage, Food & Tobacco",319780912959.8
2012-07-01,"Beverage, Food & Tobacco",327783746977.0
2012-08-01,"Beverage, Food & Tobacco",328953820137.7
2012-09-01,"Beverage, Food & Tobacco",358322979043.1
2012-10-01,"Beverage, Food & Tobacco",346969606316.8
2012-11-01,"Beverage, Food & Tobacco",354560336356.4
2012-12-01,"Beverage, Food & Tobacco",399720125324.5
2013-01-01,"Beverage, Food & Tobacco",415544603022.0
2013-02-01,"Beverage, Food & Tobacco",390102789156.3
2013-03-01,"Beverage, Food & Tobacco",403044993482.7
2013-04-01,"Beverage, Food & Tobacco",420101166204.3
2013-05-01,"Beverage, Food & Tobacco",490703583599.5
2013-06-01,"Beverage, Food & Tobacco",478940802479.6
2013-07-01,"Beverage, Food & Tobacco",486125527844.1
2013-08-01,"Beverage, Food & Tobacco",510829367090.1
2013-09-01,"Beverage, Food & Tobacco",478121555208.9
2013-10-01,"Beverage, Food & Tobacco",488370945720.9
2013-11-01,"Beverage, Food & Tobacco",475642269492.0
2013-12-01,"Beverage, Food & Tobacco",511662665386.5
2014-01-01,"Beverage, Food & Tobacco",545725452259.7
2014-02-01,"Beverage, Food & Tobacco",491523770369.4
2014-03-01,"Beverage, Food & Tobacco",483751566371.7
2014-04-01,"Beverage, Food & Tobacco",500829460079.0
2014-05-01,"Beverage, Food & Tobacco",487782096041.7
2014-06-01,"Beverage, Food & Tobacco",497556516481.2
2014-07-01,"Beverage, Food & Tobacco",545440297534.3
2014-08-01,"Beverage, Food & Tobacco",566761772396.2
2014-09-01,"Beverage, Food & Tobacco",557082184428.0
2014-10-01,"Beverage, Food & Tobacco",553608803954.6
2014-11-01,"Beverage, Food & Tobacco",539816256606.0
2014-12-01,"Beverage, Food & Tobacco",539879217291.1
2015-01-01,"Beverage, Food & Tobacco",554226651996.3
2015-02-01,"Beverage, Food & Tobacco",569323036436.0
2015-03-01,"Beverage, Food & Tobacco",542750454463.5
2015-04-01,"Beverage, Food & Tobacco",557186420577.0
2015-05-01,"Beverage, Food & Tobacco",561841244212.2
2015-06-01,"Beverage, Food & Tobacco",535157277361.8
2015-07-01,"Beverage, Food & Tobacco",554860359556.5
2015-08-01,"Beverage, Food & Tobacco",565882949947.0
2015-09-01,"Beverage, Food & Tobacco",561942681043.4
2015-10-01,"Beverage, Food & Tobacco",563113784656.2
2015-11-01,"Beverage, Food & Tobacco",570613778025.9
2015-12-01,"Beverage, Food & Tobacco",562956925674.0
2016-01-01,"Beverage, Food & Tobacco",533210086081.5
2016-02-01,"Beverage, Food & Tobacco",531434728548.4
2016-03-01,"Beverage, Food & Tobacco",520977113136.9
2016-04-01,"Beverage, Food & Tobacco",551707352703.7
2016-05-01,"Beverage, Food & Tobacco",574511561293.1
2016-06-01,"Beverage, Food & Tobacco",562059576222.8
2016-07-01,"Beverage, Food & Tobacco",551360253239.4
2016-08-01,"Beverage, Food & Tobacco",553466437457.0
2016-09-01,"Beverage, Food & Tobacco",536533350097.9
2016-10-01,"Beverage, Food & Tobacco",529015425451.0
2016-11-01,"Beverage, Food & Tobacco",547290440682.9
2016-12-01,"Beverage, Food & Tobacco",533894068227.6
2017-01-01,"Beverage, Food & Tobacco",530145135619.3
2017-02-01,"Beverage, Food & Tobacco",536916871957.6
2017-03-01,"Beverage, Food & Tobacco",552941457303.8
2017-04-01,"Beverage, Food & Tobacco",610436756086.8
2017-05-01,"Beverage, Food & Tobacco",593273956818.5
2017-06-01,"Beverage, Food & Tobacco",586380572635.4
2017-07-01,"Beverage, Food & Tobacco",572051839681.5
2017-08-01,"Beverage, Food & Tobacco",550204708871.9
2017-09-01,"Beverage, Food & Tobacco",561254853269.1
2017-10-01,"Beverage, Food & Tobacco",578188477073.5
2017-11-01,"Beverage, Food & Tobacco",572083832090.6
2017-12-01,"Beverage, Food & Tobacco",581570397409.5
2018-01-01,"Beverage, Food & Tobacco",595247267690.9
2018-02-01,"Beverage, Food & Tobacco",640501389018.9
2018-03-01,"Beverage, Food & Tobacco",634994988161.1
2018-04-01,"Beverage, Food & Tobacco",631542630521.1
2018-05-01,"Beverage, Food & Tobacco",642046873201.2
2018-06-01,"Beverage, Food & Tobacco",647414904174.8
2018-07-01,"Beverage, Food & Tobacco",655785549971.7
2018-08-01,"Beverage, Food & Tobacco",678092543034.6
2018-09-01,"Beverage, Food & Tobacco",656862750051.8
2018-10-01,"Beverage, Food & Tobacco",651756572217.9
2018-11-01,"Beverage, Food & Tobacco",651941792991.4
2018-12-01,"Beverage, Food & Tobacco",650715232256.4
2019-01-01,"Beverage, Food & Tobacco",649792710169.8
2019-02-01,"Beverage, Food & Tobacco",637603602210.9
2019-03-01,"Beverage, Food & Tobacco",612497482116.3
2019-04-01,"Beverage, Food & Tobacco",606771621470.7
2019-05-01,"Beverage, Food & Tobacco",592044944212.4
2019-06-01,"Beverage, Food & Tobacco",591200187107.4
2019-07-01,"Beverage, Food & Tobacco",617374673074.4
2019-08-01,"Beverage, Food & Tobacco",596646601784.5
2019-09-01,"Beverage, Food & Tobacco",578451960996.3
2019-10-01,"Beverage, Food & Tobacco",577063171925.1
2019-11-01,"Beverage, Food & Tobacco",611112624764.8
2019-12-01,"Beverage, Food & Tobacco",592734171437.3
2020-01-01,Capital Goods,428960650310.1
2020-02-01,Capital Goods,391208507193.0
2020-03-01,Capital Goods,305363064177.5
2020-05-01,Capital Goods,316051577539.6
2020-06-01,Capital Goods,345469628305.4
2020-07-01,Capital Goods,334113681400.6
2020-08-01,Capital Goods,378860848626.7
2020-09-01,Capital Goods,420109056249.4
2020-10-01,Capital Goods,402264937541.8
2020-11-01,Capital Goods,473454920310.1
2020-12-01,Capital Goods,513109339588.2
2021-01-01,Capital Goods,720255856892.3
2021-02-01,Capital Goods,594766363253.9
2021-03-01,Capital Goods,562693430020.65
2021-04-01,Capital Goods,591016362021.7
2021-05-01,Capital Goods,603489501646.3
2021-06-01,Capital Goods,585248420768.4
2021-07-01,Capital Goods,616550461008.7
2021-08-01,Capital Goods,636579626410.0
2021-09-01,Capital Goods,679075516722.75
2021-10-01,Capital Goods,882432887226.05
2021-11-01,Capital Goods,882432887226.05
2021-12-01,Capital Goods,882432887226.05
2022-01-01,Capital Goods,354324340789.29
2022-02-01,Capital Goods,851318602782.1
2022-03-01,Capital Goods,606561150738.8
2022-04-01,Capital Goods,505706004585.7
2022-05-01,Capital Goods,525198375766.2
2022-06-01,Capital Goods,497860632398.3
2022-07-01,Capital Goods,509836070887.35
2022-08-01,Capital Goods,720413000932.55
2022-09-01,Capital Goods,720413000932.55
2022-10-01,Capital Goods,619130387020.15
2022-11-01,Capital Goods,607780015686.2
2022-12-01,Capital Goods,578526967599.5
2023-01-01,Capital Goods,595180618659.75
2023-02-01,Capital Goods,595180618659.75
2023-03-01,Capital Goods,600496876932.4
2023-04-01,Capital Goods,586447725806.3
2023-05-01,Capital Goods,555586181631.8
2023-06-01,Capital Goods,620956744167.1
2023-07-01,Capital Goods,708754593587.65
2023-08-01,Capital Goods,705398191980.1
2023-09-01,Capital Goods,724407286234.2
2023-10-01,Capital Goods,683695433516.75
2023-11-01,Capital Goods,669156563575.15
2023-12-01,Capital Goods,655078519441.6
2024-01-01,Capital Goods,633945859033.6
2024-02-01,Capital Goods,695380246888.6
2024-03-01,Capital Goods,735960254837.6
2024-04-01,Capital Goods,794882648557.7
2024-05-01,Capital Goods,780958453549.75
2024-06-01,Capital Goods,780958453549.75
2024-07-01,Capital Goods,677250186739.5
2024-08-01,Capital Goods,677250186739.5
2024-09-01,Capital Goods,761063051641.5
2024-10-01,Capital Goods,835792187893.1
2024-11-01,Capital Goods,818231335241.4
2024-12-01,Capital Goods,972791634400.15
2025-01-01,Capital Goods,1053014930287.2
2025-02-01,Capital Goods,988183476828.9
2025-03-01,Capital Goods,953578515443.05
2025-04-01,Capital Goods,980279182485.15
2025-05-01,Capital Goods,1033403883888.05
2025-06-01,Capital Goods,1112587136976.5
2025-07-01,Capital Goods,1208370992599.9
2025-08-01,Capital Goods,1206275484624.75
2025-09-01,Capital Goods,1237538198127.15
2025-10-01,Capital Goods,1258501266156.0
2025-11-01,Capital Goods,1309100073365.25
2025-12-01,Capital Goods,1359157049873.45
2005-01-01,Chemicals & Pharmaceuticals,4770869588.0
2005-02-01,Chemicals & Pharmaceuticals,5013775002.75
2005-03-01,Chemicals & Pharmaceuticals,5412832241.0
2005-04-01,Chemicals & Pharmaceuticals,5504219741.0
2005-05-01,Chemicals & Pharmaceuticals,5399600243.5
2005-06-01,Chemicals & Pharmaceuticals,5204822149.75
2005-07-01,Chemicals & Pharmaceuticals,5413654690.75
2005-08-01,Chemicals & Pharmaceuticals,5517425415.75
2005-09-01,Chemicals & Pharmaceuticals,5540048713.25
2005-10-01,Chemicals & Pharmaceuticals,5543741110.0
2005-11-01,Chemicals & Pharmaceuticals,4886253620.75
2005-12-01,Chemicals & Pharmaceuticals,3915976630.5
2006-01-01,Chemicals & Pharmaceuticals,4403315916.0
2006-02-01,Chemicals & Pharmaceuticals,5574980703.25
2006-03-01,Chemicals & Pharmaceuticals,6209681013.25
2006-04-01,Chemicals & Pharmaceuticals,6014648571.75
2006-05-01,Chemicals & Pharmaceuticals,6025289993.1
2006-06-01,Chemicals & Pharmaceuticals,5484401789.85
2006-07-01,Chemicals & Pharmaceuticals,5488288399.35
2006-08-01,Chemicals & Pharmaceuticals,5417452571.0
2006-09-01,Chemicals & Pharmaceuticals,6064499099.5
2006-10-01,Chemicals & Pharmaceuticals,6022536266.0
2006-11-01,Chemicals & Pharmaceuticals,7703817926.0
2006-12-01,Chemicals & Pharmaceuticals,7382373233.5
2007-01-01,Chemicals & Pharmaceuticals,8222751188.5
2007-02-01,Chemicals & Pharmaceuticals,7878317637.0
2007-03-01,Chemicals & Pharmaceuticals,7036621225.5
2007-04-01,Chemicals & Pharmaceuticals,6522453289.75
2007-05-01,Chemicals & Pharmaceuticals,2738390239.5
2007-06-01,Chemicals & Pharmaceuticals,5767946991.5
2007-07-01,Chemicals & Pharmaceuticals,5532814293.0
2007-08-01,Chemicals & Pharmaceuticals,5573362885.75
2007-09-01,Chemicals & Pharmaceuticals,3190342839.75
2007-10-01,Chemicals & Pharmaceuticals,6327943825.25
2007-11-01,Chemicals & Pharmaceuticals,6106998960.0
2007-12-01,Chemicals & Pharmaceuticals,6160135377.0
2008-01-01,Chemicals & Pharmaceuticals,5835767197.25
2008-02-01,Chemicals & Pharmaceuticals,6428568311.5
2008-03-01,Chemicals & Pharmaceuticals,6549103463.75
2008-04-01,Chemicals & Pharmaceuticals,6832678439.0
2008-05-01,Chemicals & Pharmaceuticals,6903885007.0
2008-06-01,Chemicals & Pharmaceuticals,6533576995.0
2008-07-01,Chemicals & Pharmaceuticals,6673481068.25
2008-08-01,Chemicals & Pharmaceuticals,7986362906.5
2008-09-01,Chemicals & Pharmaceuticals,7149790994.0
2008-10-01,Chemicals & Pharmaceuticals,6198938910.0
2008-11-01,Chemicals & Pharmaceuticals,5547269380.0
2008-12-01,Chemicals & Pharmaceuticals,5152755747.5
2009-01-01,Chemicals & Pharmaceuticals,6135578355.0
2009-02-01,Chemicals & Pharmaceuticals,5872903605.0
2009-03-01,Chemicals & Pharmaceuticals,5720863877.5
2009-04-01,Chemicals & Pharmaceuticals,6319070065.0
2009-05-01,Chemicals & Pharmaceuticals,7592587451.05
2009-06-01,Chemicals & Pharmaceuticals,8544980530.9
2009-07-01,Chemicals & Pharmaceuticals,8296597069.75
2009-08-01,Chemicals & Pharmaceuticals,8577344303.4
2009-09-01,Chemicals & Pharmaceuticals,11016320204.95
2009-10-01,Chemicals & Pharmaceuticals,11356214852.75
2009-11-01,Chemicals & Pharmaceuticals,11165794129.0
2009-12-01,Chemicals & Pharmaceuticals,13026731309.0
2010-01-01,Chemicals & Pharmaceuticals,14587908962.6
2010-02-01,Chemicals & Pharmaceuticals,14843869476.8
2010-03-01,Chemicals & Pharmaceuticals,14463554304.0
2010-04-01,Chemicals & Pharmaceuticals,16244556567.7
2010-05-01,Chemicals & Pharmaceuticals,16183075180.0
2010-06-01,Chemicals & Pharmaceuticals,16696938803.75
2010-07-01,Chemicals & Pharmaceuticals,18479466159.75
2010-08-01,Chemicals & Pharmaceuticals,20288268675.4
2010-09-01,Chemicals & Pharmaceuticals,27162079895.7
2010-10-01,Chemicals & Pharmaceuticals,24696685885.5
2010-11-01,Chemicals & Pharmaceuticals,23549059883.0
2010-12-01,Chemicals & Pharmaceuticals,25321260020.5
2011-01-01,Chemicals & Pharmaceuticals,30298548003.1
2011-02-01,Chemicals & Pharmaceuticals,35129285113.6
2011-03-01,Chemicals & Pharmaceuticals,31887159264.1
2011-04-01,Chemicals & Pharmaceuticals,35808015761.7
2011-05-01,Chemicals & Pharmaceuticals,36562273542.1
2011-06-01,Chemicals & Pharmaceuticals,32673602563.9
2011-07-01,Chemicals & Pharmaceuticals,33230464478.0
2011-08-01,Chemicals & Pharmaceuticals,30002023022.3
2011-09-01,Chemicals & Pharmaceuticals,29890467638.1
2011-10-01,Chemicals & Pharmaceuticals,26698566764.8
2011-11-01,Chemicals & Pharmaceuticals,25296751663.1
2011-12-01,Chemicals & Pharmaceuticals,25599840861.2
2012-01-01,Chemicals & Pharmaceuticals,27745056917.3
2012-02-01,Chemicals & Pharmaceuticals,25596733053.0
2012-03-01,Chemicals & Pharmaceuticals,22768043769.4
2012-04-01,Chemicals & Pharmaceuticals,22160257530.0
2012-05-01,Chemicals & Pharmaceuticals,19367847396.4
2012-06-01,Chemicals & Pharmaceuticals,19363764307.0
2012-07-01,Chemicals & Pharmaceuticals,18110843382.2
2012-08-01,Chemicals & Pharmaceuticals,18687823263.2
2012-09-01,Chemicals & Pharmaceuticals,22682391980.0
2012-10-01,Chemicals & Pharmaceuticals,19892556680.7
2012-11-01,Chemicals & Pharmaceuticals,17994868072.5
2012-12-01,Chemicals & Pharmaceuticals,18822649127.3
2013-01-01,Chemicals & Pharmaceuticals,19327412373.9
2013-02-01,Chemicals & Pharmaceuticals,17861008543.5
2013-03-01,Chemicals & Pharmaceuticals,17497844752.8
2013-04-01,Chemicals & Pharmaceuticals,18058206436.2
2013-05-01,Chemicals & Pharmaceuticals,21096308135.0
2013-06-01,Chemicals & Pharmaceuticals,19902202802.8
2013-07-01,Chemicals & Pharmaceuticals,18411020682.7
2013-08-01,Chemicals & Pharmaceuticals,17586511885.1
2013-09-01,Chemicals & Pharmaceuticals,17023576483.8
2013-10-01,Chemicals & Pharmaceuticals,17715588464.2
2013-11-01,Chemicals & Pharmaceuticals,16542240627.3
2013-12-01,Chemicals & Pharmaceuticals,16474660609.6
2014-01-01,Chemicals & Pharmaceuticals,16683434236.2
2014-02-01,Chemicals & Pharmaceuticals,15300718732.3
2014-03-01,Chemicals & Pharmaceuticals,15485709256.8
2014-04-01,Chemicals & Pharmaceuticals,16450964366.7
2014-05-01,Chemicals & Pharmaceuticals,16142077254.5
2014-06-01,Chemicals & Pharmaceuticals,16643070685.5
2014-07-01,Chemicals & Pharmaceuticals,18540173260.8
2014-08-01,Chemicals & Pharmaceuticals,18750053625.2
2014-09-01,Chemicals & Pharmaceuticals,20374640056.4
2014-10-01,Chemicals & Pharmaceuticals,19785817386.0
2014-11-01,Chemicals & Pharmaceuticals,19175492149.9
2014-12-01,Chemicals & Pharmaceuticals,19178039189.4
2015-01-01,Chemicals & Pharmaceuticals,19158019830.9
2015-02-01,Chemicals & Pharmaceuticals,19336444102.1
2015-03-01,Chemicals & Pharmaceuticals,18056523275.4
2015-04-01,Chemicals & Pharmaceuticals,18873651051.0
2015-05-01,Chemicals & Pharmaceuticals,18973742894.5
2015-06-01,Chemicals & Pharmaceuticals,18868116491.2
2015-07-01,Chemicals & Pharmaceuticals,20960091034.0
2015-08-01,Chemicals & Pharmaceuticals,21287851636.2
2015-09-01,Chemicals & Pharmaceuticals,20745731135.0
2015-10-01,Chemicals & Pharmaceuticals,20524700920.6
2015-11-01,Chemicals & Pharmaceuticals,19641640694.4
2015-12-01,Chemicals & Pharmaceuticals,19682363522.9
2016-01-01,Chemicals & Pharmaceuticals,18364364335.7
2016-02-01,Chemicals & Pharmaceuticals,18878352387.2
2016-03-01,Chemicals & Pharmaceuticals,18559976108.0
2016-04-01,Chemicals & Pharmaceuticals,19212876002.9
2016-05-01,Chemicals & Pharmaceuticals,18878020979.0
2016-06-01,Chemicals & Pharmaceuticals,19123991888.8
2016-07-01,Chemicals & Pharmaceuticals,18490808892.0
2016-08-01,Chemicals & Pharmaceuticals,18812765329.5
2016-09-01,Chemicals & Pharmaceuticals,18960033643.5
2016-10-01,Chemicals & Pharmaceuticals,18480910153.4
2016-11-01,Chemicals & Pharmaceuticals,17251768525.4
2016-12-01,Chemicals & Pharmaceuticals,17181540033.0
2017-01-01,Chemicals & Pharmaceuticals,16979984815.7
2017-02-01,Chemicals & Pharmaceuticals,16476556452.5
2017-03-01,Chemicals & Pharmaceuticals,15925694945.8
2017-04-01,Chemicals & Pharmaceuticals,17213856009.0
2017-05-01,Chemicals & Pharmaceuticals,17282614836.6
2017-06-01,Chemicals & Pharmaceuticals,18670234917.4
2017-07-01,Chemicals & Pharmaceuticals,18537301378.5
2017-08-01,Chemicals & Pharmaceuticals,17083181101.5
2017-09-01,Chemicals & Pharmaceuticals,18640602054.5
2017-10-01,Chemicals & Pharmaceuticals,18265124649.3
2017-11-01,Chemicals & Pharmaceuticals,17264737791.8
2017-12-01,Chemicals & Pharmaceuticals,17496313747.7
2018-01-01,Chemicals & Pharmaceuticals,17147874253.2
2018-02-01,Chemicals & Pharmaceuticals,16937785368.0
2018-03-01,Chemicals & Pharmaceuticals,16949060699.4
2018-04-01,Chemicals & Pharmaceuticals,17289542106.9
2018-05-01,Chemicals & Pharmaceuticals,16678694543.4
2018-06-01,Chemicals & Pharmaceuticals,16137806083.4
2018-07-01,Chemicals & Pharmaceuticals,15717789880.9
2018-08-01,Chemicals & Pharmaceuticals,15578066447.6
2018-09-01,Chemicals & Pharmaceuticals,14849484514.9
2018-10-01,Chemicals & Pharmaceuticals,15494433788.0
2018-11-01,Chemicals & Pharmaceuticals,15468871203.0
2018-12-01,Chemicals & Pharmaceuticals,15476338396.0
2019-01-01,Chemicals & Pharmaceuticals,15761409356.0
2019-02-01,Chemicals & Pharmaceuticals,14831454091.5
2019-03-01,Chemicals & Pharmaceuticals,14668847813.0
2019-04-01,Chemicals & Pharmaceuticals,14959911357.5
2019-05-01,Chemicals & Pharmaceuticals,15642478515.8
2019-06-01,Chemicals & Pharmaceuticals,16502285858.4
2019-07-01,Chemicals & Pharmaceuticals,17805375378.5
2019-08-01,Chemicals & Pharmaceuticals,18178462091.0
2019-09-01,Chemicals & Pharmaceuticals,18241556975.3
2019-10-01,Chemicals & Pharmaceuticals,19445385214.7
2019-11-01,Chemicals & Pharmaceuticals,19893724627.2
2019-12-01,Chemicals & Pharmaceuticals,19813553756.0
2020-01-01,Commercial & Professional Services,3199361450.0
2020-02-01,Commercial & Professional Services,2902632051.0
2020-03-01,Commercial & Professional Services,2607816397.5
2020-05-01,Commercial & Professional Services,3130367704.5
2020-06-01,Commercial & Professional Services,2924947055.5
2020-07-01,Commercial & Professional Services,2997597154.0
2020-08-01,Commercial & Professional Services,3066370490.0
2020-09-01,Commercial & Professional Services,3249243733.7
2020-10-01,Commercial & Professional Services,3178158028.7
2020-11-01,Commercial & Professional Services,3677559593.8
2020-12-01,Commercial & Professional Services,3652025872.4
2021-01-01,Commercial & Professional Services,3756539048.0
2021-02-01,Commercial & Professional Services,3365625829.0
2021-03-01,Commercial & Professional Services,3002165667.25
2021-04-01,Commercial & Professional Services,2986670000.85
2021-05-01,Commercial & Professional Services,3030020010.25
2021-06-01,Commercial & Professional Services,3282108458.65
2021-07-01,Commercial & Professional Services,4103735013.4
2021-08-01,Commercial & Professional Services,4578218746.5
2021-09-01,Commercial & Professional Services,6175052421.25
2021-10-01,Commercial & Professional Services,7154406179.3
2021-11-01,Commercial & Professional Services,7154406179.3
2021-12-01,Commercial & Professional Services,7154406179.3
2022-01-01,Commercial & Professional Services,2075350974.93
2022-02-01,Commercial & Professional Services,5470005576.7
2022-03-01,Commercial & Professional Services,3784768991.95
2022-04-01,Commercial & Professional Services,3656370907.65
2022-05-01,Commercial & Professional Services,4013474487.6
2022-06-01,Commercial & Professional Services,4207879816.6
2022-07-01,Commercial & Professional Services,3894242111.1
2022-08-01,Commercial & Professional Services,9355042712.85
2022-09-01,Commercial & Professional Services,9355042712.85
2022-10-01,Commercial & Professional Services,7645658840.95
2022-11-01,Commercial & Professional Services,7223306133.5
2022-12-01,Commercial & Professional Services,6310217498.8
2023-01-01,Commercial & Professional Services,6040645804.3
2023-02-01,Commercial & Professional Services,6040645804.3
2023-03-01,Commercial & Professional Services,5831077246.9
2023-04-01,Commercial & Professional Services,5699714855.1
2023-05-01,Commercial & Professional Services,5202129955.1
2023-06-01,Commercial & Professional Services,5889244326.6
2023-07-01,Commercial & Professional Services,6335919312.6
2023-08-01,Commercial & Professional Services,6252836951.0
2023-09-01,Commercial & Professional Services,6259099583.0
2023-10-01,Commercial & Professional Services,5676784611.35
2023-11-01,Commercial & Professional Services,5686407407.9
2023-12-01,Commercial & Professional Services,5479411902.7
2024-01-01,Commercial & Professional Services,5353705156.4
2024-02-01,Commercial & Professional Services,5229799981.15
2024-03-01,Commercial & Professional Services,5533198093.25
2024-04-01,Commercial & Professional Services,5878098777.05
2024-05-01,Commercial & Professional Services,5569775680.0
2024-06-01,Commercial & Professional Services,5569775680.0
2024-07-01,Commercial & Professional Services,5175737942.6
2024-08-01,Commercial & Professional Services,5175737942.6
2024-09-01,Commercial & Professional Services,5302624548.95
2024-10-01,Commercial & Professional Services,5338324366.65
2024-11-01,Commercial & Professional Services,5581958330.85
2024-12-01,Commercial & Professional Services,6006656072.1
2025-01-01,Commercial & Professional Services,7376438374.6
2025-02-01,Commercial & Professional Services,7017999540.0
2025-03-01,Commercial & Professional Services,6930929530.8
2025-04-01,Commercial & Professional Services,7517411783.9
2025-05-01,Commercial & Professional Services,7137930855.5
2025-06-01,Commercial & Professional Services,7109641156.5
2025-07-01,Commercial & Professional Services,7628262497.45
2025-08-01,Commercial & Professional Services,7265361825.4
2025-09-01,Commercial & Professional Services,7411159768.0
2025-10-01,Commercial & Professional Services,8636950193.9
2025-11-01,Commercial & Professional Services,8310740601.4
2025-12-01,Commercial & Professional Services,7909983668.0
2005-01-01,Construction & Engineering,1783605486.25
2005-02-01,Construction & Engineering,1984414654.5
2005-03-01,Construction & Engineering,2352261918.5
2005-04-01,Construction & Engineering,2242689632.75
2005-05-01,Construction & Engineering,2234794239.0
2005-06-01,Construction & Engineering,2021398495.25
2005-07-01,Construction & Engineering,2017490980.5
2005-08-01,Construction & Engineering,1948513712.0
2005-09-01,Construction & Engineering,1995557371.5
2005-10-01,Construction & Engineering,2091190768.0
2005-11-01,Construction & Engineering,1797554462.5
2005-12-01,Construction & Engineering,1490737760.0
2006-01-01,Construction & Engineering,1648752010.0
2006-02-01,Construction & Engineering,1678690807.5
2006-03-01,Construction & Engineering,1795808472.25
2006-04-01,Construction & Engineering,1683719583.0
2006-05-01,Construction & Engineering,1691732082.5
2006-06-01,Construction & Engineering,1598900348.5
2006-07-01,Construction & Engineering,1767775220.25
2006-08-01,Construction & Engineering,1904208230.0
2006-09-01,Construction & Engineering,2037340652.75
2006-10-01,Construction & Engineering,2066647591.25
2006-11-01,Construction & Engineering,2657033099.5
2006-12-01,Construction & Engineering,2526676773.5
2007-01-01,Construction & Engineering,3046531541.75
2007-02-01,Construction & Engineering,2994718455.25
2007-03-01,Construction & Engineering,3052755445.0
2007-04-01,Construction & Engineering,3108017864.25
2007-05-01,Construction & Engineering,5550715616.75
2007-06-01,Construction & Engineering,2953289805.0
2007-07-01,Construction & Engineering,2885900136.5
2007-08-01,Construction & Engineering,3100229268.0
2007-09-01,Construction & Engineering,5961799656.25
2007-10-01,Construction & Engineering,3293820289.5
2007-11-01,Construction & Engineering,3983429235.25
2007-12-01,Construction & Engineering,3944692629.0
2008-01-01,Construction & Engineering,4275230663.5
2008-02-01,Construction & Engineering,4924224511.25
2008-03-01,Construction & Engineering,4471553952.25
2008-04-01,Construction & Engineering,4860004677.0
2008-05-01,Construction & Engineering,4916987963.25
2008-06-01,Construction & Engineering,4752371643.75
2008-07-01,Construction & Engineering,4698299751.0
2008-08-01,Construction & Engineering,5273556567.25
2008-09-01,Construction & Engineering,5346027867.75
2008-10-01,Construction & Engineering,4689160426.75
2008-11-01,Construction & Engineering,4373375322.75
2008-12-01,Construction & Engineering,3855597290.25
2009-01-01,Construction & Engineering,4733437677.0
2009-02-01,Construction & Engineering,4871291836.25
2009-03-01,Construction & Engineering,4391861589.75
2009-04-01,Construction & Engineering,5182178211.0
2009-05-01,Construction & Engineering,7109649536.25
2009-06-01,Construction & Engineering,7737220587.5
2009-07-01,Construction & Engineering,8411347208.0
2009-08-01,Construction & Engineering,9818631697.75
2009-09-01,Construction & Engineering,11663910041.5
2009-10-01,Construction & Engineering,12791295266.75
2009-11-01,Construction & Engineering,13708499259.0
2009-12-01,Construction & Engineering,17618387393.25
2010-01-01,Construction & Engineering,22674621588.25
2010-02-01,Construction & Engineering,24236344051.0
2010-03-01,Construction & Engineering,21578050949.0
2010-04-01,Construction & Engineering,22553157492.5
2010-05-01,Construction & Engineering,21117474636.25
2010-06-01,Construction & Engineering,21645441392.0
2010-07-01,Construction & Engineering,21450383750.0
2010-08-01,Construction & Engineering,19802455470.1
2010-09-01,Construction & Engineering,21894198377.0
2010-10-01,Construction & Engineering,22650129362.7
2010-11-01,Construction & Engineering,21856883168.6
2010-12-01,Construction & Engineering,28233928581.0
2011-01-01,Construction & Engineering,19711367812.0
2011-02-01,Construction & Engineering,20364750742.8
2011-03-01,Construction & Engineering,18980192452.1
2011-04-01,Construction & Engineering,28695391130.0
2011-05-01,Construction & Engineering,27287908370.8
2011-06-01,Construction & Engineering,24142572371.2
2011-07-01,Construction & Engineering,25124307022.0
2011-08-01,Construction & Engineering,23695489044.0
2011-09-01,Construction & Engineering,24126855165.3
2011-10-01,Construction & Engineering,22049218001.0
2011-11-01,Construction & Engineering,21855099995.0
2011-12-01,Construction & Engineering,21718086730.8
2012-01-01,Construction & Engineering,20979966685.6
2012-02-01,Construction & Engineering,20611657488.6
2012-03-01,Construction & Engineering,46481766740.0
2012-04-01,Construction & Engineering,40379932673.6
2012-05-01,Construction & Engineering,33682777437.6
2012-06-01,Construction & Engineering,35139409780.0
2012-07-01,Construction & Engineering,33951916914.0
2012-08-01,Construction & Engineering,33894932404.8
2012-09-01,Construction & Engineering,42847114922.0
2012-10-01,Construction & Engineering,38918991062.4
2012-11-01,Construction & Engineering,36022238424.4
2012-12-01,Construction & Engineering,37594298900.0
2013-01-01,Construction & Engineering,39915734578.0
2013-02-01,Construction & Engineering,39777052460.0
2013-03-01,Construction & Engineering,38222745558.4
2013-04-01,Construction & Engineering,38781858040.4
2013-05-01,Construction & Engineering,42255561340.0
2013-06-01,Construction & Engineering,39952714974.0
2013-07-01,Construction & Engineering,39735038206.0
2013-08-01,Construction & Engineering,38160027032.8
2013-09-01,Construction & Engineering,37540927972.8
2013-10-01,Construction & Engineering,40487499749.6
2013-11-01,Construction & Engineering,38719730362.0
2013-12-01,Construction & Engineering,39689880470.4
2014-01-01,Construction & Engineering,41192384563.6
2014-02-01,Construction & Engineering,39043398362.4
2014-03-01,Construction & Engineering,38765903936.8
2014-04-01,Construction & Engineering,41035097230.0
2014-05-01,Construction & Engineering,40592247805.2
2014-06-01,Construction & Engineering,42810341888.0
2014-07-01,Construction & Engineering,44298336125.2
2014-08-01,Construction & Engineering,47494538236.0
2014-09-01,Construction & Engineering,50805359984.8
2014-10-01,Construction & Engineering,52886847160.0
2014-11-01,Construction & Engineering,58564966810.0
2014-12-01,Construction & Engineering,56515920682.4
2015-01-01,Construction & Engineering,48459046344.0
2015-02-01,Construction & Engineering,50172811450.4
2015-03-01,Construction & Engineering,39231499077.2
2015-04-01,Construction & Engineering,44177596798.4
2015-05-01,Construction & Engineering,42390140173.2
2015-06-01,Construction & Engineering,45190679621.2
2015-07-01,Construction & Engineering,49772577405.6
2015-08-01,Construction & Engineering,47851047892.0
2015-09-01,Construction & Engineering,46313928972.0
2015-10-01,Construction & Engineering,44483445152.0
2015-11-01,Construction & Engineering,43635524862.0
2015-12-01,Construction & Engineering,42793579974.0
2016-01-01,Construction & Engineering,39616365425.2
2016-02-01,Construction & Engineering,36120642641.6
2016-03-01,Construction & Engineering,34390613698.8
2016-04-01,Construction & Engineering,38452853786.0
2016-05-01,Construction & Engineering,36825907774.4
2016-06-01,Construction & Engineering,35148695914.0
2016-07-01,Construction & Engineering,36630699737.6
2016-08-01,Construction & Engineering,40776148068.0
2016-09-01,Construction & Engineering,41777820904.8
2016-10-01,Construction & Engineering,39282618371.2
2016-11-01,Construction & Engineering,36539470330.4
2016-12-01,Construction & Engineering,37555661714.4
2017-01-01,Construction & Engineering,36756836107.6
2017-02-01,Construction & Engineering,36598661984.0
2017-03-01,Construction & Engineering,35284943104.0
2017-04-01,Construction & Engineering,38265115806.0
2017-05-01,Construction & Engineering,39459191927.2
2017-06-01,Construction & Engineering,38892779086.4
2017-07-01,Construction & Engineering,40939512452.0
2017-08-01,Construction & Engineering,38613416565.2
2017-09-01,Construction & Engineering,38804665503.2
2017-10-01,Construction & Engineering,37609830827.6
2017-11-01,Construction & Engineering,34499408580.0
2017-12-01,Construction & Engineering,34584173594.8
2018-01-01,Construction & Engineering,34011017700.4
2018-02-01,Construction & Engineering,32126877243.6
2018-03-01,Construction & Engineering,30777065836.0
2018-04-01,Construction & Engineering,30047219030.4
2018-05-01,Construction & Engineering,27127815528.0
2018-06-01,Construction & Engineering,23400620228.8
2018-07-01,Construction & Engineering,23953374443.6
2018-08-01,Construction & Engineering,21482594776.8
2018-09-01,Construction & Engineering,19467493994.4
2018-10-01,Construction & Engineering,22060959585.2
2018-11-01,Construction & Engineering,22772205112.4
2018-12-01,Construction & Engineering,20431479422.4
2019-01-01,Construction & Engineering,21537368396.0
2019-02-01,Construction & Engineering,20629565902.4
2019-03-01,Construction & Engineering,19697706978.4
2019-04-01,Construction & Engineering,19429989130.4
2019-05-01,Construction & Engineering,18433527712.8
2019-06-01,Construction & Engineering,20622130206.4
2019-07-01,Construction & Engineering,25591161769.2
2019-08-01,Construction & Engineering,26165424826.4
2019-09-01,Construction & Engineering,24577918592.4
2019-10-01,Construction & Engineering,28827123579.6
2019-11-01,Construction & Engineering,30000155142.4
2019-12-01,Construction & Engineering,29156437294.4
2020-01-01,Consumer Durables & Apparel,45051863489.4
2020-02-01,Consumer Durables & Apparel,39404174390.7
2020-03-01,Consumer Durables & Apparel,27759467810.2
2020-05-01,Consumer Durables & Apparel,31334420680.2
2020-06-01,Consumer Durables & Apparel,36640492049.9
2020-07-01,Consumer Durables & Apparel,37559497518.2
2020-08-01,Consumer Durables & Apparel,37951568442.6
2020-09-01,Consumer Durables & Apparel,48378598194.3
2020-10-01,Consumer Durables & Apparel,42398334435.5
2020-11-01,Consumer Durables & Apparel,49377002100.0
2020-12-01,Consumer Durables & Apparel,53206650431.4
2021-01-01,Consumer Durables & Apparel,61872111157.9
2021-02-01,Consumer Durables & Apparel,54014474343.5
2021-03-01,Consumer Durables & Apparel,51870144833.4
2021-04-01,Consumer Durables & Apparel,55152289479.1
2021-05-01,Consumer Durables & Apparel,56437647477.7
2021-06-01,Consumer Durables & Apparel,55545832763.8
2021-07-01,Consumer Durables & Apparel,66325314987.6
2021-08-01,Consumer Durables & Apparel,88701619578.7
2021-09-01,Consumer Durables & Apparel,86341773974.2
2021-10-01,Consumer Durables & Apparel,93212124942.3
2021-11-01,Consumer Durables & Apparel,93212124942.3
2021-12-01,Consumer Durables & Apparel,93212124942.3
2022-01-01,Consumer Durables & Apparel,32512174686.39
2022-02-01,Consumer Durables & Apparel,102866055454.0
2022-03-01,Consumer Durables & Apparel,84581738017.5
2022-04-01,Consumer Durables & Apparel,81276001326.8
2022-05-01,Consumer Durables & Apparel,83821544991.4
2022-06-01,Consumer Durables & Apparel,77416254847.0
2022-07-01,Consumer Durables & Apparel,88598740072.9
2022-08-01,Consumer Durables & Apparel,97209022369.6
2022-09-01,Consumer Durables & Apparel,97209022369.6
2022-10-01,Consumer Durables & Apparel,81856744210.8
2022-11-01,Consumer Durables & Apparel,77138038034.9
2022-12-01,Consumer Durables & Apparel,74113512306.4
2023-01-01,Consumer Durables & Apparel,78289913343.0
2023-02-01,Consumer Durables & Apparel,78289913343.0
2023-03-01,Consumer Durables & Apparel,73177726513.6
2023-04-01,Consumer Durables & Apparel,74866828253.7
2023-05-01,Consumer Durables & Apparel,68401990619.3
2023-06-01,Consumer Durables & Apparel,72079657505.7
2023-07-01,Consumer Durables & Apparel,82869738699.6
2023-08-01,Consumer Durables & Apparel,83359639899.2
2023-09-01,Consumer Durables & Apparel,85022520049.4
2023-10-01,Consumer Durables & Apparel,78662576802.9
2023-11-01,Consumer Durables & Apparel,77275957759.9
2023-12-01,Consumer Durables & Apparel,76920203459.7
2024-01-01,Consumer Durables & Apparel,76081005359.5
2024-02-01,Consumer Durables & Apparel,77812980256.9
2024-03-01,Consumer Durables & Apparel,79716836504.7
2024-04-01,Consumer Durables & Apparel,86104602480.1
2024-05-01,Consumer Durables & Apparel,90673393150.1
2024-06-01,Consumer Durables & Apparel,90673393150.1
2024-07-01,Consumer Durables & Apparel,87574842992.8
2024-08-01,Consumer Durables & Apparel,87574842992.8
2024-09-01,Consumer Durables & Apparel,95227100729.6
2024-10-01,Consumer Durables & Apparel,99014169193.6
2024-11-01,Consumer Durables & Apparel,102783430486.2
2024-12-01,Consumer Durables & Apparel,119496432263.1
2025-01-01,Consumer Durables & Apparel,147605941251.4
2025-02-01,Consumer Durables & Apparel,134654523298.8
2025-03-01,Consumer Durables & Apparel,125014263016.9
2025-04-01,Consumer Durables & Apparel,117979982585.3
2025-05-01,Consumer Durables & Apparel,121861961910.2
2025-06-01,Consumer Durables & Apparel,118833030444.2
2025-07-01,Consumer Durables & Apparel,129203984779.1
2025-08-01,Consumer Durables & Apparel,150089916526.1
2025-09-01,Consumer Durables & Apparel,147178064968.6
2025-10-01,Consumer Durables & Apparel,169903266628.4
2025-11-01,Consumer Durables & Apparel,161345821637.3
2025-12-01,Consumer Durables & Apparel,154240362657.9
2020-01-01,Consumer Services,298198531059.4
2020-02-01,Consumer Services,287903481301.5
2020-03-01,Consumer Services,271642903374.9
2020-05-01,Consumer Services,273900597297.7
2020-06-01,Consumer Services,280308810153.3
2020-07-01,Consumer Services,282522056565.0
2020-08-01,Consumer Services,90766847364.0
2020-09-01,Consumer Services,96930846291.4
2020-10-01,Consumer Services,90155032607.1
2020-11-01,Consumer Services,104781975912.9
2020-12-01,Consumer Services,119727113181.4
2021-01-01,Consumer Services,119205816352.5
2021-02-01,Consumer Services,108294596534.2
2021-03-01,Consumer Services,103521321267.0
2021-04-01,Consumer Services,100517782415.5
2021-05-01,Consumer Services,100329378770.3
2021-06-01,Consumer Services,103092986413.3
2021-07-01,Consumer Services,124402604837.7
2021-08-01,Consumer Services,118767148284.0
2021-09-01,Consumer Services,150497948585.7
2021-10-01,Consumer Services,164578316638.6
2021-11-01,Consumer Services,164578316638.6
2021-12-01,Consumer Services,164578316638.6
2022-01-01,Consumer Services,36996523967.16
2022-02-01,Consumer Services,156285196766.8
2022-03-01,Consumer Services,125756026954.8
2022-04-01,Consumer Services,108941057058.6
2022-05-01,Consumer Services,111390159427.6
2022-06-01,Consumer Services,102542740414.8
2022-07-01,Consumer Services,115068130223.4
2022-08-01,Consumer Services,186562328454.7
2022-09-01,Consumer Services,186562328454.7
2022-10-01,Consumer Services,168507635790.9
2022-11-01,Consumer Services,168177084635.5
2022-12-01,Consumer Services,162842101370.7
2023-01-01,Consumer Services,163265880480.0
2023-02-01,Consumer Services,163265880480.0
2023-03-01,Consumer Services,176693163131.8
2023-04-01,Consumer Services,169564773735.0
2023-05-01,Consumer Services,157270621511.0
2023-06-01,Consumer Services,156147312490.7
2023-07-01,Consumer Services,188977677391.4
2023-08-01,Consumer Services,204461494271.3
2023-09-01,Consumer Services,237884709881.4
2023-10-01,Consumer Services,213831411511.0
2023-11-01,Consumer Services,212718586426.4
2023-12-01,Consumer Services,207679603720.2
2024-01-01,Consumer Services,205564561135.3
2024-02-01,Consumer Services,204177700931.9
2024-03-01,Consumer Services,221771866802.9
2024-04-01,Consumer Services,242500589359.4
2024-05-01,Consumer Services,223302543385.5
2024-06-01,Consumer Services,223302543385.5
2024-07-01,Consumer Services,206432432616.3
2024-08-01,Consumer Services,206432432616.3
2024-09-01,Consumer Services,227627017943.2
2024-10-01,Consumer Services,219201907677.3
2024-11-01,Consumer Services,248951202667.7
2024-12-01,Consumer Services,280594857548.3
2025-01-01,Consumer Services,292715406410.8
2025-02-01,Consumer Services,265347079116.9
2025-03-01,Consumer Services,252016367070.8
2025-04-01,Consumer Services,258345981884.8
2025-05-01,Consumer Services,259661133707.6
2025-06-01,Consumer Services,269572248656.1
2025-07-01,Consumer Services,294233065486.4
2025-08-01,Consumer Services,324251149501.0
2025-09-01,Consumer Services,358901953744.5
2025-10-01,Consumer Services,350488321620.7
2025-11-01,Consumer Services,337327652217.9
2025-12-01,Consumer Services,320271238681.1
2008-01-01,Diversified,143265967757.5
2008-02-01,Diversified,148977846132.0
2008-03-01,Diversified,151933523531.0
2008-04-01,Diversified,154836821473.0
2008-05-01,Diversified,155817918529.0
2008-06-01,Diversified,149853582867.75
2008-07-01,Diversified,142017542293.75
2008-08-01,Diversified,141704205513.0
2008-09-01,Diversified,125743257908.0
2008-10-01,Diversified,99926399332.5
2008-11-01,Diversified,90333470276.0
2008-12-01,Diversified,76506195770.5
2020-01-01,Diversified Financials,308254542071.4
2020-02-01,Diversified Financials,272723428894.3
2020-03-01,Diversified Financials,219231009301.7
2020-05-01,Diversified Financials,253984870173.9
2020-06-01,Diversified Financials,267054002615.8
2020-07-01,Diversified Financials,271785570124.6
2020-08-01,Diversified Financials,275408814063.4
2020-09-01,Diversified Financials,309567102226.4
2020-10-01,Diversified Financials,289476548757.5
2020-11-01,Diversified Financials,302053499837.7
2020-12-01,Diversified Financials,318641860529.2
2021-01-01,Diversified Financials,605867329749.25
2021-02-01,Diversified Financials,475193791629.8
2021-03-01,Diversified Financials,417349126194.63
2021-04-01,Diversified Financials,433055402852.08
2021-05-01,Diversified Financials,463144060820.78
2021-06-01,Diversified Financials,647161378959.23
2021-07-01,Diversified Financials,643237877154.23
2021-08-01,Diversified Financials,801915362020.43
2021-09-01,Diversified Financials,853065986165.53
2021-10-01,Diversified Financials,1254216367312.15
2021-11-01,Diversified Financials,1254216367312.15
2021-12-01,Diversified Financials,1254216367312.15
2022-01-01,Diversified Financials,186180070001.57
2022-02-01,Diversified Financials,1286428012043.35
2022-03-01,Diversified Financials,836360787633.05
2022-04-01,Diversified Financials,593465054889.85
2022-05-01,Diversified Financials,744409909671.0
2022-06-01,Diversified Financials,588185859064.5
2022-07-01,Diversified Financials,593800835134.4
2022-08-01,Diversified Financials,814282231200.65
2022-09-01,Diversified Financials,814282231200.65
2022-10-01,Diversified Financials,724970794355.5
2022-11-01,Diversified Financials,749423872924.35
2022-12-01,Diversified Financials,758407444965.45
2023-01-01,Diversified Financials,628962456027.6
2023-02-01,Diversified Financials,628962456027.6
2023-03-01,Diversified Financials,625710507044.5
2023-04-01,Diversified Financials,589369176996.6
2023-05-01,Diversified Financials,539539041686.95
2023-06-01,Diversified Financials,603417298008.8
2023-07-01,Diversified Financials,767674159081.6
2023-08-01,Diversified Financials,714395277102.9
2023-09-01,Diversified Financials,698767096110.8
2023-10-01,Diversified Financials,636196299729.0
2023-11-01,Diversified Financials,632857341200.3
2023-12-01,Diversified Financials,607013026565.1
2024-01-01,Diversified Financials,541229770540.4
2024-02-01,Diversified Financials,542004291315.5
2024-03-01,Diversified Financials,649822931247.8
2024-04-01,Diversified Financials,748028205449.7
2024-05-01,Diversified Financials,709869606750.9
2024-06-01,Diversified Financials,709869606750.9
2024-07-01,Diversified Financials,610579444353.9
2024-08-01,Diversified Financials,610579444353.9
2024-09-01,Diversified Financials,695110488441.55
2024-10-01,Diversified Financials,716613519795.15
2024-11-01,Diversified Financials,709003934193.8
2024-12-01,Diversified Financials,917724125282.1
2025-01-01,Diversified Financials,976391190857.95
2025-02-01,Diversified Financials,893765742273.65
2025-03-01,Diversified Financials,838303518049.55
2025-04-01,Diversified Financials,855702778161.9
2025-05-01,Diversified Financials,937116165504.3
2025-06-01,Diversified Financials,985630320522.65
2025-07-01,Diversified Financials,1021858456441.15
2025-08-01,Diversified Financials,1073323770366.6
2025-09-01,Diversified Financials,1099291224269.05
2025-10-01,Diversified Financials,1170980350445.9
2025-11-01,Diversified Financials,1171814379234.85
2025-12-01,Diversified Financials,1150879453826.45
2005-01-01,Diversified Holdings,104970348779.5
2005-02-01,Diversified Holdings,108260503471.75
2005-03-01,Diversified Holdings,107489043371.0
2005-04-01,Diversified Holdings,117050224872.5
2005-05-01,Diversified Holdings,126203338896.0
2005-06-01,Diversified Holdings,120706450136.25
2005-07-01,Diversified Holdings,123480922501.0
2005-08-01,Diversified Holdings,133695764025.75
2005-09-01,Diversified Holdings,150495810744.75
2005-10-01,Diversified Holdings,151929518026.0
2005-11-01,Diversified Holdings,138651362697.75
2005-12-01,Diversified Holdings,114826674734.0
2006-01-01,Diversified Holdings,121472264209.0
2006-02-01,Diversified Holdings,132548425475.5
2006-03-01,Diversified Holdings,132449552555.75
2006-04-01,Diversified Holdings,126927198395.25
2006-05-01,Diversified Holdings,122233618373.5
2006-06-01,Diversified Holdings,117832510596.75
2006-07-01,Diversified Holdings,117904651052.5
2006-08-01,Diversified Holdings,118451718262.0
2006-09-01,Diversified Holdings,125255387427.5
2006-10-01,Diversified Holdings,134434142812.0
2006-11-01,Diversified Holdings,156596128078.5
2006-12-01,Diversified Holdings,156811397619.5
2007-01-01,Diversified Holdings,184196329181.75
2007-02-01,Diversified Holdings,174205533977.0
2007-03-01,Diversified Holdings,173651786570.0
2007-04-01,Diversified Holdings,170132154552.5
2007-05-01,Diversified Holdings,150475461783.25
2007-06-01,Diversified Holdings,157296571080.0
2007-07-01,Diversified Holdings,144587096209.5
2007-08-01,Diversified Holdings,150460246794.25
2007-09-01,Diversified Holdings,148064053804.25
2007-10-01,Diversified Holdings,150448400093.5
2007-11-01,Diversified Holdings,150527554835.0
2007-12-01,Diversified Holdings,151288280761.25
2009-01-01,Diversified Holdings,97490320004.0
2009-02-01,Diversified Holdings,88522057092.5
2009-03-01,Diversified Holdings,87203321294.0
2009-04-01,Diversified Holdings,98469484240.75
2009-05-01,Diversified Holdings,139388631800.25
2009-06-01,Diversified Holdings,160791344010.25
2009-07-01,Diversified Holdings,161294959709.25
2009-08-01,Diversified Holdings,163670044300.5
2009-09-01,Diversified Holdings,191929796795.25
2009-10-01,Diversified Holdings,191605643512.0
2009-11-01,Diversified Holdings,190680277771.75
2009-12-01,Diversified Holdings,239013988388.0
2010-01-01,Diversified Holdings,254291447250.5
2010-02-01,Diversified Holdings,259112475045.75
2010-03-01,Diversified Holdings,265724233954.75
2010-04-01,Diversified Holdings,284545070493.5
2010-05-01,Diversified Holdings,288295262595.0
2010-06-01,Diversified Holdings,310382492548.25
2010-07-01,Diversified Holdings,357062138369.75
2010-08-01,Diversified Holdings,408372671706.9
2010-09-01,Diversified Holdings,526418419306.4
2010-10-01,Diversified Holdings,488480194614.8
2010-11-01,Diversified Holdings,474063441135.3
2010-12-01,Diversified Holdings,476416635869.6
2011-01-01,Diversified Holdings,506454128139.5
2011-02-01,Diversified Holdings,543219374254.6
2011-03-01,Diversified Holdings,515254989911.9
2011-04-01,Diversified Holdings,526520464835.5
2011-05-01,Diversified Holdings,529515055705.6
2011-06-01,Diversified Holdings,513877769183.0
2011-07-01,Diversified Holdings,568802556238.3
2011-08-01,Diversified Holdings,571641798260.5
2011-09-01,Diversified Holdings,557141868588.8
2011-10-01,Diversified Holdings,519035320350.4
2011-11-01,Diversified Holdings,486033818096.9
2011-12-01,Diversified Holdings,487027953443.8
2012-01-01,Diversified Holdings,452640065703.4
2012-02-01,Diversified Holdings,442892538248.1
2012-03-01,Diversified Holdings,464257299203.8
2012-04-01,Diversified Holdings,458158011609.8
2012-05-01,Diversified Holdings,425388444797.3
2012-06-01,Diversified Holdings,438038040711.2
2012-07-01,Diversified Holdings,429274585216.0
2012-08-01,Diversified Holdings,451951513322.4
2012-09-01,Diversified Holdings,509456422542.0
2012-10-01,Diversified Holdings,470653456533.1
2012-11-01,Diversified Holdings,461253564098.8
2012-12-01,Diversified Holdings,474118374357.0
2013-01-01,Diversified Holdings,490002749931.9
2013-02-01,Diversified Holdings,483035655665.2
2013-03-01,Diversified Holdings,492882142556.4
2013-04-01,Diversified Holdings,504555890342.2
2013-05-01,Diversified Holdings,551328005538.6
2013-06-01,Diversified Holdings,511264083132.4
2013-07-01,Diversified Holdings,506884466268.6
2013-08-01,Diversified Holdings,447830078953.0
2013-09-01,Diversified Holdings,458548308469.5
2013-10-01,Diversified Holdings,494584304897.6
2013-11-01,Diversified Holdings,473955549177.8
2013-12-01,Diversified Holdings,483023275989.0
2014-01-01,Diversified Holdings,510304145670.8
2014-02-01,Diversified Holdings,480911530208.3
2014-03-01,Diversified Holdings,488928688157.3
2014-04-01,Diversified Holdings,513220942574.3
2014-05-01,Diversified Holdings,514193880365.0
2014-06-01,Diversified Holdings,509432480465.5
2014-07-01,Diversified Holdings,550701608993.5
2014-08-01,Diversified Holdings,567948260246.1
2014-09-01,Diversified Holdings,595282893648.7
2014-10-01,Diversified Holdings,594944197945.6
2014-11-01,Diversified Holdings,570332535741.4
2014-12-01,Diversified Holdings,584413159665.1
2015-01-01,Diversified Holdings,545723792467.7
2015-02-01,Diversified Holdings,535455172064.1
2015-03-01,Diversified Holdings,497068864669.1
2015-04-01,Diversified Holdings,530518039053.9
2015-05-01,Diversified Holdings,524350259873.2
2015-06-01,Diversified Holdings,527510078614.7
2015-07-01,Diversified Holdings,559654942097.9
2015-08-01,Diversified Holdings,543569936839.3
2015-09-01,Diversified Holdings,517124270144.1
2015-10-01,Diversified Holdings,516450298368.3
2015-11-01,Diversified Holdings,525825102132.3
2015-12-01,Diversified Holdings,526704670248.1
2016-01-01,Diversified Holdings,472607880590.0
2016-02-01,Diversified Holdings,466421370456.5
2016-03-01,Diversified Holdings,429425843199.4
2016-04-01,Diversified Holdings,460642460375.7
2016-05-01,Diversified Holdings,458028506995.4
2016-06-01,Diversified Holdings,435321086876.7
2016-07-01,Diversified Holdings,452796084487.6
2016-08-01,Diversified Holdings,467111936811.1
2016-09-01,Diversified Holdings,470413001634.4
2016-10-01,Diversified Holdings,460309839430.0
2016-11-01,Diversified Holdings,441695953875.2
2016-12-01,Diversified Holdings,514109206154.1
2017-01-01,Diversified Holdings,510340040292.6
2017-02-01,Diversified Holdings,515493052969.0
2017-03-01,Diversified Holdings,505536322040.5
2017-04-01,Diversified Holdings,571551769377.8
2017-05-01,Diversified Holdings,592517081680.6
2017-06-01,Diversified Holdings,628123462798.04
2017-07-01,Diversified Holdings,619179037046.6
2017-08-01,Diversified Holdings,573765474335.4
2017-09-01,Diversified Holdings,572402028171.1
2017-10-01,Diversified Holdings,578700325585.1
2017-11-01,Diversified Holdings,565492537066.4
2017-12-01,Diversified Holdings,555459986270.5
2018-01-01,Diversified Holdings,577380359538.4
2018-02-01,Diversified Holdings,595468854278.6
2018-03-01,Diversified Holdings,589071472298.9
2018-04-01,Diversified Holdings,599196004054.0
2018-05-01,Diversified Holdings,568052908181.8
2018-06-01,Diversified Holdings,546908033341.36
2018-07-01,Diversified Holdings,523416113451.8
2018-08-01,Diversified Holdings,514953969714.1
2018-09-01,Diversified Holdings,494844323563.7
2018-10-01,Diversified Holdings,518620578244.2
2018-11-01,Diversified Holdings,538309331400.5
2018-12-01,Diversified Holdings,537300912572.6
2019-01-01,Diversified Holdings,510905303836.6
2019-02-01,Diversified Holdings,504119290684.6
2019-03-01,Diversified Holdings,474311595118.2
2019-04-01,Diversified Holdings,464942163977.6
2019-05-01,Diversified Holdings,450059810855.7
2019-06-01,Diversified Holdings,449707490950.8
2019-07-01,Diversified Holdings,498364793109.3
2019-08-01,Diversified Holdings,503866659430.3
2019-09-01,Diversified Holdings,497599422937.8
2019-10-01,Diversified Holdings,519261121560.1
2019-11-01,Diversified Holdings,543186566786.3
2019-12-01,Diversified Holdings,538856396947.7
2020-01-01,Energy,15490984048.8
2020-02-01,Energy,13704518068.6
2020-03-01,Energy,11794258921.6
2020-05-01,Energy,12533014180.6
2020-06-01,Energy,15257911545.0
2020-07-01,Energy,14164499140.5
2020-08-01,Energy,275408814063.4
2020-09-01,Energy,20253809800.6
2020-10-01,Energy,18129340113.0
2020-11-01,Energy,18751100582.1
2020-12-01,Energy,21811234062.4
2021-01-01,Energy,24432810746.6
2021-02-01,Energy,19308295423.6
2021-03-01,Energy,18192350261.2
2021-04-01,Energy,17351350072.0
2021-05-01,Energy,19181036741.0
2021-06-01,Energy,19278988581.8
2021-07-01,Energy,18171834877.1
2021-08-01,Energy,18227981439.0
2021-09-01,Energy,19200795449.4
2021-10-01,Energy,47993491687.2
2021-11-01,Energy,47993491687.2
2021-12-01,Energy,47993491687.2
2022-01-01,Energy,13147220115.41
2022-02-01,Energy,38210026396.8
2022-03-01,Energy,23012345262.0
2022-04-01,Energy,19679937228.0
2022-05-01,Energy,37696841651.9
2022-06-01,Energy,46156272277.5
2022-07-01,Energy,55858261886.7
2022-08-01,Energy,161027274021.55
2022-09-01,Energy,161027274021.55
2022-10-01,Energy,104912174944.95
2022-11-01,Energy,107298052593.9
2022-12-01,Energy,113708623030.35
2023-01-01,Energy,114816011774.4
2023-02-01,Energy,114816011774.4
2023-03-01,Energy,101832570858.5
2023-04-01,Energy,97045127048.75
2023-05-01,Energy,77530961582.75
2023-06-01,Energy,77724043619.4
2023-07-01,Energy,82119510236.0
2023-08-01,Energy,74695590383.2
2023-09-01,Energy,74899241259.25
2023-10-01,Energy,69307116932.75
2023-11-01,Energy,67266888536.75
2023-12-01,Energy,67552504988.8
2024-01-01,Energy,68576254405.15
2024-02-01,Energy,69204202112.4
2024-03-01,Energy,75017674025.75
2024-04-01,Energy,84696925598.15
2024-05-01,Energy,81031864091.65
2024-06-01,Energy,81031864091.65
2024-07-01,Energy,68264867525.0
2024-08-01,Energy,68264867525.0
2024-09-01,Energy,73526658973.2
2024-10-01,Energy,74352241138.85
2024-11-01,Energy,70603297595.7
2024-12-01,Energy,79075665250.35
2025-01-01,Energy,84394589508.05
2025-02-01,Energy,79233378413.2
2025-03-01,Energy,78225647003.2
2025-04-01,Energy,79259978396.0
2025-05-01,Energy,80776009917.8
2025-06-01,Energy,79329176772.9
2025-07-01,Energy,85327604457.4
2025-08-01,Energy,84565238709.4
2025-09-01,Energy,89478846371.4
2025-10-01,Energy,97332425215.75
2025-11-01,Energy,95361462387.15
2025-12-01,Energy,95681982111.2
2020-01-01,Food & Staples Retailing,85194279798.7
2020-02-01,Food & Staples Retailing,81735640493.5
2020-03-01,Food & Staples Retailing,76518260176.1
2020-05-01,Food & Staples Retailing,78976111777.2
2020-06-01,Food & Staples Retailing,79473824589.4
2020-07-01,Food & Staples Retailing,78838279454.5
2020-08-01,Food & Staples Retailing,77175082387.8
2020-09-01,Food & Staples Retailing,82352775817.4
2020-10-01,Food & Staples Retailing,81162618007.8
2020-11-01,Food & Staples Retailing,81796458212.2
2020-12-01,Food & Staples Retailing,86637997364.4
2021-01-01,Food & Staples Retailing,99883311464.4
2021-02-01,Food & Staples Retailing,96084793104.2
2021-03-01,Food & Staples Retailing,95346619603.5
2021-04-01,Food & Staples Retailing,94193941978.0
2021-05-01,Food & Staples Retailing,97276466404.25
2021-06-01,Food & Staples Retailing,98734437323.5
2021-07-01,Food & Staples Retailing,100514505406.5
2021-08-01,Food & Staples Retailing,96924774198.0
2021-09-01,Food & Staples Retailing,97159241896.2
2021-10-01,Food & Staples Retailing,90012716565.25
2021-11-01,Food & Staples Retailing,90012716565.25
2021-12-01,Food & Staples Retailing,90012716565.25
2022-01-01,Food & Staples Retailing,27064838346.17
2022-02-01,Food & Staples Retailing,84953884454.0
2022-03-01,Food & Staples Retailing,78060059276.3
2022-04-01,Food & Staples Retailing,70064770624.4
2022-05-01,Food & Staples Retailing,74078338064.95
2022-06-01,Food & Staples Retailing,70847591774.05
2022-07-01,Food & Staples Retailing,71272685138.15
2022-08-01,Food & Staples Retailing,93477293964.35
2022-09-01,Food & Staples Retailing,93477293964.35
2022-10-01,Food & Staples Retailing,87542683551.8
2022-11-01,Food & Staples Retailing,89853355470.1
2022-12-01,Food & Staples Retailing,96334645517.95
2023-01-01,Food & Staples Retailing,93252891096.95
2023-02-01,Food & Staples Retailing,93252891096.95
2023-03-01,Food & Staples Retailing,96890744378.7
2023-04-01,Food & Staples Retailing,98727083214.7
2023-05-01,Food & Staples Retailing,100015106925.6
2023-06-01,Food & Staples Retailing,104357542609.3
2023-07-01,Food & Staples Retailing,124311628727.75
2023-08-01,Food & Staples Retailing,131504667808.7
2023-09-01,Food & Staples Retailing,141244262536.5
2023-10-01,Food & Staples Retailing,153668753067.75
2023-11-01,Food & Staples Retailing,145494863783.0
2023-12-01,Food & Staples Retailing,144711412271.3
2024-01-01,Food & Staples Retailing,140262724076.85
2024-02-01,Food & Staples Retailing,140223153148.45
2024-03-01,Food & Staples Retailing,146199322700.7
2024-04-01,Food & Staples Retailing,146875319394.9
2024-05-01,Food & Staples Retailing,153055228287.95
2024-06-01,Food & Staples Retailing,153055228287.95
2024-07-01,Food & Staples Retailing,152818284911.9
2024-08-01,Food & Staples Retailing,152818284911.9
2024-09-01,Food & Staples Retailing,155041888002.6
2024-10-01,Food & Staples Retailing,159510124778.3
2024-11-01,Food & Staples Retailing,166652326282.65
2024-12-01,Food & Staples Retailing,175504407007.9
2025-01-01,Food & Staples Retailing,178260374927.9
2025-02-01,Food & Staples Retailing,183943065502.5
2025-03-01,Food & Staples Retailing,192046777035.0
2025-04-01,Food & Staples Retailing,197288851933.9
2025-05-01,Food & Staples Retailing,228653414888.05
2025-06-01,Food & Staples Retailing,261697354271.5
2025-07-01,Food & Staples Retailing,274265546201.3
2025-08-01,Food & Staples Retailing,328469596500.7
2025-09-01,Food & Staples Retailing,339870985747.7
2025-10-01,Food & Staples Retailing,345543792743.55
2025-11-01,Food & Staples Retailing,340034533734.0
2025-12-01,Food & Staples Retailing,333670422844.2
2020-01-01,"Food, Beverage & Tobacco",704001863261.2
2020-02-01,"Food, Beverage & Tobacco",684323683349.9
2020-03-01,"Food, Beverage & Tobacco",573423270582.9
2020-05-01,"Food, Beverage & Tobacco",595053681983.7
2020-06-01,"Food, Beverage & Tobacco",606452069437.6
2020-07-01,"Food, Beverage & Tobacco",624819514137.6
2020-08-01,"Food, Beverage & Tobacco",636588743889.6
2020-09-01,"Food, Beverage & Tobacco",741217643400.1
2020-10-01,"Food, Beverage & Tobacco",698123256735.1
2020-11-01,"Food, Beverage & Tobacco",746215464539.5
2020-12-01,"Food, Beverage & Tobacco",820548382375.1
2021-01-01,"Food, Beverage & Tobacco",926850349509.95
2021-02-01,"Food, Beverage & Tobacco",829803444549.95
2021-03-01,"Food, Beverage & Tobacco",796094751523.25
2021-04-01,"Food, Beverage & Tobacco",790708309554.2
2021-05-01,"Food, Beverage & Tobacco",796222273187.8
2021-06-01,"Food, Beverage & Tobacco",816216492128.1
2021-07-01,"Food, Beverage & Tobacco",839181913648.9
2021-08-01,"Food, Beverage & Tobacco",868285235030.6
2021-09-01,"Food, Beverage & Tobacco",872886428025.6
2021-10-01,"Food, Beverage & Tobacco",1020108421140.4
2021-11-01,"Food, Beverage & Tobacco",1020108421140.4
2021-12-01,"Food, Beverage & Tobacco",1020108421140.4
2022-01-01,"Food, Beverage & Tobacco",242884052846.51
2022-02-01,"Food, Beverage & Tobacco",937940539177.7
2022-03-01,"Food, Beverage & Tobacco",715210345090.1
2022-04-01,"Food, Beverage & Tobacco",661655196336.75
2022-05-01,"Food, Beverage & Tobacco",749787568155.45
2022-06-01,"Food, Beverage & Tobacco",675065695102.2
2022-07-01,"Food, Beverage & Tobacco",714619738688.45
2022-08-01,"Food, Beverage & Tobacco",857309113460.0
2022-09-01,"Food, Beverage & Tobacco",857309113460.0
2022-10-01,"Food, Beverage & Tobacco",764738281214.15
2022-11-01,"Food, Beverage & Tobacco",763278711460.45
2022-12-01,"Food, Beverage & Tobacco",753626261590.2
2023-01-01,"Food, Beverage & Tobacco",806418936714.35
2023-02-01,"Food, Beverage & Tobacco",806418936714.35
2023-03-01,"Food, Beverage & Tobacco",829868704992.15
2023-04-01,"Food, Beverage & Tobacco",817094090260.25
2023-05-01,"Food, Beverage & Tobacco",808548018363.1
2023-06-01,"Food, Beverage & Tobacco",866095380667.7
2023-07-01,"Food, Beverage & Tobacco",952796431550.4
2023-08-01,"Food, Beverage & Tobacco",964289129352.35
2023-09-01,"Food, Beverage & Tobacco",1002793181922.7
2023-10-01,"Food, Beverage & Tobacco",959291795681.7
2023-11-01,"Food, Beverage & Tobacco",952223082132.15
2023-12-01,"Food, Beverage & Tobacco",961920331498.3
2024-01-01,"Food, Beverage & Tobacco",898248340949.7
2024-02-01,"Food, Beverage & Tobacco",919847557613.95
2024-03-01,"Food, Beverage & Tobacco",998673809748.15
2024-04-01,"Food, Beverage & Tobacco",1076285267026.95
2024-05-01,"Food, Beverage & Tobacco",1038722186060.9
2024-06-01,"Food, Beverage & Tobacco",1038722186060.9
2024-07-01,"Food, Beverage & Tobacco",976279760390.0
2024-08-01,"Food, Beverage & Tobacco",976279760390.0
2024-09-01,"Food, Beverage & Tobacco",1026860280149.0
2024-10-01,"Food, Beverage & Tobacco",1096149429540.9
2024-11-01,"Food, Beverage & Tobacco",1139734905555.25
2024-12-01,"Food, Beverage & Tobacco",1335058607698.45
2025-01-01,"Food, Beverage & Tobacco",1433816739395.15
2025-02-01,"Food, Beverage & Tobacco",1365598726102.45
2025-03-01,"Food, Beverage & Tobacco",1332744583189.75
2025-04-01,"Food, Beverage & Tobacco",1374112136263.75
2025-05-01,"Food, Beverage & Tobacco",1474823832790.7
2025-06-01,"Food, Beverage & Tobacco",1532141536384.7
2025-07-01,"Food, Beverage & Tobacco",1597458148252.25
2025-08-01,"Food, Beverage & Tobacco",1721657728045.6
2025-09-01,"Food, Beverage & Tobacco",1849425550401.3
2025-10-01,"Food, Beverage & Tobacco",1900608862207.2
2025-11-01,"Food, Beverage & Tobacco",1892712455567.85
2025-12-01,"Food, Beverage & Tobacco",1861248977054.9
2005-01-01,Footwear & Textiles,3756721831.25
2005-02-01,Footwear & Textiles,3846347961.25
2005-03-01,Footwear & Textiles,3873146282.5
2005-04-01,Footwear & Textiles,4104523893.75
2005-05-01,Footwear & Textiles,3899898117.5
2005-06-01,Footwear & Textiles,3985084106.5
2005-07-01,Footwear & Textiles,4700649992.5
2005-08-01,Footwear & Textiles,4907355457.0
2005-09-01,Footwear & Textiles,5303959519.0
2005-10-01,Footwear & Textiles,6031387535.25
2005-11-01,Footwear & Textiles,4315925078.5
2005-12-01,Footwear & Textiles,3497109448.0
2006-01-01,Footwear & Textiles,4203691405.0
2006-02-01,Footwear & Textiles,4631606128.25
2006-03-01,Footwear & Textiles,4508847220.25
2006-04-01,Footwear & Textiles,4435351748.5
2006-05-01,Footwear & Textiles,4465905079.0
2006-06-01,Footwear & Textiles,4158033906.5
2006-07-01,Footwear & Textiles,4214740405.0
2006-08-01,Footwear & Textiles,4461705894.0
2006-09-01,Footwear & Textiles,4688782759.5
2006-10-01,Footwear & Textiles,4519264795.0
2006-11-01,Footwear & Textiles,4744305390.0
2006-12-01,Footwear & Textiles,4737413264.0
2007-01-01,Footwear & Textiles,4972886888.5
2007-02-01,Footwear & Textiles,4948338036.75
2007-03-01,Footwear & Textiles,4681263052.0
2007-04-01,Footwear & Textiles,4471200681.5
2007-05-01,Footwear & Textiles,3611519880.0
2007-06-01,Footwear & Textiles,3958465369.5
2007-07-01,Footwear & Textiles,3965347600.5
2007-08-01,Footwear & Textiles,4450365427.25
2007-09-01,Footwear & Textiles,4552693164.25
2007-10-01,Footwear & Textiles,5088703075.75
2007-11-01,Footwear & Textiles,5210984785.0
2007-12-01,Footwear & Textiles,5190850640.25
2008-01-01,Footwear & Textiles,4874899629.75
2008-02-01,Footwear & Textiles,5233953864.75
2008-03-01,Footwear & Textiles,4896458514.25
2008-04-01,Footwear & Textiles,4890720257.0
2008-05-01,Footwear & Textiles,4877613375.75
2008-06-01,Footwear & Textiles,4582107275.25
2008-07-01,Footwear & Textiles,4554338285.0
2008-08-01,Footwear & Textiles,4559133546.0
2008-09-01,Footwear & Textiles,4254548561.5
2008-10-01,Footwear & Textiles,3530490961.75
2008-11-01,Footwear & Textiles,2579280552.0
2008-12-01,Footwear & Textiles,2545964387.0
2009-01-01,Footwear & Textiles,2818252252.0
2009-02-01,Footwear & Textiles,2725119133.0
2009-03-01,Footwear & Textiles,2620719776.0
2009-04-01,Footwear & Textiles,2956409728.0
2009-05-01,Footwear & Textiles,3331244696.0
2009-06-01,Footwear & Textiles,3365414069.0
2009-07-01,Footwear & Textiles,3246869696.0
2009-08-01,Footwear & Textiles,3372692204.0
2009-09-01,Footwear & Textiles,3511672188.0
2009-10-01,Footwear & Textiles,3311014712.0
2009-11-01,Footwear & Textiles,3108054744.0
2009-12-01,Footwear & Textiles,3308712220.0
2010-01-01,Footwear & Textiles,3883095339.0
2010-02-01,Footwear & Textiles,3785768490.0
2010-03-01,Footwear & Textiles,3670554744.0
2010-04-01,Footwear & Textiles,4379764712.0
2010-05-01,Footwear & Textiles,4902050966.0
2010-06-01,Footwear & Textiles,5861260934.0
2010-07-01,Footwear & Textiles,5928942204.0
2010-08-01,Footwear & Textiles,10162739985.2
2010-09-01,Footwear & Textiles,11536772381.2
2010-10-01,Footwear & Textiles,9366207461.2
2010-11-01,Footwear & Textiles,9194401737.6
2010-12-01,Footwear & Textiles,9914859744.0
2011-01-01,Footwear & Textiles,11109697236.0
2011-02-01,Footwear & Textiles,11312664181.6
2011-03-01,Footwear & Textiles,10250308715.2
2011-04-01,Footwear & Textiles,10438144969.2
2011-05-01,Footwear & Textiles,10572461962.8
2011-06-01,Footwear & Textiles,10123564712.0
2011-07-01,Footwear & Textiles,9609032220.0
2011-08-01,Footwear & Textiles,9835223232.8
2011-09-01,Footwear & Textiles,10280332909.8
2011-10-01,Footwear & Textiles,9477076524.0
2011-11-01,Footwear & Textiles,10097827388.0
2011-12-01,Footwear & Textiles,10136330411.4
2012-01-01,Footwear & Textiles,9436252981.6
2012-02-01,Footwear & Textiles,8046262054.6
2012-03-01,Footwear & Textiles,7262888992.0
2012-04-01,Footwear & Textiles,7753299198.0
2012-05-01,Footwear & Textiles,6646638016.4
2012-06-01,Footwear & Textiles,7088717245.2
2012-07-01,Footwear & Textiles,7880832949.8
2012-08-01,Footwear & Textiles,8216850717.4
2012-09-01,Footwear & Textiles,9331829416.6
2012-10-01,Footwear & Textiles,8536699725.6
2012-11-01,Footwear & Textiles,10245355907.4
2012-12-01,Footwear & Textiles,10418795046.5
2013-01-01,Footwear & Textiles,11270803770.9
2013-02-01,Footwear & Textiles,10239413479.3
2013-03-01,Footwear & Textiles,9948884014.8
2013-04-01,Footwear & Textiles,11158628481.6
2013-05-01,Footwear & Textiles,11855707497.8
2013-06-01,Footwear & Textiles,11326533532.7
2013-07-01,Footwear & Textiles,10545831656.4
2013-08-01,Footwear & Textiles,9707159930.9
2013-09-01,Footwear & Textiles,9494425783.4
2013-10-01,Footwear & Textiles,10015548139.0
2013-11-01,Footwear & Textiles,9360334567.4
2013-12-01,Footwear & Textiles,10124774851.8
2014-01-01,Footwear & Textiles,10507279495.0
2014-02-01,Footwear & Textiles,9808198326.0
2014-03-01,Footwear & Textiles,9290095112.1
2014-04-01,Footwear & Textiles,10117462680.1
2014-05-01,Footwear & Textiles,10028894062.6
2014-06-01,Footwear & Textiles,10610705957.4
2014-07-01,Footwear & Textiles,11219078933.3
2014-08-01,Footwear & Textiles,12445442585.6
2014-09-01,Footwear & Textiles,13662529220.8
2014-10-01,Footwear & Textiles,14157751482.5
2014-11-01,Footwear & Textiles,12735962259.0
2014-12-01,Footwear & Textiles,12610712719.3
2015-01-01,Footwear & Textiles,12950916869.0
2015-02-01,Footwear & Textiles,12682092145.3
2015-03-01,Footwear & Textiles,12590873244.1
2015-04-01,Footwear & Textiles,12879570303.2
2015-05-01,Footwear & Textiles,12539073150.8
2015-06-01,Footwear & Textiles,12241051302.0
2015-07-01,Footwear & Textiles,12650313318.9
2015-08-01,Footwear & Textiles,12637246748.0
2015-09-01,Footwear & Textiles,12532698150.6
2015-10-01,Footwear & Textiles,13201356000.1
2015-11-01,Footwear & Textiles,12931192450.1
2015-12-01,Footwear & Textiles,13249053743.1
2016-01-01,Footwear & Textiles,12060345414.7
2016-02-01,Footwear & Textiles,11355042289.2
2016-03-01,Footwear & Textiles,11784173949.2
2016-04-01,Footwear & Textiles,12616565670.7
2016-05-01,Footwear & Textiles,12189552429.0
2016-06-01,Footwear & Textiles,11886060237.2
2016-07-01,Footwear & Textiles,12126399662.4
2016-08-01,Footwear & Textiles,12100818557.3
2016-09-01,Footwear & Textiles,12205664651.2
2016-10-01,Footwear & Textiles,11895510845.1
2016-11-01,Footwear & Textiles,11592537895.8
2016-12-01,Footwear & Textiles,11989178607.8
2017-01-01,Footwear & Textiles,11096273453.3
2017-02-01,Footwear & Textiles,10742368247.4
2017-03-01,Footwear & Textiles,11477151577.8
2017-04-01,Footwear & Textiles,12413302460.3
2017-05-01,Footwear & Textiles,12170344465.8
2017-06-01,Footwear & Textiles,12489986440.3
2017-07-01,Footwear & Textiles,12913401963.0
2017-08-01,Footwear & Textiles,12049757753.2
2017-09-01,Footwear & Textiles,11817370349.7
2017-10-01,Footwear & Textiles,12181950042.0
2017-11-01,Footwear & Textiles,11244441018.7
2017-12-01,Footwear & Textiles,11838753189.2
2018-01-01,Footwear & Textiles,10826892966.1
2018-02-01,Footwear & Textiles,11027346224.6
2018-03-01,Footwear & Textiles,11712651130.5
2018-04-01,Footwear & Textiles,10519449191.7
2018-05-01,Footwear & Textiles,9729425066.6
2018-06-01,Footwear & Textiles,8354244830.0
2018-07-01,Footwear & Textiles,8571948374.8
2018-08-01,Footwear & Textiles,8844077805.8
2018-09-01,Footwear & Textiles,8263252094.6
2018-10-01,Footwear & Textiles,8760981450.6
2018-11-01,Footwear & Textiles,9069677730.8
2018-12-01,Footwear & Textiles,8829742571.3
2019-01-01,Footwear & Textiles,9354684870.4
2019-02-01,Footwear & Textiles,9114749710.9
2019-03-01,Footwear & Textiles,8868375697.1
2019-04-01,Footwear & Textiles,9447743882.4
2019-05-01,Footwear & Textiles,7690322763.6
2019-06-01,Footwear & Textiles,8405755664.4
2019-07-01,Footwear & Textiles,10017998186.1
2019-08-01,Footwear & Textiles,10313208007.0
2019-09-01,Footwear & Textiles,35546344205.6
2019-10-01,Footwear & Textiles,39942938231.0
2019-11-01,Footwear & Textiles,41089024067.4
2019-12-01,Footwear & Textiles,39433755565.2
2005-01-01,Health Care,7412464417.0
2005-02-01,Health Care,9528474459.0
2005-03-01,Health Care,9743803814.5
2005-04-01,Health Care,11019154049.5
2005-05-01,Health Care,9990766785.25
2005-06-01,Health Care,9307798903.0
2005-07-01,Health Care,10580025289.5
2005-08-01,Health Care,11305638559.75
2005-09-01,Health Care,11970305905.5
2005-10-01,Health Care,12721741081.75
2005-11-01,Health Care,11568104867.75
2005-12-01,Health Care,9207803096.75
2006-01-01,Health Care,10858253886.0
2006-02-01,Health Care,10827212719.65
2006-03-01,Health Care,10741756179.5
2006-04-01,Health Care,10312330547.65
2006-05-01,Health Care,9796651624.8
2006-06-01,Health Care,10846367086.4
2006-07-01,Health Care,13743112140.65
2006-08-01,Health Care,13692091317.25
2006-09-01,Health Care,14092697180.9
2006-10-01,Health Care,14400954045.4
2006-11-01,Health Care,15756854544.3
2006-12-01,Health Care,15290231196.95
2007-01-01,Health Care,16635226408.25
2007-02-01,Health Care,18620764330.0
2007-03-01,Health Care,16621126395.6
2007-04-01,Health Care,16511621189.8
2007-05-01,Health Care,14056805212.1
2007-06-01,Health Care,14640248546.9
2007-07-01,Health Care,14811623628.3
2007-08-01,Health Care,18947646479.6
2007-09-01,Health Care,51217452003.25
2007-10-01,Health Care,20141743102.0
2007-11-01,Health Care,18434493091.95
2007-12-01,Health Care,18891279348.4
2008-01-01,Health Care,16912539311.4
2008-02-01,Health Care,18557057953.4
2008-03-01,Health Care,17431982829.1
2008-04-01,Health Care,17528712823.55
2008-05-01,Health Care,17678960788.2
2008-06-01,Health Care,16681416661.2
2008-07-01,Health Care,16929576216.9
2008-08-01,Health Care,17427668139.6
2008-09-01,Health Care,16060742833.45
2008-10-01,Health Care,15437779402.1
2008-11-01,Health Care,13441821767.2
2008-12-01,Health Care,13360915270.15
2009-01-01,Health Care,15424587674.55
2009-02-01,Health Care,15277536933.7
2009-03-01,Health Care,15335285307.35
2009-04-01,Health Care,17459151460.8
2009-05-01,Health Care,19375778839.1
2009-06-01,Health Care,19881237787.55
2009-07-01,Health Care,20877320715.6
2009-08-01,Health Care,20007027285.15
2009-09-01,Health Care,21535942928.85
2009-10-01,Health Care,24292457023.55
2009-11-01,Health Care,24916012911.45
2009-12-01,Health Care,25454910393.8
2010-01-01,Health Care,25141770452.3
2010-02-01,Health Care,25884675277.9
2010-03-01,Health Care,24789905216.0
2010-04-01,Health Care,25972250947.1
2010-05-01,Health Care,26847434802.0
2010-06-01,Health Care,28662018933.5
2010-07-01,Health Care,30739368796.0
2010-08-01,Health Care,30253555598.2
2010-09-01,Health Care,33593668712.4
2010-10-01,Health Care,31321242690.1
2010-11-01,Health Care,31121446566.4
2010-12-01,Health Care,30769320274.6
2011-01-01,Health Care,33615284069.6
2011-02-01,Health Care,33651396686.8
2011-03-01,Health Care,34608939972.2
2011-04-01,Health Care,35158175711.1
2011-05-01,Health Care,36827259642.3
2011-06-01,Health Care,33318906595.9
2011-07-01,Health Care,32887351085.2
2011-08-01,Health Care,39959474806.4
2011-09-01,Health Care,39787413277.9
2011-10-01,Health Care,34758538088.6
2011-11-01,Health Care,34716383192.5
2011-12-01,Health Care,35610370789.1
2012-01-01,Health Care,31902256469.6
2012-02-01,Health Care,29216601481.0
2012-03-01,Health Care,28132179967.5
2012-04-01,Health Care,27553202536.6
2012-05-01,Health Care,26395267060.7
2012-06-01,Health Care,28971542228.9
2012-07-01,Health Care,30062744896.7
2012-08-01,Health Care,33661893266.4
2012-09-01,Health Care,38927804224.5
2012-10-01,Health Care,39070889085.1
2012-11-01,Health Care,37061337725.4
2012-12-01,Health Care,37466473546.3
2013-01-01,Health Care,39375411389.2
2013-02-01,Health Care,38655293929.2
2013-03-01,Health Care,37498716073.1
2013-04-01,Health Care,43839044529.5
2013-05-01,Health Care,46067683736.6
2013-06-01,Health Care,43781872289.3
2013-07-01,Health Care,42381972877.0
2013-08-01,Health Care,41893231142.0
2013-09-01,Health Care,43605763844.5
2013-10-01,Health Care,44604544955.5
2013-11-01,Health Care,44994199856.8
2013-12-01,Health Care,43818623559.7
2014-01-01,Health Care,52061729835.9
2014-02-01,Health Care,49818262242.2
2014-03-01,Health Care,52921837577.4
2014-04-01,Health Care,53583532681.5
2014-05-01,Health Care,51286989334.3
2014-06-01,Health Care,49828456649.0
2014-07-01,Health Care,51156433135.1
2014-08-01,Health Care,52986396306.9
2014-09-01,Health Care,59933859342.2
2014-10-01,Health Care,54615032172.0
2014-11-01,Health Care,50739052339.8
2014-12-01,Health Care,51111586429.4
2015-01-01,Health Care,49757709096.9
2015-02-01,Health Care,49838964511.1
2015-03-01,Health Care,46156255357.9
2015-04-01,Health Care,50029582505.4
2015-05-01,Health Care,48174176971.4
2015-06-01,Health Care,48268521186.9
2015-07-01,Health Care,51276440166.8
2015-08-01,Health Care,51342233293.8
2015-09-01,Health Care,51684096819.4
2015-10-01,Health Care,52820396472.6
2015-11-01,Health Care,57549589172.1
2015-12-01,Health Care,56049881479.4
2016-01-01,Health Care,52091710284.5
2016-02-01,Health Care,52821386232.2
2016-03-01,Health Care,52511533184.5
2016-04-01,Health Care,61646760816.6
2016-05-01,Health Care,63989787511.5
2016-06-01,Health Care,61510272261.0
2016-07-01,Health Care,62653111414.3
2016-08-01,Health Care,67856884593.5
2016-09-01,Health Care,66588955446.1
2016-10-01,Health Care,65241530359.9
2016-11-01,Health Care,59758523035.2
2016-12-01,Health Care,59611307360.7
2017-01-01,Health Care,58156587038.1
2017-02-01,Health Care,58506306499.6
2017-03-01,Health Care,57489174208.0
2017-04-01,Health Care,58677807344.8
2017-05-01,Health Care,57684347518.6
2017-06-01,Health Care,57686626289.4
2017-07-01,Health Care,59940783623.3
2017-08-01,Health Care,56688115432.6
2017-09-01,Health Care,61965324853.6
2017-10-01,Health Care,59123488866.8
2017-11-01,Health Care,58120982171.1
2017-12-01,Health Care,57000449928.2
2018-01-01,Health Care,58734085906.7
2018-02-01,Health Care,56949039566.2
2018-03-01,Health Care,59844063520.0
2018-04-01,Health Care,56009067112.3
2018-05-01,Health Care,56196997041.6
2018-06-01,Health Care,55521541982.2
2018-07-01,Health Care,54359793166.4
2018-08-01,Health Care,51818472993.9
2018-09-01,Health Care,48985972863.3
2018-10-01,Health Care,49370974362.7
2018-11-01,Health Care,48939615396.5
2018-12-01,Health Care,50499010722.3
2019-01-01,Health Care,48994416813.2
2019-02-01,Health Care,48872262951.7
2019-03-01,Health Care,46666010224.7
2019-04-01,Health Care,45856070816.0
2019-05-01,Health Care,45513134668.8
2019-06-01,Health Care,48172175232.1
2019-07-01,Health Care,50859023268.4
2019-08-01,Health Care,51063208302.4
2019-09-01,Health Care,47842123869.2
2019-10-01,Health Care,48813162522.1
2019-11-01,Health Care,47909119107.4
2019-12-01,Health Care,45750675825.7
2020-01-01,Health Care Equipment & Services,47439005561.1
2020-02-01,Health Care Equipment & Services,45388603918.4
2020-03-01,Health Care Equipment & Services,38196971022.4
2020-05-01,Health Care Equipment & Services,42692900189.5
2020-06-01,Health Care Equipment & Services,43519027308.1
2020-07-01,Health Care Equipment & Services,43797969259.9
2020-08-01,Health Care Equipment & Services,45433276144.5
2020-09-01,Health Care Equipment & Services,50014169412.3
2020-10-01,Health Care Equipment & Services,55117009753.2
2020-11-01,Health Care Equipment & Services,57384464557.5
2020-12-01,Health Care Equipment & Services,74637836761.9
2021-01-01,Health Care Equipment & Services,66170527245.3
2021-02-01,Health Care Equipment & Services,60834942351.9
2021-03-01,Health Care Equipment & Services,58088162121.8
2021-04-01,Health Care Equipment & Services,60250157185.3
2021-05-01,Health Care Equipment & Services,69379532423.4
2021-06-01,Health Care Equipment & Services,63601829232.8
2021-07-01,Health Care Equipment & Services,65678296137.8
2021-08-01,Health Care Equipment & Services,67661059202.7
2021-09-01,Health Care Equipment & Services,74168376055.1
2021-10-01,Health Care Equipment & Services,81392432358.8
2021-11-01,Health Care Equipment & Services,81392432358.8
2021-12-01,Health Care Equipment & Services,81392432358.8
2022-01-01,Health Care Equipment & Services,24155148196.43
2022-02-01,Health Care Equipment & Services,99705955035.6
2022-03-01,Health Care Equipment & Services,76478958107.1
2022-04-01,Health Care Equipment & Services,70344695712.0
2022-05-01,Health Care Equipment & Services,71929261392.6
2022-06-01,Health Care Equipment & Services,66981112712.3
2022-07-01,Health Care Equipment & Services,68812389945.6
2022-08-01,Health Care Equipment & Services,71204124481.2
2022-09-01,Health Care Equipment & Services,71204124481.2
2022-10-01,Health Care Equipment & Services,77478825867.1
2022-11-01,Health Care Equipment & Services,76259216950.9
2022-12-01,Health Care Equipment & Services,75412648864.6
2023-01-01,Health Care Equipment & Services,76091951408.6
2023-02-01,Health Care Equipment & Services,76091951408.6
2023-03-01,Health Care Equipment & Services,76081991183.7
2023-04-01,Health Care Equipment & Services,74350503704.7
2023-05-01,Health Care Equipment & Services,68324643646.0
2023-06-01,Health Care Equipment & Services,71864506741.65
2023-07-01,Health Care Equipment & Services,72707149928.85
2023-08-01,Health Care Equipment & Services,73191944784.5
2023-09-01,Health Care Equipment & Services,75648464894.5
2023-10-01,Health Care Equipment & Services,76432021466.0
2023-11-01,Health Care Equipment & Services,76309420143.7
2023-12-01,Health Care Equipment & Services,74503976062.85
2024-01-01,Health Care Equipment & Services,75106859526.5
2024-02-01,Health Care Equipment & Services,69628611902.8
2024-03-01,Health Care Equipment & Services,73255029733.4
2024-04-01,Health Care Equipment & Services,70691972528.95
2024-05-01,Health Care Equipment & Services,71263585579.2
2024-06-01,Health Care Equipment & Services,71263585579.2
2024-07-01,Health Care Equipment & Services,63416149713.75
2024-08-01,Health Care Equipment & Services,63416149713.75
2024-09-01,Health Care Equipment & Services,62781933335.6
2024-10-01,Health Care Equipment & Services,63019439663.4
2024-11-01,Health Care Equipment & Services,63405055072.25
2024-12-01,Health Care Equipment & Services,67331226197.1
2025-01-01,Health Care Equipment & Services,70829020152.2
2025-02-01,Health Care Equipment & Services,68559841748.7
2025-03-01,Health Care Equipment & Services,67932744985.5
2025-04-01,Health Care Equipment & Services,68698927592.6
2025-05-01,Health Care Equipment & Services,71306576253.5
2025-06-01,Health Care Equipment & Services,81548819697.35
2025-07-01,Health Care Equipment & Services,86773437806.0
2025-08-01,Health Care Equipment & Services,95066082094.85
2025-09-01,Health Care Equipment & Services,97509402884.35
2025-10-01,Health Care Equipment & Services,106798525084.45
2025-11-01,Health Care Equipment & Services,99187324558.55
2025-12-01,Health Care Equipment & Services,97247117440.05
2005-01-01,Hotels & Travels,52612941466.75
2005-02-01,Hotels & Travels,52926306293.75
2005-03-01,Hotels & Travels,52998688231.25
2005-04-01,Hotels & Travels,54312829139.75
2005-05-01,Hotels & Travels,55672097196.25
2005-06-01,Hotels & Travels,54290781022.0
2005-07-01,Hotels & Travels,58707168796.0
2005-08-01,Hotels & Travels,60430605269.75
2005-09-01,Hotels & Travels,64626475508.0
2005-10-01,Hotels & Travels,66077811181.0
2005-11-01,Hotels & Travels,59956884533.25
2005-12-01,Hotels & Travels,47454032818.0
2006-01-01,Hotels & Travels,54143939242.0
2006-02-01,Hotels & Travels,54987371989.25
2006-03-01,Hotels & Travels,56737025869.0
2006-04-01,Hotels & Travels,55315670438.5
2006-05-01,Hotels & Travels,51524127971.25
2006-06-01,Hotels & Travels,47296606884.75
2006-07-01,Hotels & Travels,49802439358.25
2006-08-01,Hotels & Travels,49571572910.0
2006-09-01,Hotels & Travels,55994378347.75
2006-10-01,Hotels & Travels,54524665378.75
2006-11-01,Hotels & Travels,52768625556.0
2006-12-01,Hotels & Travels,51090396566.5
2007-01-01,Hotels & Travels,51691379314.75
2007-02-01,Hotels & Travels,50794628319.0
2007-03-01,Hotels & Travels,46723709923.0
2007-04-01,Hotels & Travels,46072517790.25
2007-05-01,Hotels & Travels,40724123332.75
2007-06-01,Hotels & Travels,45839598720.5
2007-07-01,Hotels & Travels,42896695423.0
2007-08-01,Hotels & Travels,46291849789.25
2007-09-01,Hotels & Travels,18561068087.3
2007-10-01,Hotels & Travels,49164465507.0
2007-11-01,Hotels & Travels,49659725155.25
2007-12-01,Hotels & Travels,50525862674.25
2008-01-01,Hotels & Travels,55968120116.5
2008-02-01,Hotels & Travels,52690024157.5
2008-03-01,Hotels & Travels,51205235024.5
2008-04-01,Hotels & Travels,52357908009.5
2008-05-01,Hotels & Travels,49112949281.75
2008-06-01,Hotels & Travels,48489260307.75
2008-07-01,Hotels & Travels,50308589839.0
2008-08-01,Hotels & Travels,52162605514.25
2008-09-01,Hotels & Travels,50050355679.5
2008-10-01,Hotels & Travels,42195246877.25
2008-11-01,Hotels & Travels,39133494810.25
2008-12-01,Hotels & Travels,36089541949.95
2009-01-01,Hotels & Travels,48346989761.5
2009-02-01,Hotels & Travels,44118425603.5
2009-03-01,Hotels & Travels,42578221895.75
2009-04-01,Hotels & Travels,48280907648.0
2009-05-01,Hotels & Travels,61840969931.5
2009-06-01,Hotels & Travels,73040837309.25
2009-07-01,Hotels & Travels,78019296969.75
2009-08-01,Hotels & Travels,87362602045.0
2009-09-01,Hotels & Travels,99177212127.0
2009-10-01,Hotels & Travels,96072759553.0
2009-11-01,Hotels & Travels,92066965786.25
2009-12-01,Hotels & Travels,108050585197.25
2010-01-01,Hotels & Travels,133499988129.5
2010-02-01,Hotels & Travels,133494168526.75
2010-03-01,Hotels & Travels,135551626480.25
2010-04-01,Hotels & Travels,159345977277.0
2010-05-01,Hotels & Travels,154965118724.75
2010-06-01,Hotels & Travels,157508794668.0
2010-07-01,Hotels & Travels,176163205169.5
2010-08-01,Hotels & Travels,196393398555.9
2010-09-01,Hotels & Travels,217137734618.1
2010-10-01,Hotels & Travels,209491631725.2
2010-11-01,Hotels & Travels,198886107519.7
2010-12-01,Hotels & Travels,204625437638.5
2011-01-01,Hotels & Travels,211222455508.1
2011-02-01,Hotels & Travels,208984432375.3
2011-03-01,Hotels & Travels,197046624651.6
2011-04-01,Hotels & Travels,197964242327.5
2011-05-01,Hotels & Travels,197349495269.0
2011-06-01,Hotels & Travels,182962982863.3
2011-07-01,Hotels & Travels,181246912997.6
2011-08-01,Hotels & Travels,182125585771.3
2011-09-01,Hotels & Travels,178855697875.2
2011-10-01,Hotels & Travels,168495235794.5
2011-11-01,Hotels & Travels,159820687871.9
2011-12-01,Hotels & Travels,160774097290.6
2012-01-01,Hotels & Travels,146408648904.4
2012-02-01,Hotels & Travels,144560263222.2
2012-03-01,Hotels & Travels,148611168534.3
2012-04-01,Hotels & Travels,145044474326.0
2012-05-01,Hotels & Travels,128594822183.8
2012-06-01,Hotels & Travels,137738184744.1
2012-07-01,Hotels & Travels,140592443948.3
2012-08-01,Hotels & Travels,149101548787.9
2012-09-01,Hotels & Travels,171747343939.6
2012-10-01,Hotels & Travels,154850783714.5
2012-11-01,Hotels & Travels,150537032396.9
2012-12-01,Hotels & Travels,155278031794.1
2013-01-01,Hotels & Travels,154187545098.9
2013-02-01,Hotels & Travels,145163496142.1
2013-03-01,Hotels & Travels,143223255467.8
2013-04-01,Hotels & Travels,150254062121.9
2013-05-01,Hotels & Travels,162433614052.0
2013-06-01,Hotels & Travels,152526200112.6
2013-07-01,Hotels & Travels,148709722133.4
2013-08-01,Hotels & Travels,309981747226.2
2013-09-01,Hotels & Travels,312018452000.0
2013-10-01,Hotels & Travels,319390852133.4
2013-11-01,Hotels & Travels,312284079812.4
2013-12-01,Hotels & Travels,312736537458.6
2014-01-01,Hotels & Travels,315510196926.2
2014-02-01,Hotels & Travels,309963962001.2
2014-03-01,Hotels & Travels,309903636049.0
2014-04-01,Hotels & Travels,318873905241.8
2014-05-01,Hotels & Travels,329792537557.6
2014-06-01,Hotels & Travels,328304090642.0
2014-07-01,Hotels & Travels,340067399578.1
2014-08-01,Hotels & Travels,343315605240.8
2014-09-01,Hotels & Travels,370121047079.0
2014-10-01,Hotels & Travels,369103158109.9
2014-11-01,Hotels & Travels,359632314215.2
2014-12-01,Hotels & Travels,361827591722.4
2015-01-01,Hotels & Travels,361893426804.0
2015-02-01,Hotels & Travels,361200806861.4
2015-03-01,Hotels & Travels,345460754092.7
2015-04-01,Hotels & Travels,357161245777.3
2015-05-01,Hotels & Travels,363331753625.3
2015-06-01,Hotels & Travels,358243119672.8
2015-07-01,Hotels & Travels,360212823401.5
2015-08-01,Hotels & Travels,357769090068.4
2015-09-01,Hotels & Travels,350046738261.3
2015-10-01,Hotels & Travels,347602543938.2
2015-11-01,Hotels & Travels,342384434524.1
2015-12-01,Hotels & Travels,346103872882.7
2016-01-01,Hotels & Travels,330410308072.7
2016-02-01,Hotels & Travels,323188366459.1
2016-03-01,Hotels & Travels,319400352320.0
2016-04-01,Hotels & Travels,334354273817.0
2016-05-01,Hotels & Travels,336525367707.1
2016-06-01,Hotels & Travels,328124431000.0
2016-07-01,Hotels & Travels,329499716906.5
2016-08-01,Hotels & Travels,332756521338.5
2016-09-01,Hotels & Travels,331357788071.7
2016-10-01,Hotels & Travels,329162543829.9
2016-11-01,Hotels & Travels,321659322536.1
2016-12-01,Hotels & Travels,321238217222.9
2017-01-01,Hotels & Travels,316247360754.2
2017-02-01,Hotels & Travels,311417037282.5
2017-03-01,Hotels & Travels,307688777119.9
2017-04-01,Hotels & Travels,319239329085.5
2017-05-01,Hotels & Travels,320703989866.7
2017-06-01,Hotels & Travels,319220303247.3
2017-07-01,Hotels & Travels,313806629383.6
2017-08-01,Hotels & Travels,305932678122.6
2017-09-01,Hotels & Travels,306067166643.5
2017-10-01,Hotels & Travels,306694931500.1
2017-11-01,Hotels & Travels,307790605293.3
2017-12-01,Hotels & Travels,305575099735.6
2018-01-01,Hotels & Travels,311531402724.7
2018-02-01,Hotels & Travels,314725366232.0
2018-03-01,Hotels & Travels,315224899038.2
2018-04-01,Hotels & Travels,315422892172.3
2018-05-01,Hotels & Travels,307730775127.6
2018-06-01,Hotels & Travels,305207900104.0
2018-07-01,Hotels & Travels,301365938595.7
2018-08-01,Hotels & Travels,297012435632.0
2018-09-01,Hotels & Travels,294322269315.6
2018-10-01,Hotels & Travels,296976973612.3
2018-11-01,Hotels & Travels,297085007893.5
2018-12-01,Hotels & Travels,296527637710.5
2019-01-01,Hotels & Travels,295522864123.4
2019-02-01,Hotels & Travels,292480343033.4
2019-03-01,Hotels & Travels,289328621900.5
2019-04-01,Hotels & Travels,286488598605.5
2019-05-01,Hotels & Travels,279042957512.8
2019-06-01,Hotels & Travels,282442328439.3
2019-07-01,Hotels & Travels,291466254755.5
2019-08-01,Hotels & Travels,290519672501.7
2019-09-01,Hotels & Travels,294341199709.9
2019-10-01,Hotels & Travels,304787252474.0
2019-11-01,Hotels & Travels,309137541888.6
2019-12-01,Hotels & Travels,307398632044.4
2020-01-01,Household & Personal Products,5937866319.7
2020-02-01,Household & Personal Products,5538969955.6
2020-03-01,Household & Personal Products,4557071213.2
2020-05-01,Household & Personal Products,4925283241.6
2020-06-01,Household & Personal Products,5170757927.2
2020-07-01,Household & Personal Products,5385548277.1
2020-08-01,Household & Personal Products,5784444641.2
2020-09-01,Household & Personal Products,6490184362.3
2020-10-01,Household & Personal Products,6060603662.5
2020-11-01,Household & Personal Products,6459500026.6
2020-12-01,Household & Personal Products,7523253727.6
2021-01-01,Household & Personal Products,7615306734.7
2021-02-01,Household & Personal Products,7062988692.1
2021-03-01,Household & Personal Products,6878882677.9
2021-04-01,Household & Personal Products,7339147713.4
2021-05-01,Household & Personal Products,7308463377.7
2021-06-01,Household & Personal Products,7994442747.1
2021-07-01,Household & Personal Products,8730866803.9
2021-08-01,Household & Personal Products,10050293239.0
2021-09-01,Household & Personal Products,10234399253.2
2021-10-01,Household & Personal Products,10893500332.9
2021-11-01,Household & Personal Products,10893500332.9
2021-12-01,Household & Personal Products,10893500332.9
2022-01-01,Household & Personal Products,2548031053.3
2022-02-01,Household & Personal Products,9267230540.8
2022-03-01,Household & Personal Products,8285331798.4
2022-04-01,Household & Personal Products,7487539070.2
2022-05-01,Household & Personal Products,8193278791.3
2022-06-01,Household & Personal Products,7763698091.5
2022-07-01,Household & Personal Products,8684228162.5
2022-08-01,Household & Personal Products,10310497954.6
2022-09-01,Household & Personal Products,10310497954.6
2022-10-01,Household & Personal Products,9543389562.1
2022-11-01,Household & Personal Products,9328599212.2
2022-12-01,Household & Personal Products,9267230540.8
2023-01-01,Household & Personal Products,8899018512.4
2023-02-01,Household & Personal Products,8899018512.4
2023-03-01,Household & Personal Products,8714912498.2
2023-04-01,Household & Personal Products,8469437812.6
2023-05-01,Household & Personal Products,8162594455.6
2023-06-01,Household & Personal Products,8346700469.8
2023-07-01,Household & Personal Products,9297914876.5
2023-08-01,Household & Personal Products,8377384805.5
2023-09-01,Household & Personal Products,8745596833.9
2023-10-01,Household & Personal Products,8377384805.5
2023-11-01,Household & Personal Products,8377384805.5
2023-12-01,Household & Personal Products,8254647462.7
2024-01-01,Household & Personal Products,8223963127.0
2024-02-01,Household & Personal Products,8408069141.2
2024-03-01,Household & Personal Products,8377384805.5
2024-04-01,Household & Personal Products,8346700469.8
2024-05-01,Household & Personal Products,8101225784.2
2024-06-01,Household & Personal Products,8101225784.2
2024-07-01,Household & Personal Products,7733013755.8
2024-08-01,Household & Personal Products,7733013755.8
2024-09-01,Household & Personal Products,7763698091.5
2024-10-01,Household & Personal Products,7825066762.9
2024-11-01,Household & Personal Products,8070541448.5
2024-12-01,Household & Personal Products,8868334176.7
2025-01-01,Household & Personal Products,8653021161.3
2025-02-01,Household & Personal Products,8070018783.0
2025-03-01,Household & Personal Products,8070018783.0
2025-04-01,Household & Personal Products,7732491090.3
2025-05-01,Household & Personal Products,7947281440.2
2025-06-01,Household & Personal Products,7763175426.0
2025-07-01,Household & Personal Products,8254124797.2
2025-08-01,Household & Personal Products,8254124797.2
2025-09-01,Household & Personal Products,8591652489.9
2025-10-01,Household & Personal Products,9634919903.7
2025-11-01,Household & Personal Products,8438230811.4
2025-12-01,Household & Personal Products,8376862140.0
2005-01-01,Information Technology,112535375.25
2005-02-01,Information Technology,104684070.0
2005-03-01,Information Technology,157026105.0
2005-04-01,Information Technology,193665529.5
2005-05-01,Information Technology,172728715.5
2005-06-01,Information Technology,167494512.0
2005-07-01,Information Technology,175345817.25
2005-08-01,Information Technology,175345817.25
2005-09-01,Information Technology,257348338.75
2005-10-01,Information Technology,270433847.5
2005-11-01,Information Technology,235539157.5
2005-12-01,Information Technology,170111613.75
2006-01-01,Information Technology,209368140.0
2006-02-01,Information Technology,191920795.0
2006-03-01,Information Technology,244262830.0
2006-04-01,Information Technology,218091812.5
2006-05-01,Information Technology,183197122.5
2006-06-01,Information Technology,178835286.25
2006-07-01,Information Technology,178835286.25
2006-08-01,Information Technology,178835286.25
2006-09-01,Information Technology,213729976.25
2006-10-01,Information Technology,283519356.25
2006-11-01,Information Technology,300966701.25
2006-12-01,Information Technology,270433847.5
2007-01-01,Information Technology,279157520.0
2007-02-01,Information Technology,266072011.25
2007-03-01,Information Technology,226815485.0
2007-04-01,Information Technology,239900993.75
2007-05-01,Information Technology,222453648.75
2007-06-01,Information Technology,222453648.75
2007-07-01,Information Technology,226815485.0
2007-08-01,Information Technology,287881192.5
2007-09-01,Information Technology,279157520.0
2007-10-01,Information Technology,484163823.75
2007-11-01,Information Technology,335861391.25
2007-12-01,Information Technology,279157520.0
2008-01-01,Information Technology,252986502.5
2008-02-01,Information Technology,274795683.75
2008-03-01,Information Technology,270433847.5
2008-04-01,Information Technology,248624666.25
2008-05-01,Information Technology,239900993.75
2008-06-01,Information Technology,222453648.75
2008-07-01,Information Technology,218091812.5
2008-08-01,Information Technology,226815485.0
2008-09-01,Information Technology,209368140.0
2008-10-01,Information Technology,165749777.5
2008-11-01,Information Technology,139578760.0
2008-12-01,Information Technology,122131415.0
2009-01-01,Information Technology,178835286.25
2009-02-01,Information Technology,139578760.0
2009-03-01,Information Technology,135216923.75
2009-04-01,Information Technology,152664268.75
2009-05-01,Information Technology,174473450.0
2009-06-01,Information Technology,200644467.5
2009-07-01,Information Technology,200644467.5
2009-08-01,Information Technology,178835286.25
2009-09-01,Information Technology,183197122.5
2009-10-01,Information Technology,178835286.25
2009-11-01,Information Technology,157026105.0
2009-12-01,Information Technology,170111613.75
2010-01-01,Information Technology,178835286.25
2010-02-01,Information Technology,191920795.0
2010-03-01,Information Technology,178835286.25
2010-04-01,Information Technology,244262830.0
2010-05-01,Information Technology,357670572.5
2010-06-01,Information Technology,348946900.0
2010-07-01,Information Technology,348946900.0
2010-08-01,Information Technology,2587259369.7
2010-09-01,Information Technology,2719385166.6
2010-10-01,Information Technology,2538406803.7
2010-11-01,Information Technology,2408025741.3
2010-12-01,Information Technology,2970788264.2
2011-01-01,Information Technology,6696955620.0
2011-02-01,Information Technology,5191703844.2
2011-03-01,Information Technology,4413754078.4
2011-04-01,Information Technology,4858086440.2
2011-05-01,Information Technology,4807751379.9
2011-06-01,Information Technology,4971121068.2
2011-07-01,Information Technology,4787974401.0
2011-08-01,Information Technology,4986400108.9
2011-09-01,Information Technology,4894877230.6
2011-10-01,Information Technology,4308797804.5
2011-11-01,Information Technology,4250797996.2
2011-12-01,Information Technology,4171437804.1
2012-01-01,Information Technology,3536505812.0
2012-02-01,Information Technology,3232760679.4
2012-03-01,Information Technology,2622254970.3
2012-04-01,Information Technology,2307829645.8
2012-05-01,Information Technology,1735445855.5
2012-06-01,Information Technology,2062084321.5
2012-07-01,Information Technology,1935404513.0
2012-08-01,Information Technology,1970510987.9
2012-09-01,Information Technology,2462001636.5
2012-10-01,Information Technology,2139962019.3
2012-11-01,Information Technology,1837749836.3
2012-12-01,Information Technology,1944602210.6
2013-01-01,Information Technology,1961414200.9
2013-02-01,Information Technology,1769120291.4
2013-03-01,Information Technology,1431801633.5
2013-04-01,Information Technology,1838566766.4
2013-05-01,Information Technology,1907246766.6
2013-06-01,Information Technology,1070006237.3
2013-07-01,Information Technology,1157081632.7
2013-08-01,Information Technology,1093000481.3
2013-09-01,Information Technology,1334963886.9
2013-10-01,Information Technology,1312837028.3
2013-11-01,Information Technology,1522759858.2
2013-12-01,Information Technology,1732682688.1
2014-01-01,Information Technology,1905966093.5
2014-02-01,Information Technology,1944904942.4
2014-03-01,Information Technology,1776220385.8
2014-04-01,Information Technology,1812859810.3
2014-05-01,Information Technology,1788433527.3
2014-06-01,Information Technology,1786134102.9
2014-07-01,Information Technology,1971630649.8
2014-08-01,Information Technology,1861712376.3
2014-09-01,Information Technology,1825072951.8
2014-10-01,Information Technology,1849499234.8
2014-11-01,Information Technology,1705240961.2
2014-12-01,Information Technology,1717454102.7
2015-01-01,Information Technology,1666302112.3
2015-02-01,Information Technology,1680814678.2
2015-03-01,Information Technology,1507531272.8
2015-04-01,Information Technology,1873925517.8
2015-05-01,Information Technology,1802946093.2
2015-06-01,Information Technology,1717454102.7
2015-07-01,Information Technology,1778519810.2
2015-08-01,Information Technology,1619748970.7
2015-09-01,Information Technology,1473191272.7
2015-10-01,Information Technology,1473191272.7
2015-11-01,Information Technology,1363272999.2
2015-12-01,Information Technology,1397612999.3
2016-01-01,Information Technology,1121309593.6
2016-02-01,Information Technology,1048030744.6
2016-03-01,Information Technology,1011391320.1
2016-04-01,Information Technology,1316719857.6
2016-05-01,Information Technology,1182375301.1
2016-06-01,Information Technology,1072457027.6
2016-07-01,Information Technology,1011391320.1
2016-08-01,Information Technology,1121309593.6
2016-09-01,Information Technology,1084670169.1
2016-10-01,Information Technology,962538754.1
2016-11-01,Information Technology,840407339.1
2016-12-01,Information Technology,889259905.1
2017-01-01,Information Technology,889259905.1
2017-02-01,Information Technology,828194197.6
2017-03-01,Information Technology,730489065.6
2017-04-01,Information Technology,730489065.6
2017-05-01,Information Technology,779341631.6
2017-06-01,Information Technology,754915348.6
2017-07-01,Information Technology,815981056.1
2017-08-01,Information Technology,754915348.6
2017-09-01,Information Technology,986965037.1
2017-10-01,Information Technology,864833622.1
2017-11-01,Information Technology,754915348.6
2017-12-01,Information Technology,754915348.6
2018-01-01,Information Technology,767128490.1
2018-02-01,Information Technology,767128490.1
2018-03-01,Information Technology,718275924.1
2018-04-01,Information Technology,730489065.6
2018-05-01,Information Technology,693849641.1
2018-06-01,Information Technology,632783933.6
2018-07-01,Information Technology,608357650.6
2018-08-01,Information Technology,632783933.6
2018-09-01,Information Technology,596144509.1
2018-10-01,Information Technology,583931367.6
2018-11-01,Information Technology,571718226.1
2018-12-01,Information Technology,559505084.6
2019-01-01,Information Technology,583931367.6
2019-02-01,Information Technology,535078801.6
2019-03-01,Information Technology,522865660.1
2019-04-01,Information Technology,522865660.1
2019-05-01,Information Technology,425160528.1
2019-06-01,Information Technology,535078801.6
2019-07-01,Information Technology,549591367.5
2019-08-01,Information Technology,622870216.5
2019-09-01,Information Technology,622870216.5
2019-10-01,Information Technology,745001631.5
2019-11-01,Information Technology,696149065.5
2019-12-01,Information Technology,671722782.5
2020-01-01,Insurance,101433131107.9
2020-02-01,Insurance,102026075334.3
2020-03-01,Insurance,87111342842.0
2020-05-01,Insurance,90027447824.6
2020-06-01,Insurance,100319048591.1
2020-07-01,Insurance,94142595050.6
2020-08-01,Insurance,95013104638.8
2020-09-01,Insurance,100485397363.4
2020-10-01,Insurance,95601163161.6
2020-11-01,Insurance,99430423597.3
2020-12-01,Insurance,106474252912.3
2021-01-01,Insurance,110390676963.2
2021-02-01,Insurance,105182519045.0
2021-03-01,Insurance,107552426510.8
2021-04-01,Insurance,101734762225.7
2021-05-01,Insurance,102060341484.0
2021-06-01,Insurance,101848296102.3
2021-07-01,Insurance,102688995917.9
2021-08-01,Insurance,97044376494.5
2021-09-01,Insurance,99862374901.2
2021-10-01,Insurance,167413345377.4
2021-11-01,Insurance,167413345377.4
2021-12-01,Insurance,167413345377.4
2022-01-01,Insurance,77897403154.04
2022-02-01,Insurance,178014807364.1
2022-03-01,Insurance,129272004011.7
2022-04-01,Insurance,118375875818.6
2022-05-01,Insurance,130169373219.0
2022-06-01,Insurance,115182362442.7
2022-07-01,Insurance,117100916119.7
2022-08-01,Insurance,132687428007.3
2022-09-01,Insurance,132687428007.3
2022-10-01,Insurance,121426330456.5
2022-11-01,Insurance,123557324878.0
2022-12-01,Insurance,149625750923.0
2023-01-01,Insurance,153875357702.8
2023-02-01,Insurance,153875357702.8
2023-03-01,Insurance,149926557210.0
2023-04-01,Insurance,137698650589.1
2023-05-01,Insurance,130207368659.1
2023-06-01,Insurance,144813190746.2
2023-07-01,Insurance,158609674509.4
2023-08-01,Insurance,156222560866.9
2023-09-01,Insurance,159240068686.8
2023-10-01,Insurance,151064636817.4
2023-11-01,Insurance,145531685876.3
2023-12-01,Insurance,144575022155.1
2024-01-01,Insurance,137799308840.8
2024-02-01,Insurance,142200796874.0
2024-03-01,Insurance,150051824319.9
2024-04-01,Insurance,158965154210.2
2024-05-01,Insurance,153398128362.7
2024-06-01,Insurance,153398128362.7
2024-07-01,Insurance,145971190350.4
2024-08-01,Insurance,145971190350.4
2024-09-01,Insurance,142774661987.3
2024-10-01,Insurance,151001004478.7
2024-11-01,Insurance,159148901131.7
2024-12-01,Insurance,183298905319.9
2025-01-01,Insurance,200338572648.5
2025-02-01,Insurance,209030050371.8
2025-03-01,Insurance,183518274850.5
2025-04-01,Insurance,183128207771.2
2025-05-01,Insurance,190105977898.1
2025-06-01,Insurance,196515421635.0
2025-07-01,Insurance,217800397015.7
2025-08-01,Insurance,226076353197.35
2025-09-01,Insurance,227979475996.05
2025-10-01,Insurance,252163189662.7
2025-11-01,Insurance,234868916138.0
2025-12-01,Insurance,234685839297.1
2005-01-01,Investment Trusts,5209884425.0
2005-02-01,Investment Trusts,5841427502.75
2005-03-01,Investment Trusts,5523325505.25
2005-04-01,Investment Trusts,5630174182.5
2005-05-01,Investment Trusts,5805590488.75
2005-06-01,Investment Trusts,5566347083.5
2005-07-01,Investment Trusts,5699422959.5
2005-08-01,Investment Trusts,6365590458.25
2005-09-01,Investment Trusts,7826129420.75
2005-10-01,Investment Trusts,6681854091.5
2005-11-01,Investment Trusts,6010181806.25
2005-12-01,Investment Trusts,4230364452.25
2006-01-01,Investment Trusts,5218377077.0
2006-02-01,Investment Trusts,5273851723.75
2006-03-01,Investment Trusts,5339525367.75
2006-04-01,Investment Trusts,5446233179.25
2006-05-01,Investment Trusts,4951063970.5
2006-06-01,Investment Trusts,4437630476.0
2006-07-01,Investment Trusts,4427383830.75
2006-08-01,Investment Trusts,4388053082.0
2006-09-01,Investment Trusts,5020040123.75
2006-10-01,Investment Trusts,5186417120.5
2006-11-01,Investment Trusts,5454754962.75
2006-12-01,Investment Trusts,5967722606.25
2007-01-01,Investment Trusts,7658604811.75
2007-02-01,Investment Trusts,7465250838.25
2007-03-01,Investment Trusts,6756148625.5
2007-04-01,Investment Trusts,6945922081.25
2007-05-01,Investment Trusts,5516537375.75
2007-06-01,Investment Trusts,6555241833.0
2007-07-01,Investment Trusts,5991368578.0
2007-08-01,Investment Trusts,5995072890.25
2007-09-01,Investment Trusts,5392173948.25
2007-10-01,Investment Trusts,5508998047.25
2007-11-01,Investment Trusts,5690610486.75
2007-12-01,Investment Trusts,5710350054.5
2008-01-01,Investment Trusts,5185414109.25
2008-02-01,Investment Trusts,5223851642.75
2008-03-01,Investment Trusts,6012982059.75
2008-04-01,Investment Trusts,6429217793.75
2008-05-01,Investment Trusts,6140928126.25
2008-06-01,Investment Trusts,6128864403.0
2008-07-01,Investment Trusts,6069702194.0
2008-08-01,Investment Trusts,6332025352.75
2008-09-01,Investment Trusts,6383311694.75
2008-10-01,Investment Trusts,5210971971.75
2008-11-01,Investment Trusts,4355137916.0
2008-12-01,Investment Trusts,3992125379.0
2009-01-01,Investment Trusts,5387193803.75
2009-02-01,Investment Trusts,5047740498.5
2009-03-01,Investment Trusts,4928638409.0
2009-04-01,Investment Trusts,5636006038.25
2009-05-01,Investment Trusts,6746475419.25
2009-06-01,Investment Trusts,7562475554.0
2009-07-01,Investment Trusts,8905600956.5
2009-08-01,Investment Trusts,9818253215.0
2009-09-01,Investment Trusts,12597740317.0
2009-10-01,Investment Trusts,12218807064.5
2009-11-01,Investment Trusts,13106540459.25
2009-12-01,Investment Trusts,17546872224.0
2010-01-01,Investment Trusts,15881270211.5
2010-02-01,Investment Trusts,50774062257.0
2010-03-01,Investment Trusts,38617407742.25
2010-04-01,Investment Trusts,40672710274.0
2010-05-01,Investment Trusts,35869415393.0
2010-06-01,Investment Trusts,35741152721.0
2010-07-01,Investment Trusts,65921870786.5
2010-08-01,Investment Trusts,60469431496.4
2010-09-01,Investment Trusts,68115794689.9
2010-10-01,Investment Trusts,67055578312.2
2010-11-01,Investment Trusts,63290301841.4
2010-12-01,Investment Trusts,64597798358.7
2011-01-01,Investment Trusts,74873074098.4
2011-02-01,Investment Trusts,159866445101.0
2011-03-01,Investment Trusts,86889404665.3
2011-04-01,Investment Trusts,87515651300.1
2011-05-01,Investment Trusts,80046421275.6
2011-06-01,Investment Trusts,73273353137.5
2011-07-01,Investment Trusts,77871489521.8
2011-08-01,Investment Trusts,72636585870.6
2011-09-01,Investment Trusts,71613367702.7
2011-10-01,Investment Trusts,62244424649.9
2011-11-01,Investment Trusts,61135095167.8
2011-12-01,Investment Trusts,56065082445.5
2012-01-01,Investment Trusts,49919595877.8
2012-02-01,Investment Trusts,43456962959.9
2012-03-01,Investment Trusts,40585687124.5
2012-04-01,Investment Trusts,35506205876.5
2012-05-01,Investment Trusts,28616224734.2
2012-06-01,Investment Trusts,31307027009.2
2012-07-01,Investment Trusts,31116173018.1
2012-08-01,Investment Trusts,33031319020.3
2012-09-01,Investment Trusts,40238981903.2
2012-10-01,Investment Trusts,35282586047.1
2012-11-01,Investment Trusts,33942263379.4
2012-12-01,Investment Trusts,35997027711.4
2013-01-01,Investment Trusts,36591898298.2
2013-02-01,Investment Trusts,32278979425.8
2013-03-01,Investment Trusts,32674167414.7
2013-04-01,Investment Trusts,35855715231.3
2013-05-01,Investment Trusts,39566649720.0
2013-06-01,Investment Trusts,36352933930.9
2013-07-01,Investment Trusts,33495715595.1
2013-08-01,Investment Trusts,31180632391.3
2013-09-01,Investment Trusts,34049587419.1
2013-10-01,Investment Trusts,34953252700.3
2013-11-01,Investment Trusts,33129462932.4
2013-12-01,Investment Trusts,33158551462.4
2014-01-01,Investment Trusts,33436489967.0
2014-02-01,Investment Trusts,32784413235.1
2014-03-01,Investment Trusts,31687948580.7
2014-04-01,Investment Trusts,32349744941.6
2014-05-01,Investment Trusts,32416667355.8
2014-06-01,Investment Trusts,32682538650.2
2014-07-01,Investment Trusts,35460600704.9
2014-08-01,Investment Trusts,37463089789.0
2014-09-01,Investment Trusts,39664559213.1
2014-10-01,Investment Trusts,38909571443.4
2014-11-01,Investment Trusts,39002555852.1
2014-12-01,Investment Trusts,39693244010.3
2015-01-01,Investment Trusts,39163425300.3
2015-02-01,Investment Trusts,38645299313.3
2015-03-01,Investment Trusts,36160559709.7
2015-04-01,Investment Trusts,37870035358.0
2015-05-01,Investment Trusts,37856823710.9
2015-06-01,Investment Trusts,36633295004.9
2015-07-01,Investment Trusts,38831150832.6
2015-08-01,Investment Trusts,37642996851.4
2015-09-01,Investment Trusts,35008065287.5
2015-10-01,Investment Trusts,35855954761.7
2015-11-01,Investment Trusts,34286484986.0
2015-12-01,Investment Trusts,33764761136.1
2016-01-01,Investment Trusts,29931290793.2
2016-02-01,Investment Trusts,25883340611.6
2016-03-01,Investment Trusts,24551418487.9
2016-04-01,Investment Trusts,30415300219.3
2016-05-01,Investment Trusts,29468332524.8
2016-06-01,Investment Trusts,27295883713.4
2016-07-01,Investment Trusts,28414872417.4
2016-08-01,Investment Trusts,27682396848.4
2016-09-01,Investment Trusts,27243253738.4
2016-10-01,Investment Trusts,25543242873.6
2016-11-01,Investment Trusts,23628107144.7
2016-12-01,Investment Trusts,23973713112.4
2017-01-01,Investment Trusts,22882013679.2
2017-02-01,Investment Trusts,21945956688.7
2017-03-01,Investment Trusts,20536023496.5
2017-04-01,Investment Trusts,24772683164.0
2017-05-01,Investment Trusts,24444839212.4
2017-06-01,Investment Trusts,24889755366.0
2017-07-01,Investment Trusts,26269370842.4
2017-08-01,Investment Trusts,24267065422.4
2017-09-01,Investment Trusts,24568427332.0
2017-10-01,Investment Trusts,25333614050.8
2017-11-01,Investment Trusts,23155671942.6
2017-12-01,Investment Trusts,22503144833.1
2018-01-01,Investment Trusts,21881825296.8
2018-02-01,Investment Trusts,22241314093.5
2018-03-01,Investment Trusts,21194076653.1
2018-04-01,Investment Trusts,21678938596.8
2018-05-01,Investment Trusts,20349206647.8
2018-06-01,Investment Trusts,18526341523.8
2018-07-01,Investment Trusts,18266364215.5
2018-08-01,Investment Trusts,18557718716.3
2018-09-01,Investment Trusts,18828090104.2
2018-10-01,Investment Trusts,19914026327.5
2018-11-01,Investment Trusts,18751448382.1
2018-12-01,Investment Trusts,19025632149.0
2019-01-01,Investment Trusts,19011195336.8
2019-02-01,Investment Trusts,17756841523.4
2019-03-01,Investment Trusts,17467841490.8
2019-04-01,Investment Trusts,17013427093.4
2019-05-01,Investment Trusts,17219183551.2
2019-06-01,Investment Trusts,17348449621.9
2019-07-01,Investment Trusts,20956165899.2
2019-08-01,Investment Trusts,27214530980.7
2019-09-01,Investment Trusts,27350588539.4
2019-10-01,Investment Trusts,29613366172.6
2019-11-01,Investment Trusts,30845978101.8
2019-12-01,Investment Trusts,30665628305.6
2005-01-01,Land & Property,10332409906.0
2005-02-01,Land & Property,11240687109.5
2005-03-01,Land & Property,13031591533.75
2005-04-01,Land & Property,13438769927.0
2005-05-01,Land & Property,14569886503.25
2005-06-01,Land & Property,13125759729.75
2005-07-01,Land & Property,13759734766.5
2005-08-01,Land & Property,14146064004.25
2005-09-01,Land & Property,17635883607.5
2005-10-01,Land & Property,26496134725.5
2005-11-01,Land & Property,20316806301.0
2005-12-01,Land & Property,16272895326.0
2006-01-01,Land & Property,20857464688.0
2006-02-01,Land & Property,21389536173.0
2006-03-01,Land & Property,23036117052.5
2006-04-01,Land & Property,20318016807.0
2006-05-01,Land & Property,19290716848.0
2006-06-01,Land & Property,18660213839.0
2006-07-01,Land & Property,20823212353.5
2006-08-01,Land & Property,20093995584.0
2006-09-01,Land & Property,21369876596.5
2006-10-01,Land & Property,21153143840.0
2006-11-01,Land & Property,20203994353.5
2006-12-01,Land & Property,19360840083.5
2007-01-01,Land & Property,19429079710.5
2007-02-01,Land & Property,19721554453.5
2007-03-01,Land & Property,17614331593.5
2007-04-01,Land & Property,17276818589.0
2007-05-01,Land & Property,14438147208.5
2007-06-01,Land & Property,15990848542.5
2007-07-01,Land & Property,16098029431.5
2007-08-01,Land & Property,16933956678.5
2007-09-01,Land & Property,16554726890.5
2007-10-01,Land & Property,17866750120.5
2007-11-01,Land & Property,16787932856.0
2007-12-01,Land & Property,16903980463.0
2008-01-01,Land & Property,15879784443.0
2008-02-01,Land & Property,17293355911.5
2008-03-01,Land & Property,17293943367.0
2008-04-01,Land & Property,17648648421.5
2008-05-01,Land & Property,17112098098.5
2008-06-01,Land & Property,15875599777.5
2008-07-01,Land & Property,16196140094.0
2008-08-01,Land & Property,17051252417.0
2008-09-01,Land & Property,14626900893.5
2008-10-01,Land & Property,12639319904.0
2008-11-01,Land & Property,11284626188.5
2008-12-01,Land & Property,10107431097.0
2009-01-01,Land & Property,14048617066.5
2009-02-01,Land & Property,13123795659.5
2009-03-01,Land & Property,11687637302.5
2009-04-01,Land & Property,13178871620.0
2009-05-01,Land & Property,15683742126.5
2009-06-01,Land & Property,17504278627.5
2009-07-01,Land & Property,17483903048.5
2009-08-01,Land & Property,17315368616.5
2009-09-01,Land & Property,19147120821.0
2009-10-01,Land & Property,18779687038.0
2009-11-01,Land & Property,17972099106.5
2009-12-01,Land & Property,19383874661.0
2010-01-01,Land & Property,20592046038.5
2010-02-01,Land & Property,20783892037.5
2010-03-01,Land & Property,19718794242.5
2010-04-01,Land & Property,23077268808.0
2010-05-01,Land & Property,22526770913.5
2010-06-01,Land & Property,30199902515.0
2010-07-01,Land & Property,31152931684.0
2010-08-01,Land & Property,29350169297.1
2010-09-01,Land & Property,32647726261.7
2010-10-01,Land & Property,32719338621.5
2010-11-01,Land & Property,31258331591.1
2010-12-01,Land & Property,31144395680.8
2011-01-01,Land & Property,34123562596.8
2011-02-01,Land & Property,35803095825.4
2011-03-01,Land & Property,33762904620.5
2011-04-01,Land & Property,35017958324.6
2011-05-01,Land & Property,39975296472.0
2011-06-01,Land & Property,41237377457.8
2011-07-01,Land & Property,39966395533.4
2011-08-01,Land & Property,51777395814.5
2011-09-01,Land & Property,49293506701.1
2011-10-01,Land & Property,43533177245.1
2011-11-01,Land & Property,45220134856.1
2011-12-01,Land & Property,43770633775.1
2012-01-01,Land & Property,39638437504.1
2012-02-01,Land & Property,36528725922.3
2012-03-01,Land & Property,34998385765.4
2012-04-01,Land & Property,34233462167.4
2012-05-01,Land & Property,29280459055.1
2012-06-01,Land & Property,31540009160.6
2012-07-01,Land & Property,31383762260.5
2012-08-01,Land & Property,34672035526.2
2012-09-01,Land & Property,39128295215.8
2012-10-01,Land & Property,35865502599.8
2012-11-01,Land & Property,33837314264.8
2012-12-01,Land & Property,35109124115.2
2013-01-01,Land & Property,34711425377.9
2013-02-01,Land & Property,32604939336.4
2013-03-01,Land & Property,32923765732.0
2013-04-01,Land & Property,38750145360.5
2013-05-01,Land & Property,46331006750.5
2013-06-01,Land & Property,42264311464.9
2013-07-01,Land & Property,40015858077.9
2013-08-01,Land & Property,36556424216.8
2013-09-01,Land & Property,37942747614.1
2013-10-01,Land & Property,39470395176.2
2013-11-01,Land & Property,37384332893.8
2013-12-01,Land & Property,39170398389.1
2014-01-01,Land & Property,41823125226.8
2014-02-01,Land & Property,40621547117.3
2014-03-01,Land & Property,40819107314.5
2014-04-01,Land & Property,43655123698.4
2014-05-01,Land & Property,43550965387.1
2014-06-01,Land & Property,46201192378.3
2014-07-01,Land & Property,48643405137.5
2014-08-01,Land & Property,51255896633.1
2014-09-01,Land & Property,54163929953.5
2014-10-01,Land & Property,54083815518.8
2014-11-01,Land & Property,50332812143.0
2014-12-01,Land & Property,52709099218.1
2015-01-01,Land & Property,53064534916.9
2015-02-01,Land & Property,52311679523.6
2015-03-01,Land & Property,46648858692.3
2015-04-01,Land & Property,49251639439.8
2015-05-01,Land & Property,49670999136.3
2015-06-01,Land & Property,49432913919.9
2015-07-01,Land & Property,52006526577.7
2015-08-01,Land & Property,50722157619.7
2015-09-01,Land & Property,49145228552.5
2015-10-01,Land & Property,47907405677.3
2015-11-01,Land & Property,49062656971.2
2015-12-01,Land & Property,49652010499.8
2016-01-01,Land & Property,47398490483.2
2016-02-01,Land & Property,46686908490.6
2016-03-01,Land & Property,46968273447.4
2016-04-01,Land & Property,50640350270.7
2016-05-01,Land & Property,50081568785.9
2016-06-01,Land & Property,48044445864.1
2016-07-01,Land & Property,48472993772.5
2016-08-01,Land & Property,50432523590.7
2016-09-01,Land & Property,47700957686.9
2016-10-01,Land & Property,46553765073.1
2016-11-01,Land & Property,42848369013.6
2016-12-01,Land & Property,51345172116.2
2017-01-01,Land & Property,49172725841.6
2017-02-01,Land & Property,48669141053.6
2017-03-01,Land & Property,49166521023.8
2017-04-01,Land & Property,51124220484.4
2017-05-01,Land & Property,55145909574.4
2017-06-01,Land & Property,54497224513.6
2017-07-01,Land & Property,53925952915.4
2017-08-01,Land & Property,51616148734.6
2017-09-01,Land & Property,50649811519.4
2017-10-01,Land & Property,50787827865.0
2017-11-01,Land & Property,49164014511.2
2017-12-01,Land & Property,49998026387.6
2018-01-01,Land & Property,49584693844.8
2018-02-01,Land & Property,51902774918.4
2018-03-01,Land & Property,53420300320.6
2018-04-01,Land & Property,54392612045.2
2018-05-01,Land & Property,53647318784.2
2018-06-01,Land & Property,50942079502.6
2018-07-01,Land & Property,51462879143.4
2018-08-01,Land & Property,50902432607.4
2018-09-01,Land & Property,49241415140.0
2018-10-01,Land & Property,50650887020.8
2018-11-01,Land & Property,50647619075.2
2018-12-01,Land & Property,50525627944.6
2019-01-01,Land & Property,49116625592.8
2019-02-01,Land & Property,49153519719.2
2019-03-01,Land & Property,49067337647.6
2019-04-01,Land & Property,47358791011.4
2019-05-01,Land & Property,46240732863.4
2019-06-01,Land & Property,49546711025.2
2019-07-01,Land & Property,54923820339.2
2019-08-01,Land & Property,54845643665.8
2019-09-01,Land & Property,52329242921.7
2019-10-01,Land & Property,54007330376.0
2019-11-01,Land & Property,54069960927.8
2019-12-01,Land & Property,53464834182.9
2005-01-01,Manufacturing,30547357153.5
2005-02-01,Manufacturing,32964894946.25
2005-03-01,Manufacturing,34607761759.0
2005-04-01,Manufacturing,36330802584.5
2005-05-01,Manufacturing,35729369309.5
2005-06-01,Manufacturing,33842163304.25
2005-07-01,Manufacturing,34495202253.75
2005-08-01,Manufacturing,34889885462.0
2005-09-01,Manufacturing,38471695324.25
2005-10-01,Manufacturing,39573482721.75
2005-11-01,Manufacturing,37054500240.25
2005-12-01,Manufacturing,29876384034.75
2006-01-01,Manufacturing,34933293029.0
2006-02-01,Manufacturing,35104092326.95
2006-03-01,Manufacturing,34993558729.7
2006-04-01,Manufacturing,34494301852.35
2006-05-01,Manufacturing,32842898932.75
2006-06-01,Manufacturing,32146062498.05
2006-07-01,Manufacturing,33917560033.25
2006-08-01,Manufacturing,34777551744.9
2006-09-01,Manufacturing,38628384824.1
2006-10-01,Manufacturing,39628004168.65
2006-11-01,Manufacturing,42333911508.75
2006-12-01,Manufacturing,42165283352.15
2007-01-01,Manufacturing,46313942962.45
2007-02-01,Manufacturing,49127640264.05
2007-03-01,Manufacturing,44719594649.35
2007-04-01,Manufacturing,45801496178.05
2007-05-01,Manufacturing,40543357877.6
2007-06-01,Manufacturing,42343626861.5
2007-07-01,Manufacturing,40663280548.55
2007-08-01,Manufacturing,40511084498.9
2007-09-01,Manufacturing,40441384031.1
2007-10-01,Manufacturing,39828586043.85
2007-11-01,Manufacturing,38302818428.95
2007-12-01,Manufacturing,38510961871.6
2008-01-01,Manufacturing,39734978668.45
2008-02-01,Manufacturing,42898867221.65
2008-03-01,Manufacturing,42852066042.9
2008-04-01,Manufacturing,46142527386.8
2008-05-01,Manufacturing,45147371468.65
2008-06-01,Manufacturing,43716586546.05
2008-07-01,Manufacturing,45672169440.2
2008-08-01,Manufacturing,46650082259.9
2008-09-01,Manufacturing,44280404264.71
2008-10-01,Manufacturing,39112425189.25
2008-11-01,Manufacturing,37517745648.1
2008-12-01,Manufacturing,33628682970.3
2009-01-01,Manufacturing,39208125586.75
2009-02-01,Manufacturing,36553125146.35
2009-03-01,Manufacturing,34094189424.75
2009-04-01,Manufacturing,39112482180.7
2009-05-01,Manufacturing,45151917493.6
2009-06-01,Manufacturing,42414826944.2
2009-07-01,Manufacturing,45333758629.25
2009-08-01,Manufacturing,46054000663.75
2009-09-01,Manufacturing,51579926602.65
2009-10-01,Manufacturing,53502766679.35
2009-11-01,Manufacturing,53873182857.4
2009-12-01,Manufacturing,64293814389.75
2010-01-01,Manufacturing,68762593289.45
2010-02-01,Manufacturing,74315189508.75
2010-03-01,Manufacturing,75158925328.05
2010-04-01,Manufacturing,82930077277.9
2010-05-01,Manufacturing,80550126129.9
2010-06-01,Manufacturing,87787266934.4
2010-07-01,Manufacturing,94486852808.75
2010-08-01,Manufacturing,94282751214.5
2010-09-01,Manufacturing,117753664954.6
2010-10-01,Manufacturing,109623617207.5
2010-11-01,Manufacturing,108182138016.7
2010-12-01,Manufacturing,120363206976.8
2011-01-01,Manufacturing,139666409267.1
2011-02-01,Manufacturing,141407662180.4
2011-03-01,Manufacturing,135943322861.9
2011-04-01,Manufacturing,139024567429.8
2011-05-01,Manufacturing,136731712437.4
2011-06-01,Manufacturing,125346118097.6
2011-07-01,Manufacturing,125122281539.6
2011-08-01,Manufacturing,132416406980.6
2011-09-01,Manufacturing,131522969800.6
2011-10-01,Manufacturing,122074332210.0
2011-11-01,Manufacturing,119838196519.4
2011-12-01,Manufacturing,119510473738.9
2012-01-01,Manufacturing,111561564719.9
2012-02-01,Manufacturing,107582982636.8
2012-03-01,Manufacturing,101002117523.5
2012-04-01,Manufacturing,97550743676.3
2012-05-01,Manufacturing,83311604033.2
2012-06-01,Manufacturing,88691717617.5
2012-07-01,Manufacturing,89050834328.9
2012-08-01,Manufacturing,92434345392.7
2012-09-01,Manufacturing,105719802593.1
2012-10-01,Manufacturing,98434673516.8
2012-11-01,Manufacturing,92604363204.7
2012-12-01,Manufacturing,98519362380.9
2013-01-01,Manufacturing,99883464329.4
2013-02-01,Manufacturing,96135715889.7
2013-03-01,Manufacturing,97072653457.0
2013-04-01,Manufacturing,104830922357.5
2013-05-01,Manufacturing,122231501410.2
2013-06-01,Manufacturing,115774688762.7
2013-07-01,Manufacturing,114742142324.8
2013-08-01,Manufacturing,108100998385.2
2013-09-01,Manufacturing,105871346083.5
2013-10-01,Manufacturing,110067464891.5
2013-11-01,Manufacturing,105734823490.1
2013-12-01,Manufacturing,107103394681.6
2014-01-01,Manufacturing,115240701558.7
2014-02-01,Manufacturing,108837438616.1
2014-03-01,Manufacturing,110746097545.1
2014-04-01,Manufacturing,119745011480.2
2014-05-01,Manufacturing,122872063272.1
2014-06-01,Manufacturing,127337638437.9
2014-07-01,Manufacturing,136785497115.3
2014-08-01,Manufacturing,140323088539.0
2014-09-01,Manufacturing,148141439060.0
2014-10-01,Manufacturing,151610195680.3
2014-11-01,Manufacturing,149048308644.9
2014-12-01,Manufacturing,161969139653.2
2015-01-01,Manufacturing,165466112950.3
2015-02-01,Manufacturing,167233153309.7
2015-03-01,Manufacturing,158548903321.5
2015-04-01,Manufacturing,169510911308.6
2015-05-01,Manufacturing,173252305140.6
2015-06-01,Manufacturing,166373802435.4
2015-07-01,Manufacturing,180644237815.2
2015-08-01,Manufacturing,181211816519.2
2015-09-01,Manufacturing,174193763451.3
2015-10-01,Manufacturing,177807484642.3
2015-11-01,Manufacturing,172374779829.6
2015-12-01,Manufacturing,172705663868.5
2016-01-01,Manufacturing,158203896380.7
2016-02-01,Manufacturing,149678187049.9
2016-03-01,Manufacturing,148551449567.7
2016-04-01,Manufacturing,166678318049.5
2016-05-01,Manufacturing,166155231170.8
2016-06-01,Manufacturing,159761850389.1
2016-07-01,Manufacturing,169217999108.2
2016-08-01,Manufacturing,176590144978.2
2016-09-01,Manufacturing,183438661337.6
2016-10-01,Manufacturing,177856910660.2
2016-11-01,Manufacturing,171011001075.4
2016-12-01,Manufacturing,170390289033.3
2017-01-01,Manufacturing,168622782835.3
2017-02-01,Manufacturing,170166495305.7
2017-03-01,Manufacturing,164302408277.5
2017-04-01,Manufacturing,182848454137.6
2017-05-01,Manufacturing,182853264133.0
2017-06-01,Manufacturing,198136784642.5
2017-07-01,Manufacturing,192337217217.0
2017-08-01,Manufacturing,181275245614.6
2017-09-01,Manufacturing,176641304607.9
2017-10-01,Manufacturing,175191195227.2
2017-11-01,Manufacturing,167951257957.1
2017-12-01,Manufacturing,161845399360.2
2018-01-01,Manufacturing,161353678800.1
2018-02-01,Manufacturing,154246716296.0
2018-03-01,Manufacturing,148527778782.8
2018-04-01,Manufacturing,146937455432.8
2018-05-01,Manufacturing,136651742343.5
2018-06-01,Manufacturing,125285679939.7
2018-07-01,Manufacturing,129564742743.8
2018-08-01,Manufacturing,123079442208.8
2018-09-01,Manufacturing,113205560462.5
2018-10-01,Manufacturing,117649581596.9
2018-11-01,Manufacturing,117979742662.9
2018-12-01,Manufacturing,116970220682.7
2019-01-01,Manufacturing,118188744187.5
2019-02-01,Manufacturing,108153793590.8
2019-03-01,Manufacturing,103854182300.3
2019-04-01,Manufacturing,102349747818.8
2019-05-01,Manufacturing,99724077053.5
2019-06-01,Manufacturing,103463479706.1
2019-07-01,Manufacturing,120444959480.4
2019-08-01,Manufacturing,117340139541.9
2019-09-01,Manufacturing,89299647919.6
2019-10-01,Manufacturing,103779551812.5
2019-11-01,Manufacturing,116998534939.0
2019-12-01,Manufacturing,111666552335.7
2020-01-01,Materials,69562779843.4
2020-02-01,Materials,62514643261.2
2020-03-01,Materials,46475109315.0
2020-05-01,Materials,55882709219.9
2020-06-01,Materials,64106841922.5
2020-07-01,Materials,72072337578.6
2020-08-01,Materials,79389438857.2
2020-09-01,Materials,95979278958.8
2020-10-01,Materials,111505252322.5
2020-11-01,Materials,130055270826.4
2020-12-01,Materials,144091091336.3
2021-01-01,Materials,199225659374.15
2021-02-01,Materials,169707699998.05
2021-03-01,Materials,157457322750.85
2021-04-01,Materials,169919697291.2
2021-05-01,Materials,168042533806.4
2021-06-01,Materials,169042825154.75
2021-07-01,Materials,181847276407.05
2021-08-01,Materials,183203880973.3
2021-09-01,Materials,177884144605.9
2021-10-01,Materials,211495305036.65
2021-11-01,Materials,211495305036.65
2021-12-01,Materials,211495305036.65
2022-01-01,Materials,96598256611.96
2022-02-01,Materials,183258995663.8
2022-03-01,Materials,133146782356.15
2022-04-01,Materials,117239670564.45
2022-05-01,Materials,124918938628.85
2022-06-01,Materials,113397632900.55
2022-07-01,Materials,131609591614.55
2022-08-01,Materials,190195392943.5
2022-09-01,Materials,190195392943.5
2022-10-01,Materials,166020727345.15
2022-11-01,Materials,161241686878.05
2022-12-01,Materials,155006610736.7
2023-01-01,Materials,160831709476.45
2023-02-01,Materials,160831709476.45
2023-03-01,Materials,163434726519.05
2023-04-01,Materials,160259123206.75
2023-05-01,Materials,148389277443.95
2023-06-01,Materials,165501580482.75
2023-07-01,Materials,184565064615.2
2023-08-01,Materials,177312796286.15
2023-09-01,Materials,183181946188.3
2023-10-01,Materials,169351073903.35
2023-11-01,Materials,164567558737.65
2023-12-01,Materials,166010834125.8
2024-01-01,Materials,164416520720.2
2024-02-01,Materials,168005747328.35
2024-03-01,Materials,184566983038.7
2024-04-01,Materials,193720226178.1
2024-05-01,Materials,200288704742.6
2024-06-01,Materials,200288704742.6
2024-07-01,Materials,180163690802.7
2024-08-01,Materials,180163690802.7
2024-09-01,Materials,196439147764.55
2024-10-01,Materials,203477327964.2
2024-11-01,Materials,210088684258.25
2024-12-01,Materials,250656672787.8
2025-01-01,Materials,272275661901.15
2025-02-01,Materials,264057414819.75
2025-03-01,Materials,254625249570.5
2025-04-01,Materials,263729812557.45
2025-05-01,Materials,278879336929.9
2025-06-01,Materials,299106994499.7
2025-07-01,Materials,316932828216.95
2025-08-01,Materials,333944806017.75
2025-09-01,Materials,357005351938.45
2025-10-01,Materials,363961150036.2
2025-11-01,Materials,361541554131.75
2025-12-01,Materials,374955800276.85
2005-01-01,Motors,3525376299.5
2005-02-01,Motors,4109938288.5
2005-03-01,Motors,5076399749.25
2005-04-01,Motors,5487649335.0
2005-05-01,Motors,5640821125.5
2005-06-01,Motors,6002494713.5
2005-07-01,Motors,5556584038.25
2005-08-01,Motors,6285793175.75
2005-09-01,Motors,7953393755.25
2005-10-01,Motors,8199614987.5
2005-11-01,Motors,7657491467.0
2005-12-01,Motors,6244023365.75
2006-01-01,Motors,7145057392.0
2006-02-01,Motors,8516511559.0
2006-03-01,Motors,8509719443.25
2006-04-01,Motors,8260140211.5
2006-05-01,Motors,8391247137.5
2006-06-01,Motors,8805207357.25
2006-07-01,Motors,8391485881.75
2006-08-01,Motors,9138155730.0
2006-09-01,Motors,15484138542.5
2006-10-01,Motors,14613969642.25
2006-11-01,Motors,14928985231.25
2006-12-01,Motors,14331613322.75
2007-01-01,Motors,15614257031.75
2007-02-01,Motors,15883755678.5
2007-03-01,Motors,14563939787.5
2007-04-01,Motors,14999122132.0
2007-05-01,Motors,13121054589.5
2007-06-01,Motors,12841204781.0
2007-07-01,Motors,13273649204.75
2007-08-01,Motors,12503622709.5
2007-09-01,Motors,12727234553.0
2007-10-01,Motors,12748519206.75
2007-11-01,Motors,12535289321.5
2007-12-01,Motors,11855020174.75
2008-01-01,Motors,11697805984.75
2008-02-01,Motors,11948117657.0
2008-03-01,Motors,12450763320.5
2008-04-01,Motors,13783255223.75
2008-05-01,Motors,14040748272.0
2008-06-01,Motors,13262088712.75
2008-07-01,Motors,15233744742.5
2008-08-01,Motors,16706598230.0
2008-09-01,Motors,15741154004.5
2008-10-01,Motors,14092230194.5
2008-11-01,Motors,13565605263.25
2008-12-01,Motors,13176761789.75
2009-01-01,Motors,14507983140.75
2009-02-01,Motors,14013985924.75
2009-03-01,Motors,13697055681.75
2009-04-01,Motors,14084563767.75
2009-05-01,Motors,5483095675.0
2009-06-01,Motors,5279948543.0
2009-07-01,Motors,5128310369.0
2009-08-01,Motors,4951841739.5
2009-09-01,Motors,5906546495.5
2009-10-01,Motors,6014880715.75
2009-11-01,Motors,8916044458.75
2009-12-01,Motors,10170304173.5
2010-01-01,Motors,10991625120.5
2010-02-01,Motors,12702725211.75
2010-03-01,Motors,12458993635.0
2010-04-01,Motors,12953098979.5
2010-05-01,Motors,14203146754.25
2010-06-01,Motors,18722693017.5
2010-07-01,Motors,26051251794.0
2010-08-01,Motors,34026705467.6
2010-09-01,Motors,33365583352.3
2010-10-01,Motors,36291599232.2
2010-11-01,Motors,34867095429.0
2010-12-01,Motors,34649060348.5
2011-01-01,Motors,39553590644.4
2011-02-01,Motors,42420704905.5
2011-03-01,Motors,37863083929.3
2011-04-01,Motors,51945998622.2
2011-05-01,Motors,53601688982.3
2011-06-01,Motors,48801563540.1
2011-07-01,Motors,47699357590.1
2011-08-01,Motors,43245160994.3
2011-09-01,Motors,42499746267.0
2011-10-01,Motors,39509769889.4
2011-11-01,Motors,36653370353.0
2011-12-01,Motors,38326112167.5
2012-01-01,Motors,36976749143.9
2012-02-01,Motors,32800324815.7
2012-03-01,Motors,28863099284.7
2012-04-01,Motors,23162992556.5
2012-05-01,Motors,19690179474.4
2012-06-01,Motors,20889088388.1
2012-07-01,Motors,21011844102.4
2012-08-01,Motors,21676253608.3
2012-09-01,Motors,25788066990.2
2012-10-01,Motors,24159786071.0
2012-11-01,Motors,20927203109.1
2012-12-01,Motors,22327351180.1
2013-01-01,Motors,22688395082.1
2013-02-01,Motors,21043419965.3
2013-03-01,Motors,20804591016.8
2013-04-01,Motors,20982117439.4
2013-05-01,Motors,24353212198.5
2013-06-01,Motors,23173862468.5
2013-07-01,Motors,21948162042.1
2013-08-01,Motors,20903331875.0
2013-09-01,Motors,21099890265.3
2013-10-01,Motors,21349715692.0
2013-11-01,Motors,20801583600.0
2013-12-01,Motors,21332593239.1
2014-01-01,Motors,21930723101.7
2014-02-01,Motors,21948392547.0
2014-03-01,Motors,21251930453.0
2014-04-01,Motors,21183765980.2
2014-05-01,Motors,21355700423.8
2014-06-01,Motors,21772175253.4
2014-07-01,Motors,26027563979.7
2014-08-01,Motors,26054504889.1
2014-09-01,Motors,26562012566.2
2014-10-01,Motors,26723345235.1
2014-11-01,Motors,26064991168.2
2014-12-01,Motors,25974388336.1
2015-01-01,Motors,25460557650.0
2015-02-01,Motors,25861830663.7
2015-03-01,Motors,23808925772.8
2015-04-01,Motors,24699502679.4
2015-05-01,Motors,27092639345.1
2015-06-01,Motors,26646684923.0
2015-07-01,Motors,27082982034.1
2015-08-01,Motors,27574636383.2
2015-09-01,Motors,26587162519.4
2015-10-01,Motors,25749737236.2
2015-11-01,Motors,25486102503.0
2015-12-01,Motors,25149810141.9
2016-01-01,Motors,23709154477.5
2016-02-01,Motors,23872481941.7
2016-03-01,Motors,23014799773.1
2016-04-01,Motors,23935451745.5
2016-05-01,Motors,25561082536.2
2016-06-01,Motors,23576249926.0
2016-07-01,Motors,23866672247.6
2016-08-01,Motors,23411247482.6
2016-09-01,Motors,23460947386.6
2016-10-01,Motors,23309480502.0
2016-11-01,Motors,22537044291.4
2016-12-01,Motors,21597118916.7
2017-01-01,Motors,21216677182.1
2017-02-01,Motors,21004405186.6
2017-03-01,Motors,20474067770.3
2017-04-01,Motors,21232229094.9
2017-05-01,Motors,21325509945.5
2017-06-01,Motors,21384137824.5
2017-07-01,Motors,20931540914.1
2017-08-01,Motors,20616365774.2
2017-09-01,Motors,20209826185.9
2017-10-01,Motors,20340120194.7
2017-11-01,Motors,20389586505.5
2017-12-01,Motors,20337164178.9
2018-01-01,Motors,20208828651.9
2018-02-01,Motors,20251404463.5
2018-03-01,Motors,20178101808.8
2018-04-01,Motors,20721326074.0
2018-05-01,Motors,20548161254.1
2018-06-01,Motors,20090977179.5
2018-07-01,Motors,19446497091.0
2018-08-01,Motors,19147267725.0
2018-09-01,Motors,18810600907.4
2018-10-01,Motors,18768781268.9
2018-11-01,Motors,18544762119.0
2018-12-01,Motors,18757367156.5
2019-01-01,Motors,17700197131.2
2019-02-01,Motors,16951038260.1
2019-03-01,Motors,16049017088.5
2019-04-01,Motors,15082734760.9
2019-05-01,Motors,14772130378.5
2019-06-01,Motors,15405758714.7
2019-07-01,Motors,15750543956.2
2019-08-01,Motors,16069951904.2
2019-09-01,Motors,15650216378.6
2019-10-01,Motors,15982083463.1
2019-11-01,Motors,16059396877.1
2019-12-01,Motors,15986055406.4
2005-01-01,Oil Palms,16245393643.6
2005-02-01,Oil Palms,19691540931.0
2005-03-01,Oil Palms,19833329410.0
2005-04-01,Oil Palms,16839670368.0
2005-05-01,Oil Palms,22107157360.25
2005-06-01,Oil Palms,21345209485.0
2005-07-01,Oil Palms,20242297000.0
2005-08-01,Oil Palms,21539606955.0
2005-09-01,Oil Palms,20945733497.0
2005-10-01,Oil Palms,20879291720.0
2005-11-01,Oil Palms,19483787080.0
2005-12-01,Oil Palms,18943633660.0
2006-01-01,Oil Palms,20974233800.0
2006-02-01,Oil Palms,21371077581.0
2006-03-01,Oil Palms,20554653981.0
2006-04-01,Oil Palms,24277959413.25
2006-05-01,Oil Palms,24303669270.0
2006-06-01,Oil Palms,21434635711.75
2006-07-01,Oil Palms,21824026645.0
2006-08-01,Oil Palms,21940635063.0
2006-09-01,Oil Palms,22491291874.0
2006-10-01,Oil Palms,20893749873.0
2006-11-01,Oil Palms,21840632460.0
2006-12-01,Oil Palms,21096226540.0
2007-01-01,Oil Palms,21233234433.0
2007-02-01,Oil Palms,21081798485.0
2007-03-01,Oil Palms,23699371480.0
2007-04-01,Oil Palms,23726082460.0
2007-05-01,Oil Palms,18923402406.75
2007-06-01,Oil Palms,18517983476.75
2007-07-01,Oil Palms,17898160957.0
2007-08-01,Oil Palms,17422170705.0
2007-09-01,Oil Palms,18197039795.0
2007-10-01,Oil Palms,18726628055.0
2007-11-01,Oil Palms,21324446060.0
2007-12-01,Oil Palms,21120344860.0
2008-01-01,Oil Palms,20429401795.0
2008-02-01,Oil Palms,22470805195.0
2008-03-01,Oil Palms,22852257561.5
2008-04-01,Oil Palms,27452208595.0
2008-05-01,Oil Palms,24922775795.0
2008-06-01,Oil Palms,24741452860.0
2008-07-01,Oil Palms,24015245437.5
2008-08-01,Oil Palms,24623380170.0
2008-09-01,Oil Palms,23873704455.0
2008-10-01,Oil Palms,18642228980.0
2008-11-01,Oil Palms,14204018992.0
2008-12-01,Oil Palms,12295754012.0
2009-01-01,Oil Palms,14642706603.0
2009-02-01,Oil Palms,14165598216.25
2009-03-01,Oil Palms,13757124445.0
2009-04-01,Oil Palms,14608282980.0
2009-05-01,Oil Palms,15724869459.0
2009-06-01,Oil Palms,18356143800.0
2009-07-01,Oil Palms,21664832276.25
2009-08-01,Oil Palms,23800659120.0
2009-09-01,Oil Palms,28377761585.0
2009-10-01,Oil Palms,29289105055.0
2009-11-01,Oil Palms,28145139635.0
2009-12-01,Oil Palms,43570086486.5
2010-01-01,Oil Palms,44672750400.0
2010-02-01,Oil Palms,45076455470.0
2010-03-01,Oil Palms,42410576558.0
2010-04-01,Oil Palms,56321578558.0
2010-05-01,Oil Palms,55449010399.75
2010-06-01,Oil Palms,56561416290.0
2010-07-01,Oil Palms,71773585085.0
2010-08-01,Oil Palms,94551908005.9
2010-09-01,Oil Palms,98230064875.0
2010-10-01,Oil Palms,101594192360.0
2010-11-01,Oil Palms,96715286600.0
2010-12-01,Oil Palms,106413046850.0
2011-01-01,Oil Palms,110646998120.0
2011-02-01,Oil Palms,173004057738.2
2011-03-01,Oil Palms,147515770533.7
2011-04-01,Oil Palms,149719222182.0
2011-05-01,Oil Palms,135296973080.0
2011-06-01,Oil Palms,137327774674.5
2011-07-01,Oil Palms,142684985060.0
2011-08-01,Oil Palms,144801231905.7
2011-09-01,Oil Palms,141391708012.7
2011-10-01,Oil Palms,136683558198.7
2011-11-01,Oil Palms,138937456763.1
2011-12-01,Oil Palms,137407487994.0
2012-01-01,Oil Palms,135138827800.0
2012-02-01,Oil Palms,132609450959.4
2012-03-01,Oil Palms,119469162494.0
2012-04-01,Oil Palms,121528766110.0
2012-05-01,Oil Palms,106574078749.2
2012-06-01,Oil Palms,110978573942.0
2012-07-01,Oil Palms,108417513120.0
2012-08-01,Oil Palms,104217391222.0
2012-09-01,Oil Palms,109031511014.0
2012-10-01,Oil Palms,104525215307.0
2012-11-01,Oil Palms,101492842644.0
2012-12-01,Oil Palms,104921009793.0
2013-01-01,Oil Palms,105054024450.0
2013-02-01,Oil Palms,102858183500.0
2013-03-01,Oil Palms,101809592476.0
2013-04-01,Oil Palms,103769672860.7
2013-05-01,Oil Palms,106466322726.0
2013-06-01,Oil Palms,104140370669.3
2013-07-01,Oil Palms,100223203708.0
2013-08-01,Oil Palms,99726713188.0
2013-09-01,Oil Palms,101574939589.3
2013-10-01,Oil Palms,104798989355.3
2013-11-01,Oil Palms,95892689760.0
2013-12-01,Oil Palms,92827210958.4
2014-01-01,Oil Palms,93648692538.7
2014-02-01,Oil Palms,87550581517.0
2014-03-01,Oil Palms,101475304417.4
2014-04-01,Oil Palms,104882247410.0
2014-05-01,Oil Palms,113220739190.7
2014-06-01,Oil Palms,120882458291.1
2014-07-01,Oil Palms,125056131290.0
2014-08-01,Oil Palms,122492580854.0
2014-09-01,Oil Palms,121652615130.7
2014-10-01,Oil Palms,117349168470.0
2014-11-01,Oil Palms,124883613402.3
2014-12-01,Oil Palms,118928129340.0
2015-01-01,Oil Palms,115401019356.0
2015-02-01,Oil Palms,127724012118.0
2015-03-01,Oil Palms,118192053756.1
2015-04-01,Oil Palms,123614781678.1
2015-05-01,Oil Palms,120612259036.3
2015-06-01,Oil Palms,119045031541.3
2015-07-01,Oil Palms,118323013069.3
2015-08-01,Oil Palms,115110110107.0
2015-09-01,Oil Palms,114086415164.8
2015-10-01,Oil Palms,107888639594.9
2015-11-01,Oil Palms,100228439594.9
2015-12-01,Oil Palms,98808639578.9
2016-01-01,Oil Palms,85929815333.7
2016-02-01,Oil Palms,85940015333.7
2016-03-01,Oil Palms,80829815333.7
2016-04-01,Oil Palms,83086177384.0
2016-05-01,Oil Palms,83106577384.0
2016-06-01,Oil Palms,75456577384.0
2016-07-01,Oil Palms,75725754280.0
2016-08-01,Oil Palms,74114154280.0
2016-09-01,Oil Palms,71808766194.0
2016-10-01,Oil Palms,75045060742.7
2016-11-01,Oil Palms,74606911425.0
2016-12-01,Oil Palms,75116911425.0
2017-01-01,Oil Palms,72829628146.6
2017-02-01,Oil Palms,60806104159.3
2017-03-01,Oil Palms,56991440409.3
2017-04-01,Oil Palms,57991040409.3
2017-05-01,Oil Palms,56017281752.1
2017-06-01,Oil Palms,54599481752.1
2017-07-01,Oil Palms,55068681752.1
2017-08-01,Oil Palms,50646616209.0
2017-09-01,Oil Palms,48321016209.0
2017-10-01,Oil Palms,49677616209.0
2017-11-01,Oil Palms,48852822075.6
2017-12-01,Oil Palms,45573431597.4
2018-01-01,Oil Palms,45672159757.8
2018-02-01,Oil Palms,46241454397.8
2018-03-01,Oil Palms,43395654397.8
2018-04-01,Oil Palms,44925654397.8
2018-05-01,Oil Palms,44813454397.8
2018-06-01,Oil Palms,43018254397.8
2018-07-01,Oil Palms,43385454397.8
2018-08-01,Oil Palms,43793454397.8
2018-09-01,Oil Palms,41982163527.0
2018-10-01,Oil Palms,42502363527.0
2018-11-01,Oil Palms,43509575301.3
2018-12-01,Oil Palms,42803831733.0
2019-01-01,Oil Palms,42355031733.0
2019-02-01,Oil Palms,42283631733.0
2019-03-01,Oil Palms,42283631733.0
2019-04-01,Oil Palms,42691631733.0
2019-05-01,Oil Palms,41636593651.8
2019-06-01,Oil Palms,41646793651.8
2019-07-01,Oil Palms,42620618667.6
2019-08-01,Oil Palms,42735493227.6
2019-09-01,Oil Palms,44642893227.6
2019-10-01,Oil Palms,42235693227.6
2019-11-01,Oil Palms,42603833017.8
2019-12-01,Oil Palms,43634033017.8
2020-01-01,"Pharmaceuticals, Biotechnology & Life Sciences",5609415807.0
2020-02-01,"Pharmaceuticals, Biotechnology & Life Sciences",5609415807.0
2020-03-01,"Pharmaceuticals, Biotechnology & Life Sciences",5609415807.0
2020-05-01,"Pharmaceuticals, Biotechnology & Life Sciences",5609415807.0
2020-06-01,"Pharmaceuticals, Biotechnology & Life Sciences",5609415807.0
2020-07-01,"Pharmaceuticals, Biotechnology & Life Sciences",5609415807.0
2020-08-01,"Pharmaceuticals, Biotechnology & Life Sciences",5609415807.0
2005-01-01,Plantations,6600392083.94
2005-02-01,Plantations,7108486594.44
2005-03-01,Plantations,7219284178.44
2005-04-01,Plantations,7632435189.19
2005-05-01,Plantations,8619543322.44
2005-06-01,Plantations,8249853989.69
2005-07-01,Plantations,8812656836.94
2005-08-01,Plantations,8916436766.94
2005-09-01,Plantations,9741273952.94
2005-10-01,Plantations,10187520340.44
2005-11-01,Plantations,8864484378.44
2005-12-01,Plantations,7319539413.19
2006-01-01,Plantations,8455289195.0
2006-02-01,Plantations,10968052077.44
2006-03-01,Plantations,10632226437.44
2006-04-01,Plantations,10115949332.94
2006-05-01,Plantations,11620849731.44
2006-06-01,Plantations,11367649596.44
2006-07-01,Plantations,12171319297.94
2006-08-01,Plantations,12451525163.19
2006-09-01,Plantations,12707679524.69
2006-10-01,Plantations,12537727572.94
2006-11-01,Plantations,13316496228.69
2006-12-01,Plantations,12777207185.44
2007-01-01,Plantations,13427324656.75
2007-02-01,Plantations,13113499865.75
2007-03-01,Plantations,12560196127.25
2007-04-01,Plantations,12225765957.25
2007-05-01,Plantations,11496590907.75
2007-06-01,Plantations,12912955904.5
2007-07-01,Plantations,12692618989.25
2007-08-01,Plantations,13436917502.0
2007-09-01,Plantations,14981142834.95
2007-10-01,Plantations,13354820759.0
2007-11-01,Plantations,17823677542.0
2007-12-01,Plantations,21563875124.0
2008-01-01,Plantations,21237653026.0
2008-02-01,Plantations,26060574000.75
2008-03-01,Plantations,24619572838.5
2008-04-01,Plantations,27126551607.0
2008-05-01,Plantations,25898728422.5
2008-06-01,Plantations,22320614805.25
2008-07-01,Plantations,23953542027.25
2008-08-01,Plantations,23580314509.0
2008-09-01,Plantations,20615648417.75
2008-10-01,Plantations,14648303979.75
2008-11-01,Plantations,12023589534.5
2008-12-01,Plantations,11033593431.0
2009-01-01,Plantations,15133372093.5
2009-02-01,Plantations,12637414092.0
2009-03-01,Plantations,12103753315.0
2009-04-01,Plantations,13802184672.5
2009-05-01,Plantations,15484582454.25
2009-06-01,Plantations,17590856239.0
2009-07-01,Plantations,18497328392.75
2009-08-01,Plantations,19086930154.5
2009-09-01,Plantations,19730036289.5
2009-10-01,Plantations,17802386400.25
2009-11-01,Plantations,17734571314.0
2009-12-01,Plantations,18956946633.0
2010-01-01,Plantations,21421521974.25
2010-02-01,Plantations,25424677572.25
2010-03-01,Plantations,22078961493.5
2010-04-01,Plantations,27797813806.5
2010-05-01,Plantations,26043595121.5
2010-06-01,Plantations,28726401401.5
2010-07-01,Plantations,32488096531.75
2010-08-01,Plantations,34636374973.8
2010-09-01,Plantations,45551761928.2
2010-10-01,Plantations,39408493230.8
2010-11-01,Plantations,36664984648.3
2010-12-01,Plantations,40991289795.8
2011-01-01,Plantations,51031571990.3
2011-02-01,Plantations,51766024118.7
2011-03-01,Plantations,47885615268.8
2011-04-01,Plantations,45836117529.6
2011-05-01,Plantations,47550619559.0
2011-06-01,Plantations,42085144925.7
2011-07-01,Plantations,39570199622.8
2011-08-01,Plantations,35502657851.7
2011-09-01,Plantations,33438445664.7
2011-10-01,Plantations,28912096358.8
2011-11-01,Plantations,26634177941.3
2011-12-01,Plantations,26628874341.9
2012-01-01,Plantations,24708121659.6
2012-02-01,Plantations,22435012301.9
2012-03-01,Plantations,23344486367.1
2012-04-01,Plantations,22869660546.9
2012-05-01,Plantations,19012373554.3
2012-06-01,Plantations,20780698128.2
2012-07-01,Plantations,20806052830.9
2012-08-01,Plantations,22071974108.8
2012-09-01,Plantations,27664742833.4
2012-10-01,Plantations,25974641536.6
2012-11-01,Plantations,23848428505.7
2012-12-01,Plantations,25217628061.8
2013-01-01,Plantations,24941500397.1
2013-02-01,Plantations,24106622712.2
2013-03-01,Plantations,24883576408.6
2013-04-01,Plantations,25299905736.4
2013-05-01,Plantations,27017673443.5
2013-06-01,Plantations,25977625985.4
2013-07-01,Plantations,23872191980.8
2013-08-01,Plantations,22350791374.1
2013-09-01,Plantations,22762504218.4
2013-10-01,Plantations,23951492547.1
2013-11-01,Plantations,23167842072.4
2013-12-01,Plantations,23606571220.4
2014-01-01,Plantations,24639281037.7
2014-02-01,Plantations,23465629020.8
2014-03-01,Plantations,23382216767.2
2014-04-01,Plantations,24061334563.0
2014-05-01,Plantations,24083778244.8
2014-06-01,Plantations,24708582014.7
2014-07-01,Plantations,26591764113.1
2014-08-01,Plantations,27400050569.6
2014-09-01,Plantations,27060750412.1
2014-10-01,Plantations,28741770765.2
2014-11-01,Plantations,25892871841.4
2014-12-01,Plantations,26867783178.8
2015-01-01,Plantations,26577234323.6
2015-02-01,Plantations,26565775475.5
2015-03-01,Plantations,24683519542.0
2015-04-01,Plantations,25497201125.6
2015-05-01,Plantations,24820215232.6
2015-06-01,Plantations,24425277846.9
2015-07-01,Plantations,25866898079.7
2015-08-01,Plantations,26649134677.7
2015-09-01,Plantations,26460843559.5
2015-10-01,Plantations,26330274981.6
2015-11-01,Plantations,25413045490.4
2015-12-01,Plantations,25171177096.1
2016-01-01,Plantations,23169604861.2
2016-02-01,Plantations,22370726224.2
2016-03-01,Plantations,22200377715.9
2016-04-01,Plantations,24308145142.0
2016-05-01,Plantations,23814626095.2
2016-06-01,Plantations,22792978222.0
2016-07-01,Plantations,22688757072.4
2016-08-01,Plantations,22377008356.9
2016-09-01,Plantations,21900259320.7
2016-10-01,Plantations,22107775377.5
2016-11-01,Plantations,21668441351.4
2016-12-01,Plantations,21989421578.8
2017-01-01,Plantations,23158992340.4
2017-02-01,Plantations,23220868989.7
2017-03-01,Plantations,23674733387.5
2017-04-01,Plantations,28059417906.1
2017-05-01,Plantations,30762840351.7
2017-06-01,Plantations,29145374802.6
2017-07-01,Plantations,30972929062.6
2017-08-01,Plantations,31275174516.0
2017-09-01,Plantations,35298329527.7
2017-10-01,Plantations,36015763284.1
2017-11-01,Plantations,32946785648.7
2017-12-01,Plantations,32965447324.0
2018-01-01,Plantations,32443525808.0
2018-02-01,Plantations,33980985374.2
2018-03-01,Plantations,31651172304.8
2018-04-01,Plantations,33352424212.5
2018-05-01,Plantations,30430834032.1
2018-06-01,Plantations,27869971834.1
2018-07-01,Plantations,26458751440.6
2018-08-01,Plantations,26022399428.6
2018-09-01,Plantations,25377673669.0
2018-10-01,Plantations,25532458435.8
2018-11-01,Plantations,24994418626.6
2018-12-01,Plantations,25464160881.8
2019-01-01,Plantations,27171648414.2
2019-02-01,Plantations,25755960664.9
2019-03-01,Plantations,24845054539.5
2019-04-01,Plantations,24399435350.7
2019-05-01,Plantations,24030294871.5
2019-06-01,Plantations,24808438688.0
2019-07-01,Plantations,27252110577.0
2019-08-01,Plantations,26715022610.9
2019-09-01,Plantations,26158618760.9
2019-10-01,Plantations,27346161328.3
2019-11-01,Plantations,27527788100.2
2019-12-01,Plantations,27349208044.9
2005-01-01,Power & Energy,28510217511.25
2005-02-01,Power & Energy,26246965415.0
2005-03-01,Power & Energy,25581303033.75
2005-04-01,Power & Energy,27045760272.5
2005-05-01,Power & Energy,27578290177.5
2005-06-01,Power & Energy,28623775610.0
2005-07-01,Power & Energy,26596885769.0
2005-08-01,Power & Energy,22984421405.0
2005-09-01,Power & Energy,25485149766.25
2005-10-01,Power & Energy,24079293731.25
2005-11-01,Power & Energy,21800111566.25
2005-12-01,Power & Energy,18360002751.25
2006-01-01,Power & Energy,17002381082.0
2006-02-01,Power & Energy,16085360002.75
2006-03-01,Power & Energy,16329265573.5
2006-04-01,Power & Energy,15032225174.75
2006-05-01,Power & Energy,15596474743.25
2006-06-01,Power & Energy,16570534110.2
2006-07-01,Power & Energy,16336740688.05
2006-08-01,Power & Energy,16145401527.75
2006-09-01,Power & Energy,18923754224.6
2006-10-01,Power & Energy,17460329410.75
2006-11-01,Power & Energy,17002617888.4
2006-12-01,Power & Energy,17210568747.3
2007-01-01,Power & Energy,19149134387.9
2007-02-01,Power & Energy,19564928696.15
2007-03-01,Power & Energy,18017562044.55
2007-04-01,Power & Energy,17343701223.55
2007-05-01,Power & Energy,15714350174.45
2007-06-01,Power & Energy,15056886232.95
2007-07-01,Power & Energy,14425050035.6
2007-08-01,Power & Energy,15231935923.3
2007-09-01,Power & Energy,13055891666.0
2007-10-01,Power & Energy,14357505077.35
2007-11-01,Power & Energy,13348694511.15
2007-12-01,Power & Energy,13599487599.5
2008-01-01,Power & Energy,13599487599.5
2008-02-01,Power & Energy,14080762016.2
2008-03-01,Power & Energy,14284293645.4
2008-04-01,Power & Energy,13695089334.3
2008-05-01,Power & Energy,13622943066.3
2008-06-01,Power & Energy,14200707056.45
2008-07-01,Power & Energy,15334418940.35
2008-08-01,Power & Energy,17114544351.25
2008-09-01,Power & Energy,16981411875.0
2008-10-01,Power & Energy,15209910068.4
2008-11-01,Power & Energy,13478510399.7
2008-12-01,Power & Energy,11289969276.55
2009-01-01,Power & Energy,13975361849.9
2009-02-01,Power & Energy,12223643707.35
2009-03-01,Power & Energy,11594054460.1
2009-04-01,Power & Energy,12614417531.8
2009-05-01,Power & Energy,13377533934.5
2009-06-01,Power & Energy,12447353697.8
2009-07-01,Power & Energy,12461078462.65
2009-08-01,Power & Energy,12138956712.1
2009-09-01,Power & Energy,13753625255.45
2009-10-01,Power & Energy,16514077372.35
2009-11-01,Power & Energy,15494502066.45
2009-12-01,Power & Energy,16607612678.25
2010-01-01,Power & Energy,16505843441.5
2010-02-01,Power & Energy,17095114404.75
2010-03-01,Power & Energy,17071746878.5
2010-04-01,Power & Energy,17360053368.5
2010-05-01,Power & Energy,18499954042.75
2010-06-01,Power & Energy,20748421551.75
2010-07-01,Power & Energy,22579500821.75
2010-08-01,Power & Energy,20980249435.3
2010-09-01,Power & Energy,27698102393.1
2010-10-01,Power & Energy,24073866623.0
2010-11-01,Power & Energy,24976470903.5
2010-12-01,Power & Energy,33533411925.9
2011-01-01,Power & Energy,47552310219.0
2011-02-01,Power & Energy,46150499433.5
2011-03-01,Power & Energy,41319105163.8
2011-04-01,Power & Energy,40598553093.0
2011-05-01,Power & Energy,42967319290.8
2011-06-01,Power & Energy,41229478703.4
2011-07-01,Power & Energy,41731773934.2
2011-08-01,Power & Energy,43354207036.5
2011-09-01,Power & Energy,42195483864.0
2011-10-01,Power & Energy,39725659574.4
2011-11-01,Power & Energy,39584647480.7
2011-12-01,Power & Energy,38844725208.7
2012-01-01,Power & Energy,34350426397.8
2012-02-01,Power & Energy,33390454199.6
2012-03-01,Power & Energy,31298818890.8
2012-04-01,Power & Energy,30583904793.1
2012-05-01,Power & Energy,26065188777.8
2012-06-01,Power & Energy,26645379555.7
2012-07-01,Power & Energy,25639301943.1
2012-08-01,Power & Energy,28023749102.0
2012-09-01,Power & Energy,32169853968.6
2012-10-01,Power & Energy,30725617661.9
2012-11-01,Power & Energy,30653659344.9
2012-12-01,Power & Energy,31672941928.2
2013-01-01,Power & Energy,32732210409.4
2013-02-01,Power & Energy,30712460813.0
2013-03-01,Power & Energy,30643851118.3
2013-04-01,Power & Energy,33391600930.2
2013-05-01,Power & Energy,36643520235.3
2013-06-01,Power & Energy,33668829339.1
2013-07-01,Power & Energy,33579176521.5
2013-08-01,Power & Energy,33573449048.6
2013-09-01,Power & Energy,32864148703.5
2013-10-01,Power & Energy,35630553723.4
2013-11-01,Power & Energy,37962312726.0
2013-12-01,Power & Energy,37853381508.4
2014-01-01,Power & Energy,42569048699.5
2014-02-01,Power & Energy,41960778226.5
2014-03-01,Power & Energy,41826343779.8
2014-04-01,Power & Energy,45278099921.4
2014-05-01,Power & Energy,45362466195.0
2014-06-01,Power & Energy,41857548183.6
2014-07-01,Power & Energy,43609094711.7
2014-08-01,Power & Energy,47237121500.9
2014-09-01,Power & Energy,49198929520.8
2014-10-01,Power & Energy,54262859213.7
2014-11-01,Power & Energy,56363603471.7
2014-12-01,Power & Energy,58746844520.9
2015-01-01,Power & Energy,56359849134.9
2015-02-01,Power & Energy,51872660007.6
2015-03-01,Power & Energy,47905550176.7
2015-04-01,Power & Energy,52266651065.5
2015-05-01,Power & Energy,47548475644.6
2015-06-01,Power & Energy,46866248163.6
2015-07-01,Power & Energy,50461538954.5
2015-08-01,Power & Energy,54447680152.3
2015-09-01,Power & Energy,52785706248.2
2015-10-01,Power & Energy,54775779028.3
2015-11-01,Power & Energy,48916931779.2
2015-12-01,Power & Energy,49433005824.4
2016-01-01,Power & Energy,45146048988.8
2016-02-01,Power & Energy,43428417675.3
2016-03-01,Power & Energy,43735961160.5
2016-04-01,Power & Energy,49300469585.6
2016-05-01,Power & Energy,48069120733.4
2016-06-01,Power & Energy,44719269206.3
2016-07-01,Power & Energy,46801532452.4
2016-08-01,Power & Energy,48104032763.7
2016-09-01,Power & Energy,45652274683.3
2016-10-01,Power & Energy,44319119292.4
2016-11-01,Power & Energy,43618060493.0
2016-12-01,Power & Energy,42530661594.2
2017-01-01,Power & Energy,40370051429.9
2017-02-01,Power & Energy,39055024348.3
2017-03-01,Power & Energy,37417724594.3
2017-04-01,Power & Energy,41062817900.7
2017-05-01,Power & Energy,39306557324.9
2017-06-01,Power & Energy,39749324768.5
2017-07-01,Power & Energy,41795413461.4
2017-08-01,Power & Energy,39700001984.1
2017-09-01,Power & Energy,39126319007.2
2017-10-01,Power & Energy,38783703718.6
2017-11-01,Power & Energy,36987681679.6
2017-12-01,Power & Energy,36799624424.7
2018-01-01,Power & Energy,45791719068.9
2018-02-01,Power & Energy,46595632859.4
2018-03-01,Power & Energy,47631784678.5
2018-04-01,Power & Energy,45939474946.5
2018-05-01,Power & Energy,44991216084.4
2018-06-01,Power & Energy,42286825869.4
2018-07-01,Power & Energy,41559542599.7
2018-08-01,Power & Energy,39552407533.5
2018-09-01,Power & Energy,38125606812.6
2018-10-01,Power & Energy,38021518342.2
2018-11-01,Power & Energy,37740704115.0
2018-12-01,Power & Energy,37103340604.7
2019-01-01,Power & Energy,34311611622.3
2019-02-01,Power & Energy,33163472147.6
2019-03-01,Power & Energy,31922466324.4
2019-04-01,Power & Energy,32016888756.0
2019-05-01,Power & Energy,31227518129.8
2019-06-01,Power & Energy,31406874413.7
2019-07-01,Power & Energy,33300305751.2
2019-08-01,Power & Energy,32635360386.9
2019-09-01,Power & Energy,31570586545.8
2019-10-01,Power & Energy,35596605561.5
2019-11-01,Power & Energy,37821623623.5
2019-12-01,Power & Energy,36470011513.3
2020-01-01,Real Estate,57110945025.0
2020-02-01,Real Estate,52859161643.0
2020-03-01,Real Estate,49177381510.9
2020-05-01,Real Estate,51997331330.3
2020-06-01,Real Estate,51286741181.0
2020-07-01,Real Estate,53634248783.7
2020-08-01,Real Estate,53571359963.7
2020-09-01,Real Estate,58387302867.0
2020-10-01,Real Estate,52795905149.2
2020-11-01,Real Estate,54634188615.0
2020-12-01,Real Estate,58026471332.0
2021-01-01,Real Estate,67043008566.0
2021-02-01,Real Estate,58233822250.85
2021-03-01,Real Estate,57644646523.15
2021-04-01,Real Estate,55737602454.25
2021-05-01,Real Estate,55830168023.3
2021-06-01,Real Estate,69488344280.75
2021-07-01,Real Estate,70095780845.95
2021-08-01,Real Estate,70274815566.05
2021-09-01,Real Estate,71342203915.8
2021-10-01,Real Estate,76132563654.6
2021-11-01,Real Estate,76132563654.6
2021-12-01,Real Estate,76132563654.6
2022-01-01,Real Estate,15546270920.1
2022-02-01,Real Estate,71279149501.3
2022-03-01,Real Estate,59221033302.8
2022-04-01,Real Estate,53386916506.4
2022-05-01,Real Estate,54322002275.35
2022-06-01,Real Estate,50708668545.35
2022-07-01,Real Estate,51646951125.05
2022-08-01,Real Estate,57893012017.9
2022-09-01,Real Estate,57893012017.9
2022-10-01,Real Estate,45282913139.6
2022-11-01,Real Estate,45189963146.0
2022-12-01,Real Estate,45544339383.2
2023-01-01,Real Estate,48509292920.55
2023-02-01,Real Estate,48509292920.55
2023-03-01,Real Estate,53259517511.1
2023-04-01,Real Estate,47317055132.1
2023-05-01,Real Estate,45052647904.2
2023-06-01,Real Estate,46204454666.7
2023-07-01,Real Estate,53265817352.6
2023-08-01,Real Estate,50748768111.6
2023-09-01,Real Estate,51336569238.0
2023-10-01,Real Estate,48094436874.4
2023-11-01,Real Estate,47001275753.2
2023-12-01,Real Estate,46016509790.5
2024-01-01,Real Estate M & D,45897479504.3
2024-02-01,Real Estate M & D,47890489152.8
2024-03-01,Real Estate M & D,51271844081.8
2024-04-01,Real Estate M & D,52511932783.1
2024-05-01,Real Estate M & D,53539191816.5
2024-06-01,Real Estate M & D,53539191816.5
2024-07-01,Real Estate M & D,50070549242.6
2024-08-01,Real Estate M & D,50070549242.6
2024-09-01,Real Estate M & D,52250502320.0
2024-10-01,Real Estate M & D,53063502296.6
2024-11-01,Real Estate M & D,55128092663.6
2024-12-01,Real Estate M & D,69128062152.3
2025-01-01,Real Estate M & D,71623794967.1
2025-02-01,Real Estate M & D,69848420209.9
2025-03-01,Real Estate M & D,67292967056.7
2025-04-01,Real Estate M & D,65937025056.6
2025-05-01,Real Estate M & D,73685401369.1
2025-06-01,Real Estate M & D,83773920767.1
2025-07-01,Real Estate M & D,105103835848.8
2025-08-01,Real Estate M & D,124232546453.2
2025-09-01,Real Estate M & D,133605583722.2
2025-10-01,Real Estate M & D,144648724160.95
2025-11-01,Real Estate M & D,139208235636.0
2025-12-01,Real Estate M & D,138148349548.8
2020-01-01,Retailing,43534309266.7
2020-02-01,Retailing,40151433679.8
2020-03-01,Retailing,32334075042.6
2020-05-01,Retailing,37095512379.4
2020-06-01,Retailing,37153662265.4
2020-07-01,Retailing,39317411246.0
2020-08-01,Retailing,39759581678.7
2020-09-01,Retailing,49138655509.5
2020-10-01,Retailing,47560446691.9
2020-11-01,Retailing,55462543033.2
2020-12-01,Retailing,61496394774.7
2021-01-01,Retailing,66157548491.4
2021-02-01,Retailing,55836342763.0
2021-03-01,Retailing,53867118539.15
2021-04-01,Retailing,55742672689.8
2021-05-01,Retailing,57524809267.0
2021-06-01,Retailing,57823571197.6
2021-07-01,Retailing,61233324900.0
2021-08-01,Retailing,55847616036.2
2021-09-01,Retailing,57022536054.6
2021-10-01,Retailing,72602275025.8
2021-11-01,Retailing,72602275025.8
2021-12-01,Retailing,72602275025.8
2022-01-01,Retailing,24285208227.58
2022-02-01,Retailing,73577729751.5
2022-03-01,Retailing,51502811926.7
2022-04-01,Retailing,46872637927.0
2022-05-01,Retailing,46198397725.1
2022-06-01,Retailing,43484489123.7
2022-07-01,Retailing,44604474157.0
2022-08-01,Retailing,52890265619.4
2022-09-01,Retailing,52890265619.4
2022-10-01,Retailing,49469798149.8
2022-11-01,Retailing,47896165672.7
2022-12-01,Retailing,47771297163.6
2023-01-01,Retailing,50043545667.1
2023-02-01,Retailing,50043545667.1
2023-03-01,Retailing,4095091564.8
2023-04-01,Retailing,51282515064.1
2023-05-01,Retailing,49755144747.2
2023-06-01,Retailing,51698361353.2
2023-07-01,Retailing,58069386811.0
2023-08-01,Retailing,58728238854.3
2023-09-01,Retailing,59393667793.2
2023-10-01,Retailing,54418792695.7
2023-11-01,Retailing,50528543672.6
2023-12-01,Retailing,48433102577.6
2024-01-01,Retailing,48696676178.3
2024-02-01,Retailing,49582901784.7
2024-03-01,Retailing,54766917929.7
2024-04-01,Retailing,62071294652.1
2024-05-01,Retailing,60581386539.2
2024-06-01,Retailing,60581386539.2
2024-07-01,Retailing,58247705643.7
2024-08-01,Retailing,58247705643.7
2024-09-01,Retailing,60778234736.8
2024-10-01,Retailing,65352687668.0
2024-11-01,Retailing,73549509816.6
2024-12-01,Retailing,86208376232.5
2025-01-01,Retailing,101494797617.9
2025-02-01,Retailing,95454992405.6
2025-03-01,Retailing,95604151341.9
2025-04-01,Retailing,106288511205.8
2025-05-01,Retailing,115065232520.8
2025-06-01,Retailing,125414461280.2
2025-07-01,Retailing,164022788747.5
2025-08-01,Retailing,172954208828.5
2025-09-01,Retailing,215911029852.6
2025-10-01,Retailing,241749036291.9
2025-11-01,Retailing,231329903213.2
2025-12-01,Retailing,226357212967.2
2005-01-01,Services,1348946500.0
2005-02-01,Services,1348946500.0
2005-03-01,Services,1407815861.5
2005-04-01,Services,1377097520.0
2005-05-01,Services,1732397520.0
2005-06-01,Services,1690597520.0
2005-07-01,Services,1771444460.0
2005-08-01,Services,1776256540.0
2005-09-01,Services,2308256540.0
2005-10-01,Services,6142800647.5
2005-11-01,Services,2218919235.0
2005-12-01,Services,1749567895.5
2006-01-01,Services,2037231000.0
2006-02-01,Services,2024768590.0
2006-03-01,Services,1974143050.0
2006-04-01,Services,1930585892.0
2006-05-01,Services,1815374157.0
2006-06-01,Services,1671708468.25
2006-07-01,Services,1689643339.5
2006-08-01,Services,1690868730.0
2006-09-01,Services,1891204315.0
2006-10-01,Services,1864255335.0
2006-11-01,Services,1828279495.0
2006-12-01,Services,1716797977.75
2007-01-01,Services,1799554675.0
2007-02-01,Services,1811290925.0
2007-03-01,Services,1690748141.25
2007-04-01,Services,1790723525.0
2007-05-01,Services,1542910926.25
2007-06-01,Services,1570389505.25
2007-07-01,Services,1424588260.25
2007-08-01,Services,1488703934.0
2007-09-01,Services,5125942219.0
2007-10-01,Services,1526725828.0
2007-11-01,Services,1588284474.0
2007-12-01,Services,1994814678.75
2008-01-01,Services,1734077536.0
2008-02-01,Services,1804274303.5
2008-03-01,Services,1904426199.5
2008-04-01,Services,1836723872.75
2008-05-01,Services,1866858063.75
2008-06-01,Services,1904674232.75
2008-07-01,Services,1698411822.75
2008-08-01,Services,1820513414.5
2008-09-01,Services,1692800719.0
2008-10-01,Services,1535194896.0
2008-11-01,Services,1498896847.0
2008-12-01,Services,1378297980.0
2009-01-01,Services,1681174293.0
2009-02-01,Services,1384112684.25
2009-03-01,Services,1357995044.75
2009-04-01,Services,1476930095.0
2009-05-01,Services,1863629497.5
2009-06-01,Services,1917139927.0
2009-07-01,Services,2156217718.0
2009-08-01,Services,2167011850.5
2009-09-01,Services,2856371450.0
2009-10-01,Services,2594970152.5
2009-11-01,Services,2267209442.0
2009-12-01,Services,2825392340.75
2010-01-01,Services,3216567101.25
2010-02-01,Services,3222859583.25
2010-03-01,Services,3958049207.5
2010-04-01,Services,4294068820.0
2010-05-01,Services,4840775798.0
2010-06-01,Services,4877729923.0
2010-07-01,Services,6789971685.0
2010-08-01,Services,6583549135.0
2010-09-01,Services,8245181940.0
2010-10-01,Services,7833191340.0
2010-11-01,Services,7723913765.0
2010-12-01,Services,7722594042.5
2011-01-01,Services,7745414245.0
2011-02-01,Services,7579035870.0
2011-03-01,Services,7273324250.0
2011-04-01,Services,8271493525.0
2011-05-01,Services,9104390049.5
2011-06-01,Services,8319270975.0
2011-07-01,Services,7648734901.0
2011-08-01,Services,7642174150.0
2011-09-01,Services,8063723717.5
2011-10-01,Services,7421961088.0
2011-11-01,Services,7571528987.5
2011-12-01,Services,6849487978.5
2012-01-01,Services,6323789409.0
2012-02-01,Services,6040733950.0
2012-03-01,Services,5706258451.0
2012-04-01,Services,5739156371.5
2012-05-01,Services,5227527791.0
2012-06-01,Services,5068677690.0
2012-07-01,Services,5130509531.0
2012-08-01,Services,5372343356.2
2012-09-01,Services,8631242551.7
2012-10-01,Services,7433754218.0
2012-11-01,Services,6672236024.0
2012-12-01,Services,6968263826.2
2013-01-01,Services,6804684803.0
2013-02-01,Services,6117997060.0
2013-03-01,Services,6020155726.0
2013-04-01,Services,6392829863.5
2013-05-01,Services,7972622593.0
2013-06-01,Services,7204307145.5
2013-07-01,Services,7315334052.0
2013-08-01,Services,6606085145.3
2013-09-01,Services,6732904389.2
2013-10-01,Services,7113781134.5
2013-11-01,Services,6555092508.0
2013-12-01,Services,6465864942.0
2014-01-01,Services,6690946679.0
2014-02-01,Services,6264920563.6
2014-03-01,Services,6311769252.0
2014-04-01,Services,6643768742.0
2014-05-01,Services,6805353964.6
2014-06-01,Services,6587886425.0
2014-07-01,Services,7141418376.0
2014-08-01,Services,7917805305.0
2014-09-01,Services,7961450315.0
2014-10-01,Services,7990272237.0
2014-11-01,Services,7481109994.0
2014-12-01,Services,7753097179.9
2015-01-01,Services,7788209629.2
2015-02-01,Services,8065105804.0
2015-03-01,Services,7782247785.5
2015-04-01,Services,7835039193.0
2015-05-01,Services,7961656806.0
2015-06-01,Services,7379532310.0
2015-07-01,Services,7914563522.2
2015-08-01,Services,7828742176.4
2015-09-01,Services,7586343909.2
2015-10-01,Services,7631629273.0
2015-11-01,Services,7182597581.7
2015-12-01,Services,7057213709.7
2016-01-01,Services,6902025688.2
2016-02-01,Services,6577562725.0
2016-03-01,Services,5999842869.0
2016-04-01,Services,6889022655.0
2016-05-01,Services,6502136372.0
2016-06-01,Services,5820368115.0
2016-07-01,Services,5827032683.0
2016-08-01,Services,5729061172.0
2016-09-01,Services,5711333111.0
2016-10-01,Services,5592157355.0
2016-11-01,Services,5195159610.0
2016-12-01,Services,5222741799.0
2017-01-01,Services,5184250009.0
2017-02-01,Services,5086557298.0
2017-03-01,Services,4756635604.0
2017-04-01,Services,5571148418.5
2017-05-01,Services,5940200294.0
2017-06-01,Services,7867623175.0
2017-07-01,Services,6337892268.0
2017-08-01,Services,6186407509.5
2017-09-01,Services,6116357007.0
2017-10-01,Services,6264276708.0
2017-11-01,Services,5920779774.0
2017-12-01,Services,5839225540.0
2018-01-01,Services,6217696706.0
2018-02-01,Services,6523833865.0
2018-03-01,Services,6283156208.0
2018-04-01,Services,6168554143.0
2018-05-01,Services,6129941684.0
2018-06-01,Services,5911186319.0
2018-07-01,Services,5726314759.0
2018-08-01,Services,5499730939.0
2018-09-01,Services,5526856815.0
2018-10-01,Services,5689887155.0
2018-11-01,Services,5481652313.0
2018-12-01,Services,5581789481.0
2019-01-01,Services,5357570649.0
2019-02-01,Services,5372010337.0
2019-03-01,Services,5190849067.0
2019-04-01,Services,5040029123.0
2019-05-01,Services,5240157889.0
2019-06-01,Services,5089296465.0
2019-07-01,Services,5688706669.0
2019-08-01,Services,4935964367.0
2019-09-01,Services,4909601920.0
2019-10-01,Services,5114944489.0
2019-11-01,Services,5057963659.0
2019-12-01,Services,4959073831.0
2022-01-01,Software & Services,2725205961.67
2022-02-01,Software & Services,6142637347.2
2022-03-01,Software & Services,4980516768.0
2022-04-01,Software & Services,5450898907.2
2022-05-01,Software & Services,5478568444.8
2022-06-01,Software & Services,5312551219.2
2022-07-01,Software & Services,6087298272.0
2022-08-01,Software & Services,5948950584.0
2022-09-01,Software & Services,5948950584.0
2022-10-01,Software & Services,5395559832.0
2022-11-01,Software & Services,4703821392.0
2022-12-01,Software & Services,4703821392.0
2023-01-01,Software & Services,4565473704.0
2023-02-01,Software & Services,4565473704.0
2023-03-01,Software & Services,255432299172.0
2023-04-01,Software & Services,3818396188.8
2023-05-01,Software & Services,3458692200.0
2023-06-01,Software & Services,3348014049.6
2023-07-01,Software & Services,3735387576.0
2023-08-01,Software & Services,3375683587.2
2023-09-01,Software & Services,3403353124.8
2023-10-01,Software & Services,3292674974.4
2023-11-01,Software & Services,3348014049.6
2023-12-01,Software & Services,3181996824.0
2024-01-01,Software & Services,3181996824.0
2024-02-01,Software & Services,3015979598.4
2024-03-01,Software & Services,3043649136.0
2024-04-01,Software & Services,3126657748.8
2024-05-01,Software & Services,3624709425.6
2024-06-01,Software & Services,3624709425.6
2024-07-01,Software & Services,3137802349.0
2024-08-01,Software & Services,3137802349.0
2024-09-01,Software & Services,3137802349.0
2024-10-01,Software & Services,3337480680.3
2024-11-01,Software & Services,3280429728.5
2024-12-01,Software & Services,3480108059.8
2025-01-01,Software & Services,3508633535.7
2025-02-01,Software & Services,3280429728.5
2025-03-01,Software & Services,3194853300.8
2025-04-01,Software & Services,3337480680.3
2025-05-01,Software & Services,3337480680.3
2025-06-01,Software & Services,3308955204.4
2025-07-01,Software & Services,3537159011.6
2025-08-01,Software & Services,3451582583.9
2025-09-01,Software & Services,3423057108.0
2025-10-01,Software & Services,3423057108.0
2025-11-01,Software & Services,4991958282.5
2025-12-01,Software & Services,4991958282.5
2005-01-01,Stores & Supplies,3843568145.0
2005-02-01,Stores & Supplies,3311859150.0
2005-03-01,Stores & Supplies,3485103193.25
2005-04-01,Stores & Supplies,3492811787.0
2005-05-01,Stores & Supplies,3398330859.5
2005-06-01,Stores & Supplies,3688660756.5
2005-07-01,Stores & Supplies,4291583655.25
2005-08-01,Stores & Supplies,4849853206.25
2005-09-01,Stores & Supplies,4782117150.0
2005-10-01,Stores & Supplies,2396491685.0
2005-11-01,Stores & Supplies,6281788852.5
2005-12-01,Stores & Supplies,5581533690.0
2006-01-01,Stores & Supplies,3701596815.0
2006-02-01,Stores & Supplies,4522507222.5
2006-03-01,Stores & Supplies,5343033003.75
2006-04-01,Stores & Supplies,5339341597.5
2006-05-01,Stores & Supplies,5340830812.25
2006-06-01,Stores & Supplies,5271718543.75
2006-07-01,Stores & Supplies,5294261735.0
2006-08-01,Stores & Supplies,5296835172.5
2006-09-01,Stores & Supplies,4592232445.0
2006-10-01,Stores & Supplies,4879713021.0
2006-11-01,Stores & Supplies,4852132170.0
2006-12-01,Stores & Supplies,5274015500.0
2007-01-01,Stores & Supplies,5273809488.0
2007-02-01,Stores & Supplies,5441072613.0
2007-03-01,Stores & Supplies,4932453665.5
2007-04-01,Stores & Supplies,5068088353.0
2007-05-01,Stores & Supplies,5039418467.75
2007-06-01,Stores & Supplies,4438280945.0
2007-07-01,Stores & Supplies,3955026480.0
2007-08-01,Stores & Supplies,5068921120.0
2007-09-01,Stores & Supplies,1520108279.0
2007-10-01,Stores & Supplies,5760906346.0
2007-11-01,Stores & Supplies,5752227773.5
2007-12-01,Stores & Supplies,5497308663.5
2008-01-01,Stores & Supplies,5482798332.0
2008-02-01,Stores & Supplies,5377746843.45
2008-03-01,Stores & Supplies,5692331086.0
2008-04-01,Stores & Supplies,2745313628.2
2008-05-01,Stores & Supplies,2839616276.2
2008-06-01,Stores & Supplies,2770653345.7
2008-07-01,Stores & Supplies,3281345868.55
2008-08-01,Stores & Supplies,2595852389.05
2008-09-01,Stores & Supplies,2556309328.15
2008-10-01,Stores & Supplies,2020984662.25
2008-11-01,Stores & Supplies,1984586075.5
2008-12-01,Stores & Supplies,2226117912.85
2009-01-01,Stores & Supplies,2258523790.5
2009-02-01,Stores & Supplies,2231052900.6
2009-03-01,Stores & Supplies,2335432782.0
2009-04-01,Stores & Supplies,2178534121.25
2009-05-01,Stores & Supplies,2206298216.75
2009-06-01,Stores & Supplies,2062564466.75
2009-07-01,Stores & Supplies,2053352525.5
2009-08-01,Stores & Supplies,1996140857.75
2009-09-01,Stores & Supplies,2409839920.0
2009-10-01,Stores & Supplies,2365207513.75
2009-11-01,Stores & Supplies,2619913651.25
2009-12-01,Stores & Supplies,2963626556.25
2010-01-01,Stores & Supplies,2788989854.5
2010-02-01,Stores & Supplies,3762411515.75
2010-03-01,Stores & Supplies,4403929164.5
2010-04-01,Stores & Supplies,5102115338.25
2010-05-01,Stores & Supplies,5576959203.0
2010-06-01,Stores & Supplies,6520704025.0
2010-07-01,Stores & Supplies,6649823925.0
2010-08-01,Stores & Supplies,7760696577.5
2010-09-01,Stores & Supplies,12186566079.5
2010-10-01,Stores & Supplies,10729021381.5
2010-11-01,Stores & Supplies,12159347154.1
2010-12-01,Stores & Supplies,12464694075.0
2011-01-01,Stores & Supplies,15419783307.3
2011-02-01,Stores & Supplies,21698309513.4
2011-03-01,Stores & Supplies,18661579317.2
2011-04-01,Stores & Supplies,22515468734.9
2011-05-01,Stores & Supplies,21391740863.0
2011-06-01,Stores & Supplies,13340031907.5
2011-07-01,Stores & Supplies,11719473160.0
2011-08-01,Stores & Supplies,13198282862.3
2011-09-01,Stores & Supplies,13355787150.0
2011-10-01,Stores & Supplies,11066750692.7
2011-11-01,Stores & Supplies,9942275019.1
2011-12-01,Stores & Supplies,9231872317.5
2012-01-01,Stores & Supplies,7837584128.4
2012-02-01,Stores & Supplies,6325945937.4
2012-03-01,Stores & Supplies,6498368151.0
2012-04-01,Stores & Supplies,6084457899.0
2012-05-01,Stores & Supplies,4707113600.0
2012-06-01,Stores & Supplies,5243921717.5
2012-07-01,Stores & Supplies,5289010646.5
2012-08-01,Stores & Supplies,5578170355.0
2012-09-01,Stores & Supplies,6638820999.4
2012-10-01,Stores & Supplies,6733806642.3
2012-11-01,Stores & Supplies,5395932862.6
2012-12-01,Stores & Supplies,5630452469.6
2013-01-01,Stores & Supplies,5594463004.8
2013-02-01,Stores & Supplies,4904174167.7
2013-03-01,Stores & Supplies,5300508725.7
2013-04-01,Stores & Supplies,5338244886.7
2013-05-01,Stores & Supplies,6541523020.0
2013-06-01,Stores & Supplies,5955379932.0
2013-07-01,Stores & Supplies,5858921201.3
2013-08-01,Stores & Supplies,5322103713.4
2013-09-01,Stores & Supplies,5282781474.5
2013-10-01,Stores & Supplies,5102643603.2
2013-11-01,Stores & Supplies,4691502275.0
2013-12-01,Stores & Supplies,4682718100.0
2014-01-01,Stores & Supplies,4813747647.4
2014-02-01,Stores & Supplies,4540655375.0
2014-03-01,Stores & Supplies,4567828570.0
2014-04-01,Stores & Supplies,4724982517.1
2014-05-01,Stores & Supplies,4712063544.5
2014-06-01,Stores & Supplies,4796953603.1
2014-07-01,Stores & Supplies,5174802579.4
2014-08-01,Stores & Supplies,5473464648.2
2014-09-01,Stores & Supplies,5567867820.0
2014-10-01,Stores & Supplies,5684798905.0
2014-11-01,Stores & Supplies,5702877626.4
2014-12-01,Stores & Supplies,5787388292.5
2015-01-01,Stores & Supplies,6152568142.6
2015-02-01,Stores & Supplies,6602984175.3
2015-03-01,Stores & Supplies,5852002284.6
2015-04-01,Stores & Supplies,5966656304.2
2015-05-01,Stores & Supplies,6065423101.1
2015-06-01,Stores & Supplies,6170819167.9
2015-07-01,Stores & Supplies,6246718246.0
2015-08-01,Stores & Supplies,6438019050.0
2015-09-01,Stores & Supplies,6391554295.8
2015-10-01,Stores & Supplies,6146881280.2
2015-11-01,Stores & Supplies,6359375946.7
2015-12-01,Stores & Supplies,6337502802.7
2016-01-01,Stores & Supplies,6401644941.6
2016-02-01,Stores & Supplies,6094451237.8
2016-03-01,Stores & Supplies,6616008835.1
2016-04-01,Stores & Supplies,6672548635.6
2016-05-01,Stores & Supplies,6805943267.2
2016-06-01,Stores & Supplies,6628929446.3
2016-07-01,Stores & Supplies,6705958266.6
2016-08-01,Stores & Supplies,6749027960.4
2016-09-01,Stores & Supplies,7173780429.5
2016-10-01,Stores & Supplies,6889178949.8
2016-11-01,Stores & Supplies,6718951953.5
2016-12-01,Stores & Supplies,6748694100.0
2017-01-01,Stores & Supplies,6669451921.6
2017-02-01,Stores & Supplies,6518943175.3
2017-03-01,Stores & Supplies,6935837603.8
2017-04-01,Stores & Supplies,6909624875.2
2017-05-01,Stores & Supplies,7248003521.2
2017-06-01,Stores & Supplies,6659266416.4
2017-07-01,Stores & Supplies,6885769964.2
2017-08-01,Stores & Supplies,6842019507.6
2017-09-01,Stores & Supplies,6773281795.9
2017-10-01,Stores & Supplies,6738198312.0
2017-11-01,Stores & Supplies,6753884828.5
2017-12-01,Stores & Supplies,6821296724.5
2018-01-01,Stores & Supplies,6907717974.4
2018-02-01,Stores & Supplies,6983318082.8
2018-03-01,Stores & Supplies,6879212547.3
2018-04-01,Stores & Supplies,6976801411.0
2018-05-01,Stores & Supplies,6891514207.9
2018-06-01,Stores & Supplies,6756683604.7
2018-07-01,Stores & Supplies,7133798741.7
2018-08-01,Stores & Supplies,6948194184.5
2018-09-01,Stores & Supplies,7092149910.3
2018-10-01,Stores & Supplies,6897560761.5
2018-11-01,Stores & Supplies,7386921631.0
2018-12-01,Stores & Supplies,7030799230.0
2019-01-01,Stores & Supplies,6967410951.4
2019-02-01,Stores & Supplies,6981902355.6
2019-03-01,Stores & Supplies,6970775346.3
2019-04-01,Stores & Supplies,6714059954.1
2019-05-01,Stores & Supplies,6678961648.0
2019-06-01,Stores & Supplies,6906937309.0
2019-07-01,Stores & Supplies,6975980035.7
2019-08-01,Stores & Supplies,7020402745.0
2019-09-01,Stores & Supplies,7355927850.2
2019-10-01,Stores & Supplies,7109542940.9
2019-11-01,Stores & Supplies,6809446850.0
2019-12-01,Stores & Supplies,6466104726.0
2005-01-01,Telecommunication,29328975000.0
2005-02-01,Telecommunication,29328975000.0
2005-03-01,Telecommunication,29328975000.0
2005-04-01,Telecommunication,29780190000.0
2005-05-01,Telecommunication,35194770000.0
2005-06-01,Telecommunication,39706920000.0
2005-07-01,Telecommunication,156716236151.5
2005-08-01,Telecommunication,164165669792.75
2005-09-01,Telecommunication,190436909531.75
2005-10-01,Telecommunication,192241769531.75
2005-11-01,Telecommunication,178567323347.0
2005-12-01,Telecommunication,151936866064.5
2006-01-01,Telecommunication,174957603347.0
2006-02-01,Telecommunication,171753099618.75
2006-03-01,Telecommunication,180556178260.0
2006-04-01,Telecommunication,190758900629.5
2006-05-01,Telecommunication,189810471901.25
2006-06-01,Telecommunication,178705319531.75
2006-07-01,Telecommunication,187462399444.75
2006-08-01,Telecommunication,185565541988.25
2006-09-01,Telecommunication,198926769357.75
2006-10-01,Telecommunication,202536489357.75
2006-11-01,Telecommunication,257786258835.75
2006-12-01,Telecommunication,246275890194.5
2007-01-01,Telecommunication,260401551379.25
2007-02-01,Telecommunication,280301010107.5
2007-03-01,Telecommunication,255567410281.5
2007-04-01,Telecommunication,268477422651.0
2007-05-01,Telecommunication,262461586321.25
2007-06-01,Telecommunication,257256182517.5
2007-07-01,Telecommunication,241210664511.25
2007-08-01,Telecommunication,243917954511.25
2007-09-01,Telecommunication,247318498315.0
2007-10-01,Telecommunication,253195247517.5
2007-11-01,Telecommunication,234651615707.5
2007-12-01,Telecommunication,219728658100.0
2008-01-01,Telecommunication,205025830891.25
2008-02-01,Telecommunication,206819736688.75
2008-03-01,Telecommunication,210858763283.75
2008-04-01,Telecommunication,216251434878.75
2008-05-01,Telecommunication,198379148467.5
2008-06-01,Telecommunication,197718757271.25
2008-07-01,Telecommunication,202461991872.5
2008-08-01,Telecommunication,173738637056.25
2008-09-01,Telecommunication,140051917240.0
2008-10-01,Telecommunication,127395988835.0
2008-11-01,Telecommunication,111812640031.25
2008-12-01,Telecommunication,104813330430.0
2009-01-01,Telecommunication,109534656626.25
2009-02-01,Telecommunication,102260236344.0
2009-03-01,Telecommunication,100367324184.5
2009-04-01,Telecommunication,113144376626.25
2009-05-01,Telecommunication,120143686227.5
2009-06-01,Telecommunication,130741761626.25
2009-07-01,Telecommunication,134593520430.0
2009-08-01,Telecommunication,122179630828.75
2009-09-01,Telecommunication,133702044632.5
2009-10-01,Telecommunication,135969073835.0
2009-11-01,Telecommunication,131456923835.0
2009-12-01,Telecommunication,142065953436.25
2010-01-01,Telecommunication,130774624233.75
2010-02-01,Telecommunication,128298418835.0
2010-03-01,Telecommunication,120396679233.75
2010-04-01,Telecommunication,125822213436.25
2010-05-01,Telecommunication,131027617240.0
2010-06-01,Telecommunication,146181659448.75
2010-07-01,Telecommunication,150704763651.25
2010-08-01,Telecommunication,156608012209.5
2010-09-01,Telecommunication,185815653903.0
2010-10-01,Telecommunication,180572796541.0
2010-11-01,Telecommunication,177495771179.0
2010-12-01,Telecommunication,184534725179.0
2011-01-01,Telecommunication,193915615498.0
2011-02-01,Telecommunication,199871653498.0
2011-03-01,Telecommunication,188386693252.5
2011-04-01,Telecommunication,185851125890.5
2011-05-01,Telecommunication,184129936369.0
2011-06-01,Telecommunication,170303039804.5
2011-07-01,Telecommunication,163884832602.0
2011-08-01,Telecommunication,167498934283.0
2011-09-01,Telecommunication,155582476602.0
2011-10-01,Telecommunication,155305175080.5
2011-11-01,Telecommunication,152685937240.0
2011-12-01,Telecommunication,150154751559.0
2012-01-01,Telecommunication,142376326835.0
2012-02-01,Telecommunication,140483414675.5
2012-03-01,Telecommunication,141385844675.5
2012-04-01,Telecommunication,129905266111.0
2012-05-01,Telecommunication,113824485387.0
2012-06-01,Telecommunication,121061452111.0
2012-07-01,Telecommunication,118983672270.5
2012-08-01,Telecommunication,124310200111.0
2012-09-01,Telecommunication,153429789645.0
2012-10-01,Telecommunication,139506077559.0
2012-11-01,Telecommunication,142490669080.5
2012-12-01,Telecommunication,147909630761.5
2013-01-01,Telecommunication,152703463964.0
2013-02-01,Telecommunication,152346873645.0
2013-03-01,Telecommunication,151805415645.0
2013-04-01,Telecommunication,153077581007.0
2013-05-01,Telecommunication,154072444847.5
2013-06-01,Telecommunication,142952838283.0
2013-07-01,Telecommunication,141236030442.5
2013-08-01,Telecommunication,139153868921.0
2013-09-01,Telecommunication,139972628442.5
2013-10-01,Telecommunication,144136951485.5
2013-11-01,Telecommunication,144225003645.0
2013-12-01,Telecommunication,140073825645.0
2014-01-01,Telecommunication,140800151326.0
2014-02-01,Telecommunication,154878059326.0
2014-03-01,Telecommunication,156498051645.0
2014-04-01,Telecommunication,162731391166.5
2014-05-01,Telecommunication,167437172209.5
2014-06-01,Telecommunication,172142953252.5
2014-07-01,Telecommunication,185595732774.0
2014-08-01,Telecommunication,189755674136.0
2014-09-01,Telecommunication,187325685657.5
2014-10-01,Telecommunication,191494390381.5
2014-11-01,Telecommunication,191599969265.0
2014-12-01,Telecommunication,198374766786.5
2015-01-01,Telecommunication,187246396860.0
2015-02-01,Telecommunication,185261050860.0
2015-03-01,Telecommunication,166816425412.0
2015-04-01,Telecommunication,178662357657.5
2015-05-01,Telecommunication,178662357657.5
2015-06-01,Telecommunication,165284485252.5
2015-07-01,Telecommunication,176214842455.0
2015-08-01,Telecommunication,180286731657.5
2015-09-01,Telecommunication,176663866614.5
2015-10-01,Telecommunication,178204570136.0
2015-11-01,Telecommunication,173591222933.5
2015-12-01,Telecommunication,171966848933.5
2016-01-01,Telecommunication,155260939731.0
2016-02-01,Telecommunication,144788370050.0
2016-03-01,Telecommunication,153095107731.0
2016-04-01,Telecommunication,159152342933.5
2016-05-01,Telecommunication,163585204136.0
2016-06-01,Telecommunication,152919003412.0
2016-07-01,Telecommunication,156361382455.0
2016-08-01,Telecommunication,157629166136.0
2016-09-01,Telecommunication,164135425498.0
2016-10-01,Telecommunication,159350355657.5
2016-11-01,Telecommunication,148226367412.0
2016-12-01,Telecommunication,150484633252.5
2017-01-01,Telecommunication,152113388933.5
2017-02-01,Telecommunication,152029718455.0
2017-03-01,Telecommunication,152126533976.5
2017-04-01,Telecommunication,161436898860.0
2017-05-01,Telecommunication,158100098700.5
2017-06-01,Telecommunication,155480860860.0
2017-07-01,Telecommunication,151047999657.5
2017-08-01,Telecommunication,146804387817.0
2017-09-01,Telecommunication,150880658700.5
2017-10-01,Telecommunication,164989238467.5
2017-11-01,Telecommunication,159112489265.0
2017-12-01,Telecommunication,157307629265.0
2018-01-01,Telecommunication,161564386148.5
2018-02-01,Telecommunication,160477088467.5
2018-03-01,Telecommunication,161115361989.0
2018-04-01,Telecommunication,166177733351.0
2018-05-01,Telecommunication,164108716872.5
2018-06-01,Telecommunication,160402181351.0
2018-07-01,Telecommunication,159860723351.0
2018-08-01,Telecommunication,137612746860.0
2018-09-01,Telecommunication,133910593019.5
2018-10-01,Telecommunication,131828431498.0
2018-11-01,Telecommunication,131551129976.5
2018-12-01,Telecommunication,124485885890.5
2019-01-01,Telecommunication,122135186209.5
2019-02-01,Telecommunication,121228374528.5
2019-03-01,Telecommunication,112732387485.5
2019-04-01,Telecommunication,112182166123.5
2019-05-01,Telecommunication,117970863166.5
2019-06-01,Telecommunication,114625299645.0
2019-07-01,Telecommunication,143639310295.5
2019-08-01,Telecommunication,140474232774.0
2019-09-01,Telecommunication,138664991093.0
2019-10-01,Telecommunication,162990747424.5
2019-11-01,Telecommunication,169320902467.5
2019-12-01,Telecommunication,157743508381.5
2020-01-01,Telecommunication,156845460062.5
2020-02-01,Telecommunication,148978983179.0
2020-03-01,Telecommunication,108929036442.5
2020-05-01,Telecommunication,133426515412.0
2020-06-01,Telecommunication,146628283498.0
2020-07-01,Telecommunication,142736880295.5
2020-08-01,Telecommunication,143727362455.0
2020-09-01,Telecommunication,150535816616.0
2020-10-01,Telecommunication,143505854334.0
2020-11-01,Telecommunication,155926278349.5
2020-12-01,Telecommunication,161818042902.0
2021-01-01,Telecommunication,174196915633.5
2021-02-01,Telecommunication,166616503633.5
2021-03-01,Telecommunication,165278440365.0
2021-04-01,Telecommunication,162911346723.0
2021-05-01,Telecommunication,167792651565.0
2021-06-01,Telecommunication,160329735561.0
2021-07-01,Telecommunication,156672773058.0
2021-08-01,Telecommunication,147864085804.5
2021-09-01,Telecommunication,155346381054.0
2021-10-01,Telecommunication,159415189804.5
2021-11-01,Telecommunication,159415189804.5
2021-12-01,Telecommunication,159415189804.5
2022-01-01,Telecommunication,24828475122.33
2022-02-01,Telecommunication,181136499808.5
2022-03-01,Telecommunication,144995689050.0
2022-04-01,Telecommunication,143473063545.0
2022-05-01,Telecommunication,138811922547.0
2022-06-01,Telecommunication,123850963792.5
2022-07-01,Telecommunication,129936613545.0
2022-08-01,Telecommunication,150885004623.0
2022-09-01,Telecommunication,150885004623.0
2022-10-01,Telecommunication,177107986531.5
2022-11-01,Telecommunication,195670686684.0
2022-12-01,Telecommunication,192835422592.5
2023-01-01,Telecommunication,227178070714.5
2023-02-01,Telecommunication,227178070714.5
2023-03-01,Telecommunication,270636818100.0
2023-04-01,Telecommunication,253702901355.0
2023-05-01,Telecommunication,239241071080.5
2023-06-01,Telecommunication,257314825141.5
2023-07-01,Telecommunication,267600323355.0
2023-08-01,Telecommunication,255480403507.5
2023-09-01,Telecommunication,242951407324.5
2023-10-01,Telecommunication,256028472867.0
2023-11-01,Telecommunication,256519622745.0
2023-12-01,Telecommunication,241900256745.0
2024-01-01,Telecommunication,251466014745.0
2024-02-01,Telecommunication,254349383172.0
2024-03-01,Telecommunication,258934791568.5
2024-04-01,Telecommunication,257877029629.5
2024-05-01,Telecommunication,239064232941.2
2024-06-01,Telecommunication,239064232941.2
2024-07-01,Telecommunication,198802702447.8
2024-08-01,Telecommunication,198802702447.8
2024-09-01,Telecommunication,204503389444.2
2024-10-01,Telecommunication,221028785434.6
2024-11-01,Telecommunication,212999383937.6
2024-12-01,Telecommunication,233081689429.8
2025-01-01,Telecommunication,246085382917.2
2025-02-01,Telecommunication,241014171417.8
2025-03-01,Telecommunication,240397848414.2
2025-04-01,Telecommunication,236951010914.8
2025-05-01,Telecommunication,276552109393.8
2025-06-01,Telecommunication,286364316385.4
2025-07-01,Telecommunication,288186779884.8
2025-08-01,Telecommunication,364483597343.4
2025-09-01,Telecommunication,366085916838.0
2025-10-01,Telecommunication,390262138826.0
2025-11-01,Telecommunication,421451009827.2
2025-12-01,Telecommunication,423070932821.2
2005-01-01,Trading,6663174800.0
2005-02-01,Trading,6292995365.5
2005-03-01,Trading,6416288719.5
2005-04-01,Trading,6942806476.5
2005-05-01,Trading,6610466939.5
2005-06-01,Trading,6234414901.5
2005-07-01,Trading,6610803467.75
2005-08-01,Trading,6943968138.0
2005-09-01,Trading,7474268214.5
2005-10-01,Trading,8224217740.0
2005-11-01,Trading,7355304646.25
2005-12-01,Trading,5872512169.5
2006-01-01,Trading,7132049337.0
2006-02-01,Trading,7073204324.25
2006-03-01,Trading,7688563383.0
2006-04-01,Trading,7348899318.5
2006-05-01,Trading,6867412528.5
2006-06-01,Trading,6553667179.25
2006-07-01,Trading,7234552813.25
2006-08-01,Trading,7454267496.5
2006-09-01,Trading,8267024183.75
2006-10-01,Trading,8303106413.25
2006-11-01,Trading,8122009502.0
2006-12-01,Trading,8318710843.25
2007-01-01,Trading,8903333875.25
2007-02-01,Trading,8905534623.25
2007-03-01,Trading,8335193241.5
2007-04-01,Trading,8750245057.5
2007-05-01,Trading,7366204418.0
2007-06-01,Trading,8029712409.5
2007-07-01,Trading,7819730609.0
2007-08-01,Trading,7882365207.25
2007-09-01,Trading,8197404944.5
2007-10-01,Trading,9166604468.0
2007-11-01,Trading,9389185344.25
2007-12-01,Trading,9119089195.0
2008-01-01,Trading,8610449799.5
2008-02-01,Trading,8723002614.75
2008-03-01,Trading,8489326718.25
2008-04-01,Trading,8461719799.5
2008-05-01,Trading,8258808250.5
2008-06-01,Trading,8408730418.25
2008-07-01,Trading,8206247079.5
2008-08-01,Trading,9422401593.0
2008-09-01,Trading,8341232816.5
2008-10-01,Trading,6514019743.0
2008-11-01,Trading,5554933706.5
2008-12-01,Trading,4792455978.0
2009-01-01,Trading,5882320004.5
2009-02-01,Trading,5509726492.0
2009-03-01,Trading,5321905694.25
2009-04-01,Trading,5712462725.0
2009-05-01,Trading,7349855618.0
2009-06-01,Trading,8652439887.0
2009-07-01,Trading,11818204926.0
2009-08-01,Trading,14093228558.75
2009-09-01,Trading,16131628338.0
2009-10-01,Trading,17075249444.0
2009-11-01,Trading,16669966165.0
2009-12-01,Trading,21070259727.5
2010-01-01,Trading,32210837634.0
2010-02-01,Trading,13759351742.0
2010-03-01,Trading,13271615623.0
2010-04-01,Trading,15099076783.0
2010-05-01,Trading,15862049816.0
2010-06-01,Trading,18548663498.5
2010-07-01,Trading,22167888190.0
2010-08-01,Trading,29303918514.5
2010-09-01,Trading,35076980259.2
2010-10-01,Trading,36035248386.0
2010-11-01,Trading,34619680860.0
2010-12-01,Trading,35430801309.6
2011-01-01,Trading,37009664198.6
2011-02-01,Trading,40282834234.0
2011-03-01,Trading,40502332427.6
2011-04-01,Trading,44001963562.0
2011-05-01,Trading,53654280441.0
2011-06-01,Trading,44370810289.4
2011-07-01,Trading,43000936674.8
2011-08-01,Trading,44583655942.8
2011-09-01,Trading,46076680668.4
2011-10-01,Trading,40394958289.0
2011-11-01,Trading,40638975067.4
2011-12-01,Trading,41049552071.4
2012-01-01,Trading,36126246525.4
2012-02-01,Trading,31124158374.0
2012-03-01,Trading,29190482736.8
2012-04-01,Trading,27688377853.2
2012-05-01,Trading,23191902725.4
2012-06-01,Trading,24610931176.6
2012-07-01,Trading,26158072035.0
2012-08-01,Trading,31096274029.8
2012-09-01,Trading,32528834054.6
2012-10-01,Trading,28612921517.6
2012-11-01,Trading,26355784843.6
2012-12-01,Trading,27384429459.8
2013-01-01,Trading,27702439973.4
2013-02-01,Trading,24988835650.4
2013-03-01,Trading,25622847540.2
2013-04-01,Trading,26237827618.2
2013-05-01,Trading,26867080945.2
2013-06-01,Trading,25940908912.4
2013-07-01,Trading,24489312932.0
2013-08-01,Trading,22892717607.0
2013-09-01,Trading,23804778399.0
2013-10-01,Trading,22727598996.0
2013-11-01,Trading,20719116254.4
2013-12-01,Trading,21566745994.8
2014-01-01,Trading,22369284337.2
2014-02-01,Trading,21748237312.6
2014-03-01,Trading,22072166443.4
2014-04-01,Trading,22625913415.8
2014-05-01,Trading,22511201097.6
2014-06-01,Trading,22600400534.0
2014-07-01,Trading,24198280532.0
2014-08-01,Trading,24953891012.4
2014-09-01,Trading,26009533381.4
2014-10-01,Trading,26690367294.0
2014-11-01,Trading,26696850700.0
2014-12-01,Trading,27111797503.0
2015-01-01,Trading,26338185153.4
2015-02-01,Trading,27853074971.8
2015-03-01,Trading,25698043630.8
2015-04-01,Trading,27563644925.0
2015-05-01,Trading,30011644787.0
2015-06-01,Trading,29070116885.4
2015-07-01,Trading,29894162232.8
2015-08-01,Trading,31687858996.8
2015-09-01,Trading,29105580914.4
2015-10-01,Trading,29247526667.4
2015-11-01,Trading,28856805781.6
2015-12-01,Trading,29169755828.6
2016-01-01,Trading,26669737275.0
2016-02-01,Trading,25877616018.4
2016-03-01,Trading,24278090814.6
2016-04-01,Trading,25982997128.2
2016-05-01,Trading,25580644797.0
2016-06-01,Trading,23813291976.0
2016-07-01,Trading,25629438826.0
2016-08-01,Trading,26959012066.4
2016-09-01,Trading,27714766458.0
2016-10-01,Trading,26921286190.0
2016-11-01,Trading,25485118865.2
2016-12-01,Trading,25680212875.2
2017-01-01,Trading,25302297377.0
2017-02-01,Trading,27440636914.8
2017-03-01,Trading,26131961260.2
2017-04-01,Trading,28898907870.4
2017-05-01,Trading,29333648486.0
2017-06-01,Trading,29491097971.2
2017-07-01,Trading,27848174781.0
2017-08-01,Trading,27111005122.0
2017-09-01,Trading,27547076807.0
2017-10-01,Trading,27383573250.4
2017-11-01,Trading,26546614484.8
2017-12-01,Trading,25046168417.0
2018-01-01,Trading,23959397368.6
2018-02-01,Trading,23339121203.4
2018-03-01,Trading,23440562387.6
2018-04-01,Trading,23662932952.0
2018-05-01,Trading,21736973351.6
2018-06-01,Trading,19710488659.0
2018-07-01,Trading,26853563699.4
2018-08-01,Trading,27275285217.9
2018-09-01,Trading,24855532261.5
2018-10-01,Trading,26810746151.0
2018-11-01,Trading,26482372339.9
2018-12-01,Trading,27115311651.5
2019-01-01,Trading,25252048321.9
2019-02-01,Trading,23920466607.7
2019-03-01,Trading,22210233127.2
2019-04-01,Trading,22552333362.9
2019-05-01,Trading,20133878371.2
2019-06-01,Trading,19324030656.7
2019-07-01,Trading,25975618619.7
2019-08-01,Trading,29159717427.8
2019-09-01,Trading,26866937998.5
2019-10-01,Trading,28445194329.2
2019-11-01,Trading,31851215994.9
2019-12-01,Trading,31765680136.5
2020-01-01,Transportation,9721333000.0
2020-02-01,Transportation,7563245027.0
2020-03-01,Transportation,4044398027.0
2020-05-01,Transportation,5217347027.0
2020-06-01,Transportation,6390296027.0
2020-07-01,Transportation,7563245027.0
2020-08-01,Transportation,10302402019.0
2020-09-01,Transportation,22627185988.0
2020-10-01,Transportation,35529624988.0
2020-11-01,Transportation,53124144487.0
2020-12-01,Transportation,56923832687.0
2021-01-01,Transportation,98986653574.0
2021-02-01,Transportation,91109240277.0
2021-03-01,Transportation,87590393277.0
2021-04-01,Transportation,91481446343.0
2021-05-01,Transportation,90182574827.0
2021-06-01,Transportation,98561840700.0
2021-07-01,Transportation,131627137657.0
2021-08-01,Transportation,328930936382.0
2021-09-01,Transportation,390548868987.5
2021-10-01,Transportation,734514598967.5
2021-11-01,Transportation,734514598967.5
2021-12-01,Transportation,734514598967.5
2022-01-01,Transportation,84543808610.51
2022-02-01,Transportation,579796453667.5
2022-03-01,Transportation,407132446515.0
2022-04-01,Transportation,332220880680.0
2022-05-01,Transportation,423865841200.0
2022-06-01,Transportation,338589564250.0
2022-07-01,Transportation,343321918407.5
2022-08-01,Transportation,426531184350.0
2022-09-01,Transportation,426531184350.0
2022-10-01,Transportation,294751368985.0
2022-11-01,Transportation,378251647810.0
2022-12-01,Transportation,357238937737.5
2023-01-01,Transportation,349893325500.0
2023-02-01,Transportation,349893325500.0
2023-03-01,Transportation,43963694434.6
2023-04-01,Transportation,313548710875.0
2023-05-01,Transportation,260669923660.0
2023-06-01,Transportation,258872933010.0
2023-07-01,Transportation,293207401547.5
2023-08-01,Transportation,270583966972.5
2023-09-01,Transportation,266754635545.0
2023-10-01,Transportation,249083394407.5
2023-11-01,Transportation,254864148400.0
2023-12-01,Transportation,280770328387.5
2024-01-01,Transportation,256359714610.0
2024-02-01,Transportation,289586777175.0
2024-03-01,Transportation,294981349662.5
2024-04-01,Transportation,295117416747.5
2024-05-01,Transportation,295078416747.5
2024-06-01,Transportation,295078416747.5
2024-07-01,Transportation,295026030650.0
2024-08-01,Transportation,295026030650.0
2024-09-01,Transportation,830499427.5
2024-10-01,Transportation,17741630768.4
2024-11-01,Transportation,18772089164.7
2024-12-01,Transportation,23395592145.0
2025-01-01,Transportation,26000199557.1
2025-02-01,Transportation,25180700046.9
2025-03-01,Transportation,25189037428.8
2025-04-01,Transportation,24862767486.0
2025-05-01,Transportation,26482924842.0
2025-06-01,Transportation,26993215356.9
2025-07-01,Transportation,29295292558.5
2025-08-01,Transportation,42221177522.25
2025-09-01,Transportation,50384841884.25
2025-10-01,Transportation,52406247417.0
2025-11-01,Transportation,52246233025.5
2025-12-01,Transportation,51626177945.25
2020-01-01,Utilities,19024088508.5
2020-02-01,Utilities,18178706639.2
2020-03-01,Utilities,14380744648.1
2020-05-01,Utilities,16447240759.7
2020-06-01,Utilities,18226330093.4
2020-07-01,Utilities,19016423635.9
2020-08-01,Utilities,20137591707.9
2020-09-01,Utilities,23892996705.5
2020-10-01,Utilities,23506263671.9
2020-11-01,Utilities,25690948774.3
2020-12-01,Utilities,26480576928.5
2021-01-01,Utilities,26740917174.9
2021-02-01,Utilities,24174743829.9
2021-03-01,Utilities,24319788262.5
2021-04-01,Utilities,48515771945.7
2021-05-01,Utilities,51521611732.4
2021-06-01,Utilities,51370100439.9
2021-07-01,Utilities,52596465274.9
2021-08-01,Utilities,51329028341.9
2021-09-01,Utilities,52605310209.4
2021-10-01,Utilities,54976832272.8
2021-11-01,Utilities,54976832272.8
2021-12-01,Utilities,54976832272.8
2022-01-01,Utilities,19181884223.41
2022-02-01,Utilities,54170221400.5
2022-03-01,Utilities,47000484673.9
2022-04-01,Utilities,44075311734.3
2022-05-01,Utilities,42503588905.4
2022-06-01,Utilities,41156728330.1
2022-07-01,Utilities,44226599626.1
2022-08-01,Utilities,48170181405.5
2022-09-01,Utilities,48170181405.5
2022-10-01,Utilities,44191920469.9
2022-11-01,Utilities,42456432163.9
2022-12-01,Utilities,41366307990.4
2023-01-01,Utilities,45406209289.6
2023-02-01,Utilities,45406209289.6
2023-03-01,Utilities,49436759547.5
2023-04-01,Utilities,44049838904.7
2023-05-01,Utilities,42732413675.6
2023-06-01,Utilities,43666485018.6
2023-07-01,Utilities,46043667809.4
2023-08-01,Utilities,48327322382.6
2023-09-01,Utilities,47108861023.2
2023-10-01,Utilities,47072461073.2
2023-11-01,Utilities,47516749642.6
2023-12-01,Utilities,48447619302.5
2024-01-01,Utilities,48610309122.2
2024-02-01,Utilities,51025339281.3
2024-03-01,Utilities,49865107385.9
2024-04-01,Utilities,53550179863.2
2024-05-01,Utilities,56643513915.4
2024-06-01,Utilities,56643513915.4
2024-07-01,Utilities,56983407478.2
2024-08-01,Utilities,56983407478.2
2024-09-01,Utilities,59693965556.3
2024-10-01,Utilities,63851519415.8
2024-11-01,Utilities,64897148684.3
2024-12-01,Utilities,71233092238.2
2025-01-01,Utilities,76817797684.0
2025-02-01,Utilities,74869077401.3
2025-03-01,Utilities,73110404928.3
2025-04-01,Utilities,72666093824.1
2025-05-01,Utilities,78156501684.8
2025-06-01,Utilities,80722492352.8
2025-07-01,Utilities,86712268351.6
2025-08-01,Utilities,91667849974.9
2025-09-01,Utilities,110696402742.8
2025-10-01,Utilities,148483737482.1
2025-11-01,Utilities,135672368362.8
2025-12-01,Utilities,130641412108.0
